,0,1,2
0,Oscar Buzz,2015,
1,The Hungry Buddhists,2015,
2,Final Descent,2015,75
3,Operation Pursuit,2015,
4,Flamenco Dancer's Revenge,2015,
5,Pele 1 Real,2015,
6,Politicamente - Canal Mosaico,2015,
7,Nazi Sharks,2015,
8,Beach Tusa - Saltushki!,2015,
9,Beach Tusa - Zakaznoy,2015,
10,Pirates Airsoft Team,2015,
11,Fight for Redemption,2015,-
12,O Curto Adeus,2015,
13,Y.O.L.O (You Only Live Once),2015,
14,Tiger Sci-Fi Kung-Fu,2015,
15,Evil Hand wants revenge on me,2015,
16,Offence/Defence,2015,
17,The Chase with Lauren Gibson,2015,
18,Steaks on a Flame,2015,
19,Enderman's Revenge,2015,
20,The Killer Drown,2015,
21,Enderman Dies,2015,
22,The Guardian,2015,-
23,Engrossed,2015,
24,Corner Boyz,2015,
25,1476 - Murtenschlacht,2015,
26,Dummy,2015,70
27,The Avatar: Next Wave,2015,
28,Zombie Hazard Part 1,2015,
29,Zombie Hazard Part 2,2015,
30,Jedi Fight,2015,
31,Nirria,2015,
32,Alex Drumheller: A Day in the Life,2015,
33,Repossession,2015,83
34,A Sorry Business,2015,
35,Devil's Den,2015,23
36,The Creeper,2015,
37,The Alley,2015,-
38,Made for Bond,2015,
39,Metroid Mission,2015,
40,Action Man: Battlefield Casualties,2015,
41,First shot,2015,42
42,Soluk,2015,
43,#FuckedIIIdeath,2015,
44,Star Wars: Christmas Awakens,2015,
45,Entre Deux Feux,2015,
46,Double Extraction,2015,
47,Aston Martin: Legacy,2015,
48,Versuri Criminale,2015,
49,Metaphor,2015,
50,AWOL 1988,2015,
51,Refuge,2015,33
52,Get Ready to Die,2015,
53,Time to Kill Some Fools: Hitman,2015,
54,I Hate My Birthday!!!!,2015,
55,The Training of a Ninja,2015,
56,Fight of Phantoms,2015,-
57,After she's gone,2015,
58,Covert,2015,
59,Lego Captain America 3: Nazi Zombies,2015,
60,Dylan 3: School's Out,2015,
61,Another World/Out of This World - Fan Movie,2015,
62,Assassin Game,2015,
63,Cars Stop-Motion,2015,
64,Noblesse: The Beginning of Destruction,2015,
65,Breathe,2015,93
66,InGen Innovations,2015,
67,Swag Royale,2015,
68,Hmudi,2015,
69,Sandera,2015,
70,All Da Videos,2015,
71,Avenging Spider-Man,2015,
72,Aya's Mirage,2015,
73,What?,2015,
74,Blood,2015,59
75,2121,2015,
76,At the Center of the World,2015,
77,Gundam G no Reconguista from the Past to the Future,2015,
78,Dropin (No matarás),2015,
79,Dark Cover,2015,
80,I Am Become Death,2015,
81,Shadowboxing,2015,-
82,They Lost It,2015,
83,Such Appetite,2015,
84,Honor,2015,26
85,Altruist,2015,-
86,"Murder, Inc. - Pilot",2015,
87,Antarctic... Huh?,2015,
88,Aden,2015,
89,Valor's Dawn,2015,-
90,Compromise,2015,-
91,Unbelief,2015,
92,Moral Prerogative,2015,
93,Discredit,2015,
94,Breaking the Law,2015,
95,A Killer of Men,2015,
96,The Final Table,2015,38
97,In the Pin We Trust,2015,
98,Cowboys & Engines,2015,
99,Dog Eat Dog,2015,51
100,At the Bottom of Everything,2015,
101,Crossing Shadows,2015,
102,Kill to Live,2015,
103,The Walking Shadow of Danny O'Shea,2015,
104,Gifted,2015,73
105,Look Twice,2015,
106,Dead Inside,2015,23
107,Dark Noir,2015,
108,Vor,2015,
109,After the Infection,2015,
110,What It Takes,2015,
111,Exit Road,2015,
112,Animus,2015,-
113,Kung Fu Bum,2015,
114,West Side Swordy,2015,
115,Downsizer,2015,
116,Domino 21,2015,
117,Helio,2015,-
118,Isaac and Quincy,2015,
119,Seeing Ghosts,2015,
120,The Leap,2015,-
121,Accept Not,2015,
122,The Sisterhood,2015,
123,Shortcut,2015,57
124,American Terror,2015,-
125,Fuerza,2015,
126,Let's Do It,2015,
127,TwiceBorn,2015,-
128,Love Race,2015,
129,Chrome Steel,2015,
130,The Other Side,2015,44
131,Dog,2015,77
132,Die Alraune und das Schwert,2015,
133,A New Civilization,2015,
134,Steh Auf,2015,
135,Asylum,2015,67
136,In Trayvon's Footsteps,2015,
137,The Shift Rising,2015,
138,Ghost White,2015,
139,Boxed,2015,-
140,Black Salt,2015,29
141,Sovereign,2015,
142,"Run Baby, Run!",2015,
143,Hotwire,2015,-
144,Batman: Arkham Knight,2015,
145,Moonshine Heritage,2015,
146,Vampire-Killing Prostitute,2015,
147,Singularity,2015,44
148,Becoming Mr. Buyer,2015,
149,The Fish,2015,-
150,Kung Fury,2015,86
151,De Schoonmaakster,2015,
152,Jaya,2015,
153,The Things We Do,2015,
154,The Courier,2015,85
155,Abracadabra,2015,100
156,Happiness Under the Tree,2015,
157,Brothers Promise,2015,
158,Overpowered,2015,
159,Forcer Baby,2015,
160,Sons of Guns,2015,-
161,Kaijutsu: Super Battle for the Ultimate Fate of the World - Z-Squad Super Scientists Vs. Uroja,2015,
162,Super'mance,2015,
163,No Sunshine,2015,
164,Sangria Lift,2015,
165,"Peace, Love, Unity, Retribution",2015,
166,The Thin Brothers Visit Room 213,2015,
167,Valedeathtorian,2015,
168,Fru Winthers sidste Vilje,2015,
169,The Shipwreck,2015,
170,On the Sale of Swords,2015,
171,The Long Way Out,2015,
172,Fight the Fever,2015,
173,Runaways: Chase's Story,2015,
174,Jaya,2015,
175,Crossroads,2015,15
176,The Scuttlebutt Assassins,2015,
177,The Fly,2015,93
178,Unreliable,2015,
179,Nasalevtsi: Poor Against Rich,2015,
180,Tar and Tea,2015,
181,Cindy's New Boyfriend,2015,
182,Mockingjay: Burn,2015,
183,The Lobster Kid,2015,
184,Beat,2015,
185,Eternity,2015,80
186,Las Bestias,2015,
187,Dark Awakening: A Star Wars Fan Film,2015,
188,Statues,2015,
189,Double-O,2015,
190,Selection,2015,
191,Sabotage,2015,21
192,"Mop, Bucket and Cape",2015,
193,Monsters,2015,
194,Cold War,2015,92
195,Bloody Luck,2015,
196,Chiaroscuro,2015,
197,The Walk,2015,83
198,Rip It Up and Start Again,2015,
199,Italian Kiss,2015,
200,Cowboy Kill Club,2015,
201,Cicatrix,2015,
202,Femoid,2015,
203,A Time To,2015,
204,Ronnie BoDean,2015,
205,Hero,2015,22
206,Hólmganga,2015,
207,Blood and Steel,2015,-
208,Uncharted: Whence the Devil Came,2015,
209,Wrapped,2015,-
210,Dustin,2015,-
211,The Right Hand of God,2015,
212,Haiku 4: STILL,2015,
213,Sovereign,2015,
214,Triumphant Pie,2015,
215,L'homme qui sait,2015,
216,Lure,2015,-
217,Kajutaijuq,2015,
218,The Nigerian,2015,
219,The Motherfucker,2015,
220,Lone Hunter,2015,
221,Lapwing,2015,100
222,Social Predator,2015,
223,Do You Like to Hurt People?,2015,
224,In and Out,2015,
225,Al Emara,2015,
226,Memòria i oblit,2015,
227,One More Game,2015,
228,Alone Short,2015,
229,Corporation: Earth,2015,
230,Unofficial: Judo,2015,
231,Los Kaotikos,2015,
232,Alice,2015,
233,War Torn,2015,
234,Who Is Slim?,2015,
235,Escape,2015,
236,Pandora's Wake,2015,
237,Shadows,2015,
238,Savage,2015,-
239,Milkshake,2015,0
240,The Fall of Men,2015,
241,Cerberus,2015,21
242,The Agency,2015,-
243,Mae Day,2015,
244,Black Day,2015,-
245,Broken Mirror: A Dontae Hawkins Film,2015,
246,Madam Trigger,2015,
247,The Big Wild North,2015,
248,Five-Card Draw,2015,
249,For Jean-Pierre Melville,2015,
250,Against the Borlous Empire,2015,
251,Mad Pearse,2015,
252,A Peaceful Man,2015,
253,The Epickniss Movie,2015,
254,Relentless Scoundrels,2015,
255,Deadtona,2015,
256,Hunter St,2015,
257,One Foot in the Grave,2015,-
258,The Road to Ministry,2015,
259,Wedding Dress,2015,81
260,Axiom,2015,100
261,Hunter: Vampire Killer - The Pitch,2015,
262,Brotherly Love 2015,2015,
263,The Endlings,2015,
264,The Game,2015,77
265,Hope City,2015,
266,The Idea of Purpose,2015,
267,The Rescue,2015,96
268,Cross,2015,-
269,Signal,2015,-
270,Venusfliegenfalle,2015,
271,Dive,2015,100
272,Kar,2015,
273,Stanhope,2015,100
274,Into the Fray,2015,
275,The Spaceman,2015,-
276,F.W.W. - Feld Wald Wiese,2015,
277,Rope a Dope 2,2015,
278,The Moneymaker,2015,
279,Constellation 13 Wolves,2015,
280,The EBay Pickup,2015,
281,Frog,2015,-
282,Based on a True Story,2015,76
283,Shot,2015,56
284,Sumer,2015,
285,The Grand Chinatown Robbery,2015,
286,Duel Club,2015,
287,1994,2015,
288,Sheila Scorned,2015,
289,The Target,2015,35
290,1440 and Counting,2015,
291,Godkiller,2015,44
292,Alias In,2015,
293,Devil on the Road,2015,
294,Lehte,2015,
295,Who's Who,2015,
296,Adrenalina,2015,
297,Thalion Ltd.,2015,
298,Commonality,2015,-
299,Hamilton Chronicles,2015,
300,Green with Envy,2015,
301,Hit,2015,-
302,Tess,2015,81
303,One Bad Night,2015,-
304,"On Your Feet, Woman!",2015,
305,Swit,2015,
306,The Awakening,2015,64
307,Double Agent,2015,50
308,The Other Side,2015,44
309,Stray Dogs,2015,86
310,"Friday Night, Saturday Morning",2015,
311,Hot Date Fight,2015,
312,Askari,2015,40
313,Star Wars: The Lesser Evil,2015,
314,The Hunting,2015,-
315,Unmistaken,2015,
316,LB vs AR,2015,
317,A Fistful of Pebbles,2015,
318,Muga Shozoku,2015,
319,The Just,2015,
320,Hammurabi's Code,2015,
321,Artemis Falls,2015,
322,Grendel,2015,27
323,Wölfe,2015,-
324,Tijuana Rhapsody,2015,
325,The Red Thunder,2015,-
326,Karma,2015,-
327,A Cry for Vengeance,2015,
328,The Big Battle Theory,2015,
329,The Man in the Can,2015,
330,Code: LA,2015,
331,Hades,2015,100
332,The Resting Wicked,2015,
333,Supermart,2015,
334,Injustice,2015,-
335,Last Strike,2015,
336,Recoil,2015,27
337,Predator: Dark Ages,2015,
338,Least Among Brethren,2015,
339,Ticketed,2015,-
340,The Last Ones,2015,80
341,Satisfaction,2015,40
342,Payment,2015,
343,Rift,2015,93
344,Circus Sisters,2015,
345,This is Sinterklaas,2015,
346,Hard to Lose,2015,
347,Brothers,2015,-
348,The Mantis,2015,
349,Grass Is Greener,2015,100
350,Bone Orchard,2015,
351,End of the Road,2015,31
352,"Bye Bye, Mark",2015,
353,The Art Police,2015,
354,The Kung Fu Lesson,2015,
355,Bloodline,2015,62
356,Like a Boss,2015,22
357,Immersion,2015,100
358,Cyber Squad,2015,
359,Morgan Pickett's Charge,2015,
360,The Recipe,2015,57
361,Final Revelations,2015,
362,Race War,2015,-
363,The Next Hit: First Endeavour,2015,
364,The Hall Monitors,2015,
365,Kaizen: Prologue,2015,
366,Run Home Jack,2015,
367,Ninja Interlude,2015,
368,Master Hoa's Requiem,2015,
369,La última noche de Silverio Cruz,2015,
370,Cassandra,2015,17
371,Corrupt Cop,2015,
372,The Pit,2015,50
373,Jia,2015,-
374,Cinnamon Roll,2015,
375,Garrison 7: The Hunt,2015,
376,Flies,2015,-
377,Elevation 404,2015,
378,Misfits,2015,-
379,Seize the Night,2015,-
380,The Assassin Exit,2015,
381,Stationery,2015,
382,Arlo: The Assassin,2015,
383,Respira,2015,-
384,Straight Lines,2015,
385,Toonocalypse,2015,
386,Item 35,2015,
387,Protocol,2015,33
388,A.K.A. The Surgeon,2015,
389,The Nautilus,2015,-
390,The Scarlett Sapphire,2015,
391,The Swap,2015,42
392,Alter Ego,2015,-
393,Slumber,2015,0
394,Kill Me,2015,-
395,"Beer, Bullets and the Corner Mini Mart",2015,
396,Adn,2015,
397,The Sad Snowman,2015,
398,Strings,2015,-
399,Second Moon,2015,-
400,White Blood Cell,2015,
401,Jill and Jane Kill Hitler,2015,
402,Pyros,2015,-
403,If Only,2015,85
404,Young Hero,2015,
405,Revolver,2015,15
406,Persist,2015,
407,Suitcase City,2015,
408,Infected,2015,-
409,Dodge the Bullet,2015,
410,City Federal,2015,-
411,Miles,2015,64
412,Love Crime,2015,64
413,Eugenic,2015,
414,Kevin's Epic Adventures,2015,
415,The Runner,2015,24
416,Gunpowder Black,2015,
417,Daily Affirmation,2015,
418,Containment,2015,92
419,Z-Com: Origins,2015,
420,Without a Paddle,2015,14
421,Hardlol,2015,
422,Dark_Net,2015,
423,Final Round,2015,20
424,Pawnshop Symphony,2015,
425,The Fable of Forsaken,2015,
426,Assassinista,2015,-
427,Boot,2015,
428,Paladino,2015,
429,Men of Babylon,2015,
430,Don't Touch Me,2015,
431,Savant: Kali 47,2015,
432,The Wonderful Wish Granting Cell Phone,2015,
433,Temple,2015,30
434,This Side Up,2015,
435,Busted,2015,-
436,The Drive,2015,-
437,Thomas Hawk,2015,
438,Naméo et le Messager,2015,
439,The Final 4 Minutes and 17 Seconds of Emily Dixon,2015,
440,Wild Card: Deception,2015,
441,Jishô senshi Damêjâ,2015,
442,The Peaceful Warrior,2015,
443,Shero Transgender Superhero,2015,
444,The Mule,2015,70
445,Randori: The Beginning,2015,
446,Ruby,2015,45
447,Island,2015,-
448,My Angel,2015,80
449,Tyler's Taxi,2015,
450,Framed,2015,50
451,Naranjito,2015,
452,Combatants,2015,
453,Hyde,2015,-
454,Worst Corner Man Ever,2015,
455,Dysopticon,2015,
456,Flight,2015,77
457,The British Superman,2015,
458,The Book,2015,-
459,The Crimson Commemoration,2015,
460,L'art du geste,2015,
461,Standing8,2015,
462,The Roma Project,2015,
463,Area 69,2015,
464,Domestic Protocol,2015,
465,Robin,2015,
466,In Memoriam,2015,-
467,Notes of Tzu,2015,
468,Takanakuy,2015,
469,Heist,2015,30
470,Shadow of Darkness,2015,
471,Device 0068,2015,-
472,Suckas Fo Fellatio,2015,
473,Fanatic,2015,
474,Freedom,2015,0
475,The Iron Gauntlet,2015,
476,Touching 71,2015,-
477,Radicals,2015,
478,Two Bellmen,2015,
479,Pseudo Amour,2015,
480,Green Grass,2015,
481,Aslan,2015,
482,Flowers of the Night,2015,
483,Lessons of Fate. Dignity.,2015,
484,Alientampon,2015,
485,Toy Soldier,2015,
486,Salvaj,2015,
487,YouTupolis,2015,
488,Z.E.T.A. Force,2015,
489,Escape from the Village of Zombies,2015,
490,The Evening Her Mind Jumped Out of Her Head,2015,
491,A Day in the Life,2015,62
492,Fortress,2015,20
493,Agency,2015,
494,Best Laid Plans,2015,43
495,Beef Jerky,2015,
496,The Marauders,2015,-
497,Assassin's Creed Underworld,2015,
498,The Advanced Technological Regression of Nestor Talbot,2015,
499,She Rides Bulls,2015,
500,Home Within A Storm,2016,
501,Electric Lady,2016,
502,Chevrolet Malibu: Bundesliga,2016,
503,Jase Bond - La mort ne meurt jamais,2016,
504,The Secret,2016,-
505,Il vizio,2016,
506,The Last Mission,2016,-
507,Mão Armada - Canal Mosaico,2016,
508,Xlsinyalta : Water Splash,2016,
509,Mc Mullin PD,2016,
510,A Guy Walks Into a Bar,2016,-
511,Nikki,2016,67
512,Foreshadow,2016,-
513,Osu 2,2016,
514,Ora,2016,
515,The Worst Batman Fanfilm Ever... Period,2016,
516,Naptown Vice,2016,
517,Laissez les Bons Temps Rouler,2016,
518,Here comes the Lightning,2016,
519,The Four,2016,
520,Art of Violence,2016,
521,Stick Figures Go Nuts,2016,
522,Hunter becomes the Hunted,2016,
523,Uushimba (City-Life),2016,
524,Pandora,2016,71
525,Nenorakam,2016,
526,Nerf War: Gun Baby!,2016,
527,Xavier's School for Gifted Youngsters TV Commercial,2016,
528,Purple Shep vs. Jeffy,2016,
529,Purple Shep vs. Jeffy 2,2016,
530,Gurillaz,2016,
531,Zweitausendsechzehn-Odyssee in der Schule,2016,
532,Zweitausendsechzehn-Odyssee in der Schule,2016,
533,Zweitausendsechzehn-Odyssee in der Schule,2016,
534,Cheater Cheater,2016,
535,Top Secret Gus,2016,
536,Far Away From Hell,2016,
537,The Dragon Within,2016,
538,The Journey of the Roses,2016,
539,30 Rena Dagar,2016,
540,Stronghold,2016,20
541,Cocoon,2016,100
542,MotoMan: Ride or Die,2016,
543,Power Wheels Death Race,2016,
544,Potential Crime,2016,
545,MI6: Secret Intelligence Service,2016,
546,Mal día,2016,
547,Kojima Productions,2016,
548,Days Gone - E3 Gameplay Demo,2016,
549,What Happens in the Woods,2016,
550,Interlock,2016,
551,Ruby,2016,45
552,Code Blooded 2,2016,
553,A Team,2016,
554,The Batman,2016,85
555,The cat is a monster?,2016,
556,Goons,2016,
557,Idem,2016,
558,YouTubeKids,2016,
559,YouTubeKids 2: The Power of YouTube,2016,
560,Chain Reaction - 8 Disciplines of Flight,2016,
561,1000 Bullets to Heaven Shortz: WMMB News,2016,
562,Year 2027,2016,
563,Headquarters,2016,
564,Slugger,2016,
565,Big Sister,2016,
566,Just in Time,2016,-
567,The Fighting Dream,2016,
568,Repay,2016,
569,The Savior,2016,-
570,Dunia,2016,
571,It Begins//Part1 Fallout 4,2016,
572,Svensk Kriminalfilm,2016,
573,Bond P Batman,2016,
574,Deadly Occurrence Agents,2016,
575,The Souls We Possess,2016,
576,Breathe,2016,68
577,YouTubeKids 3: The YouTubers Are Back!,2016,
578,Killer Express,2016,
579,Crazy Daisy,2016,
580,Crazy Daisy,2016,
581,Body Blows Fan Movie,2016,
582,Peaceful Action,2016,
583,Shoulders of Greatness,2016,
584,Adversity,2016,
585,Standpoint,2016,
586,Kappa,2016,
587,Lego War: Aftermath,2016,
588,Power Rangers Grid Defense,2016,
589,Fortaleza,2016,
590,Black Out,2016,
591,The Hostage,2016,-
592,LandFilms: Genesis,2016,
593,Heroes of the Storm: Forged by Fire,2016,
594,Dead Line,2016,
595,Dream Theater,2016,-
596,Aftermath: Part 3 Secrets,2016,
597,Aftermath: Part 2 Never Get Back,2016,
598,Deyueru masutazu hamukatsu to dogiragon no karepan dai boken,2016,
599,The Open,2016,
600,Assassins Creed Sri Lanka,2016,
601,Lego Civil War,2016,
602,Poker Noir,2016,
603,Refugees in (at Banksy's Dismaland),2016,
604,Gladiadores de la Innovación,2016,
605,Leverage,2016,92
606,Caçadores Caçados,2016,
607,Caçadores Caçados - Caminho Sem Volta,2016,
608,WWII - Unseen Battles 2016,2016,
609,Caronte S.A.,2016,
610,Tumbledome,2016,
611,Black Death Games - Opening,2016,
612,Mount Vernon J Term UAS Movie,2016,
613,The Letter,2016,46
614,PQ 82: The Cherdub Agent,2016,
615,Die Gelben Teufel,2016,
616,Vici,2016,
617,Les Derniers de classe,2016,
618,Asuya,2016,
619,The Specialist,2016,10
620,Home to Roost,2016,
621,Killing Khan,2016,
622,City Boys: Backcountry Adventures,2016,
623,No Such Street,2016,
624,The Timelord,2016,
625,Escape,2016,-
626,Kung-Thology,2016,
627,The Heist,2016,
628,Cold: Choices,2016,
629,Beyond,2016,42
630,A Day in the Life of a Warrior,2016,
631,Polar Bear,2016,74
632,Mainline,2016,77
633,Gang of Hoods II,2016,
634,Light Up The Night,2016,
635,The Sparring Game,2016,
636,Ice,2016,82
637,Asphyxia,2016,-
638,Une vie tranquille,2016,
639,Red Cloud: Premonition,2016,
640,H.U.D.,2016,
641,"Las Vegas, West",2016,
642,Nine Iron,2016,
643,Granada,2016,
644,How Far,2016,-
645,"Peace, Love, Unity, Revolution",2016,
646,Mayday,2016,54
647,Rex Raven,2016,
648,Is That a Real Gun?,2016,
649,Heroic,2016,81
650,Zero Day,2016,68
651,Destroy Madrid,2016,
652,Deux En Un,2016,
653,Red Maze,2016,-
654,Hunt for Hiroshi,2016,
655,After Shock,2016,
656,Red Hood: Reborn,2016,
657,Face of the Father,2016,
658,Portunus,2016,
659,Blue Hope,2016,
660,Bust,2016,
661,Noble Claim,2016,
662,Matchbreakers,2016,
663,The Message,2016,92
664,Beast: Chronicles of Parker,2016,
665,No Honkie,2016,
666,Dsl,2016,
667,Stick to Your Gun,2016,-
668,Run,2016,81
669,Finding Huey,2016,
670,I Am Spartan,2016,
671,The Judas Run,2016,
672,Mosquito: The Bite of Passage,2016,-
673,Secrets We Keep,2016,
674,Diamond,2016,-
675,All In,2016,-
676,Kryo,2016,
677,Insomniac,2016,
678,The Heist,2016,
679,Bad Day,2016,22
680,Batman: The Shattered Cowl,2016,
681,El circo del francés,2016,
682,Uppercut,2016,-
683,God of Foot Soldiers,2016,
684,Fistful of Candy,2016,
685,The Quickening,2016,
686,Stages of Stanley,2016,
687,Vishwavijay,2016,
688,Outlawed Faith,2016,-
689,Strangers in the Night,2016,54
690,The Traveler,2016,90
691,The Lay of Lancaster,2016,
692,Operation: Central,2016,
693,Doc,2016,
694,Vegas Rights,2016,
695,Iris,2016,98
696,The Killjoys,2016,
697,Wonderful,2016,-
698,237NP,2016,
699,Jagon,2016,-
700,Blessed,2016,13
701,Dentes e Garras 2,2016,
702,Bum'n Baltimore,2016,
703,Crash Course,2016,-
704,Fallen Redemption,2016,
705,Crime Avenue,2016,
706,Freedom Fighters,2016,
707,Deadpool & Black Panther: The Gauntlet,2016,
708,Lost Dignity,2016,
709,Spiked,2016,-
710,Nightfall,2016,-
711,The Disturbance,2016,
712,Farm 1,2016,
713,Brothers,2016,-
714,Clearance,2016,
715,Marty: A Wild West Neverland,2016,-
716,Three's a Crowd,2016,-
717,Hard Reset,2016,-
718,Brix and the Bitch,2016,
719,Too Proud to Die,2016,
720,Last Dog Standing,2016,
721,Deep Wounds,2016,
722,PlayGround,2016,86
723,Sudden Strangers,2016,
724,Goblin Queen,2016,
725,Trace,2016,-
726,Ransom,2016,74
727,Deathstroke: The Judas Contract,2016,
728,Blood Debts,2016,44
729,Bike Chick,2016,
730,Man of Tomorrow,2016,
731,The Tiger & the Guru,2016,
732,Raspberry Jane,2016,
733,From Ashes to Immortality,2016,-
734,Dead Meet,2016,
735,John-Operation Phönix,2016,
736,Insein Rhythm,2016,
737,Crime,2016,-
738,Dirty Heels,2016,-
739,Democracy in the Driver's Seat,2016,
740,Battle of Wills,2016,
741,Maid of Heaven,2016,
742,Access to Work,2016,
743,Blue Underground,2016,
744,Robin: Teaser,2016,
745,Ash vs. Lobo and the DC Dead,2016,
746,Monster Slayer,2016,
747,Bloodyback,2016,
748,Fantazmer,2016,
749,Chaser,2016,
750,Exile: A Star Wars Fan Film,2016,
751,We Men Are Lions,2016,
752,Hard Drive,2016,-
753,Run the Street,2016,
754,Special Forces,2016,15
755,The Ott Project,2016,
756,Heroes of the Demolition,2016,
757,Night Terrors,2016,-
758,Raven Pharaoh: City of Assassins,2016,
759,Cold Deceit,2016,
760,Crying Wolf,2016,10
761,Punisher of Broken Oaths,2016,
762,Stranded,2016,0
763,Avengers: Battle of Ultron,2016,
764,Shadow Boxer,2016,-
765,Crowns,2016,
766,Escape,2016,-
767,Clover,2016,28
768,In Pursuit,2016,-
769,A Critical Action,2016,
770,Endgames,2016,
771,Joke's on You,2016,
772,Jolly Boy Friday,2016,-
773,The Pride Part II,2016,
774,Insane,2016,33
775,The Recovery,2016,
776,Baraka,2016,81
777,Moonshot,2016,62
778,Mørmøns,2016,
779,Brother of Abraham,2016,
780,Four for Four: The Kyle Dake Story,2016,
781,Bridge,2016,-
782,Fighting Shadows,2016,-
783,Rocket,2016,-
784,The Demon in the Dark,2016,
785,The Darkness,2016,3
786,Smoke Tribes,2016,
787,Locked N Loaded Vengeance,2016,
788,The Parallel Project,2016,
789,Star Wars: Battle of Rocket City,2016,
790,Still Moon,2016,
791,Debt Comes Due,2016,
792,Kill Shot,2016,12
793,Almost Home,2016,54
794,Hunter 1,2016,
795,The Gate,2016,45
796,Red Sweat,2016,
797,Kenda,2016,
798,Forge,2016,-
799,White Collar,2016,96
800,No Sunday West of Newton,2016,-
801,Zero Percent,2016,
802,Headlights,2016,
803,West 32nd Street,2016,
804,Resurgent,2016,
805,Headshots,2016,
806,Give Me the Gun,2016,
807,Game of Chance,2016,
808,Slasher Bashers,2016,
809,His Town,2016,
810,Mr. Razi,2016,
811,Mountain Man,2016,
812,Cartel: Brothers,2016,
813,Legacy of the Wicked,2016,
814,Hooked,2016,20
815,Nature Photographs,2016,
816,John the Carpenter,2016,
817,Machinehouse Armageddon,2016,
818,Army of God,2016,
819,Miss Nobody,2016,35
820,Beyond the Water's Edge,2016,
821,Hottamaru biyori,2016,
822,My Quiet Hero,2016,
823,Shiny,2016,
824,Iron Spyder,2016,
825,Silent Soldier,2016,
826,Carcass,2016,
827,Run: Part 1,2016,
828,Cold Blood,2016,0
829,Ho'omau,2016,
830,Hardball,2016,41
831,The Great Adventure of Manel and the Magic Toothpicks,2016,
832,Keep Going,2016,-
833,The Destined King,2016,
834,Hysteria,2016,44
835,A Real Buzz,2016,
836,The Heist 3: Part 1,2016,
837,The Hand,2016,29
838,Debt,2016,
839,H.P. Lovecraft's the Beast in the Cave,2016,
840,Blood Night Blood Bath,2016,
841,Two Bellmen Two,2016,
842,Ryker,2016,
843,Duel,2016,
844,Halloween 3,2016,
845,So Far,2016,
846,G.A.M.E.R: An Heroic Attempt,2016,
847,The Benefits,2016,
848,One Minute Past Midnight,2016,
849,The Ripper of Nightmare Swamp,2016,
850,Vengeance: A Phoenix Tail,2016,
851,Rage,2016,87
852,Hard Corps,2016,
853,The King,2016,71
854,The Jock & the Chav,2016,
855,The Escape Plan,2016,
856,The Third Bandit,2016,
857,Right Hand,2016,
858,Tot de dood ons scheidt,2016,
859,Les mecs n'ont pas de chance,2016,
860,Guardian Angel,2016,60
861,Initiation of Street Rat BJ,2016,
862,City of Dreams,2016,100
863,The Border,2016,65
864,Searching for Meemaws Kindle 3: Revalations,2016,
865,Strikers,2016,
866,Garcia,2016,
867,A Contramano,2016,
868,Retribution,2016,29
869,Identity Crisis,2016,-
870,T. Mabry Carlton Jr. Memorial Reserve,2016,
871,Superman Meets Batman,2016,
872,Service,2016,
873,Dead Flowers,2016,-
874,Crimson Blade,2016,-
875,Blackwell Summers Mysteries,2016,
876,Consequences,2016,76
877,Stage One,2016,
878,Organic Man,2016,
879,Cast Away,2016,89
880,Anywhere But Here,2016,63
881,The Intrusion,2016,
882,Flesh and Blood,2016,90
883,O: The Organization,2016,
884,A Vardy,2016,
885,Oblitus: Rise of the Forgotten,2016,
886,Dead Unanimity,2016,
887,Hammer,2016,80
888,The Run,2016,100
889,Gjemsel,2016,
890,The Serial Criminal,2016,
891,Gangster Dizzy: The Beggining,2016,
892,Fighting Reality,2016,
893,Fear Binds,2016,
894,Quarter-Twenty,2016,
895,Vendetta,2016,35
896,Run,2016,81
897,Pretzel Brothers,2016,
898,Disappearance,2016,64
899,Blood Path,2016,
900,From Here on Out,2016,
901,Spiknutí: Conspiracy,2016,
902,Subterfuge,2016,-
903,Carnival of Crime,2016,-
904,The Selected,2016,
905,Umbrageous,2016,
906,L.A. Noche,2016,
907,Nicolas Stromback: Still Only Human,2016,
908,The Norwalk Witness,2016,
909,Motylyok,2016,
910,Retribution,2016,29
911,Influence,2016,78
912,Reaction Time,2016,
913,Blood Prose,2016,
914,Winter's Spirit,2016,
915,Rat Trap,2016,
916,Masamune no Kimi (The Endless Whispers Cycle),2016,
917,BAHER Her Mind,2016,
918,Fabrication,2016,
919,She Knows,2016,
920,Stepan's Game,2016,
921,Combust!,2016,
922,Rico,2016,-
923,Shadow,2016,94
924,Project Double,2016,
925,Acid Rain: The Prologue,2016,
926,Toy Wars 3,2016,
927,Ricochet,2016,74
928,Indigo: A New Dawn,2016,
929,Might,2016,
930,The Runner,2016,24
931,The Mountain,2016,64
932,Crono,2016,
933,Only a Game,2016,
934,This Is Not a Song of Hope,2016,
935,"Sicario: Blunt, Brolin & Benicio - Portraying the Characters of Sicario",2016,
936,Swing,2016,83
937,Cleaners,2016,
938,Two Wrongs,2016,22
939,City of Hearts,2016,
940,What Remains,2016,50
941,Every Action,2016,
942,O Caminho Da Luz,2016,
943,#filmforever,2016,
944,The Division: Agent Origins,2016,
945,Runaways,2016,
946,Run3,2016,
947,Rough Hands,2016,
948,Relapse,2016,-
949,Tommy,2016,71
950,Hat's a Plenty!,2016,
951,Once Upon a Time in Odessa,2016,-
952,All Your Base: Last of Last,2016,
953,The Magic of Friendship,2016,
954,The Me,2016,
955,Lost in Mozart,2016,
956,The 'N' Word,2016,
957,Team Sweden: America Police,2016,
958,The Shadow Boxer,2016,-
959,Mind Over Matter,2016,-
960,Typewriter,2016,67
961,The Coyote Hole,2016,
962,The Escape,2016,76
963,Acheron,2016,
964,Volver a nacer,2016,
965,Eye of the Empress: Playing Pool,2016,
966,Alpha,2016,80
967,Redemption,2016,47
968,Cargo,2016,87
969,Goodboy,2016,
970,We'll Get It,2016,
971,Ice Cold,2016,
972,Object Code,2016,
973,One Punch Man - Wanpanman: The Pupil Who Is an Extremely Poor Talker,2016,
974,I am the End,2016,
975,In Case of Confidence,2016,
976,The Good Survivor,2016,
977,Repolho,2016,
978,The Sounds of Summer Sins,2016,
979,Caleb Vs. Trialagor,2016,
980,Old Habits,2016,
981,Metal Gear Balloon Ride,2016,
982,35 minutes after,2016,
983,5 Miles South,2016,
984,The Beatdown,2016,
985,Harper Finch,2016,
986,Carlo,2016,-
987,Jem: Only the Beginning,2016,
988,Bare Knuckle,2016,40
989,The Gangsters,2016,
990,Cybershock 1999,2016,
991,The Showdown,2016,-
992,Duffrains,2016,
993,Fight,2016,-
994,False Accusations,2016,
995,Unsecured Location,2016,
996,The Hunt,2016,57
997,Silent Jones,2016,
998,Amateurs,2016,-
999,5 O'clock Short Film,2016,
1000,Red Wrath,2017,
1001,Spider-Man Fan Film - Film Form Studios,2017,
1002,The Case,2017,-
1003,Mirror Mirror,2017,49
1004,Winner,2017,58
1005,A World Without Flame,2017,
1006,Instagore,2017,
1007,DOJO,2017,
1008,GG,2017,
1009,Red Hood Uprising,2017,
1010,Layerr Absolute (TV Commercial),2017,
1011,Civil War,2017,-
1012,Civil War 2: Resurrection,2017,
1013,The Abbey,2017,
1014,Job Chasing,2017,
1015,The Floor Whisper,2017,
1016,Metal Gear Solid: A New Divide,2017,
1017,Hledaci Ztracené Historie: Vzkaz Mrtvého Muze,2017,
1018,The Bust,2017,
1019,Scarcity,2017,
1020,Stuck in the Internet,2017,
1021,Final Door,2017,
1022,Dadayama,2017,
1023,Pit,2017,
1024,Toni Air,2017,-
1025,Coming Home,2017,38
1026,Loose Ends,2017,-
1027,The Attack of Kavocko,2017,
1028,Destiny: A Power Rangers Fan Film,2017,
1029,"Easy, Killer.",2017,
1030,The silentkiller,2017,
1031,The Meaning of War,2017,
1032,Dìyù,2017,
1033,Rebel with a Cause Aka Warrior,2017,
1034,The Contract,2017,0
1035,Reebok: Fantasy,2017,
1036,Six O'clock,2017,
1037,The Stop,2017,
1038,Continuance: Part One,2017,
1039,Jurassic World: Fallen Kingdom - The Trailer Rescue,2017,
1040,Mohingar Tapwe!!,2017,
1041,Posse S,2017,
1042,Purple Shep vs. Jeffy 3,2017,
1043,Water,2017,
1044,Insane,2017,33
1045,Asura,2017,62
1046,Army of One,2017,25
1047,Tráfico de Urso,2017,
1048,Mean Girls vs Mad Max Nyx Face Awards,2017,
1049,Lego Batman's The Stunt,2017,
1050,The Wheelman,2017,
1051,Coming Home,2017,38
1052,Red Rose of Texas,2017,
1053,Bouncer,2017,-
1054,Familia,2017,73
1055,Knowledge is Power,2017,
1056,Ponto de Fuga,2017,
1057,Have Some Sleep,2017,
1058,War of 3,2017,
1059,Benny the Bruiser,2017,
1060,CraveTech,2017,
1061,Compact,2017,
1062,Leave No Man Behind,2017,
1063,Dog Wick,2017,
1064,Bullseye (Fan Film),2017,
1065,Infido,2017,
1066,La triche à l'envers,2017,
1067,Turf,2017,14
1068,The Package,2017,42
1069,Bring My Son to Glory,2017,
1070,Triangle,2017,79
1071,Insel Der Verdammten,2017,
1072,The Chase,2017,80
1073,Bad & Rou,2017,
1074,Stealth,2017,13
1075,The Last Ranger (Fan Film),2017,
1076,First Date,2017,53
1077,Reunion,2017,92
1078,Brate Si Piept,2017,
1079,Superior,2017,66
1080,Yelk,2017,
1081,The Decision,2017,-
1082,Overtime,2017,53
1083,Augury,2017,
1084,Happiness,2017,-
1085,Black Out,2017,
1086,Mezarci,2017,-
1087,DOA2,2017,
1088,Aaron rennt,2017,
1089,Game of Death,2017,58
1090,The Bullet,2017,-
1091,Take Over,2017,
1092,Shoot First,2017,-
1093,Kings of the Bronx,2017,
1094,Des Sirènes et des guns,2017,
1095,Arbitrio,2017,
1096,Lego War: Battle of Mo-Wol,2017,
1097,Drone,2017,27
1098,The Cat Hunter Rises,2017,
1099,Domestic Servitude: Can You See Me?,2017,
1100,Runaway Children of America - CAN YOU SEE ME?,2017,
1101,GMC Professional Grade,2017,
1102,GMC Professional Grade Acadia,2017,
1103,Arsenal Firearms Academy,2017,
1104,m e m o r y - m a c h i n e,2017,
1105,Pa-Pa,2017,
1106,Ultimatum,2017,-
1107,Rumblera Raidress,2017,
1108,Level III,2017,
1109,The Trials,2017,
1110,Limbo Killzone,2017,
1111,WOLV - Was kostet ein Leben,2017,
1112,The Robbery,2017,-
1113,Ghatakan,2017,
1114,The Natatorium of the Mind,2017,
1115,Jimmy Kimmel's the Terrific Ten,2017,
1116,Transportress,2017,
1117,Tiny Guns,2017,
1118,Latino Hunger Games,2017,
1119,Think Different,2017,
1120,Infected,2017,9
1121,Sandbox,2017,
1122,Seriously Bogue,2017,
1123,Minun Kehäni,2017,
1124,Phantom Doctrine: Safe House,2017,
1125,Hunting for Yoda,2017,
1126,Hui Ying,2017,
1127,Dream Root,2017,
1128,CAPA Ghostbusters: A Ghostbusters Fan Film,2017,
1129,Check My Numbers x Dexcom,2017,
1130,Dispatched,2017,-
1131,El Paciente,2017,
1132,Aura,2017,8
1133,Robbery Intermission,2017,
1134,The 7 Days Mission,2017,
1135,Wanted,2017,33
1136,Agent 241,2017,
1137,The Bad Spy,2017,
1138,The Bad Spy 2: Rise of Darkness,2017,
1139,Rinjago: Origins,2017,
1140,Rinjago,2017,
1141,The Double Cross,2017,
1142,The Forever Tree,2017,
1143,Last Game,2017,-
1144,Scapegoat,2017,
1145,The Reaver,2017,
1146,Intrepid,2017,-
1147,Diamonds,2017,26
1148,Powerless,2017,61
1149,Framed,2017,50
1150,Exodus 21:24,2017,
1151,ExtermiNoir,2017,
1152,Regardless of the Heat,2017,
1153,Four Floors,2017,
1154,Alice vs. the Devil,2017,
1155,Devil Dogs,2017,-
1156,Turning the Hands of Time,2017,-
1157,Beyond the Bridge,2017,-
1158,A Room in Cairo,2017,
1159,On Time,2017,-
1160,Highway of Hell,2017,
1161,Doherty,2017,
1162,En Taupe,2017,
1163,The Boogeys,2017,-
1164,Kepler,2017,
1165,Tribal Black Ops,2017,
1166,Past and Future Kings,2017,
1167,Painless,2017,57
1168,Hardland,2017,
1169,Incendio,2017,
1170,Manifesto,2017,75
1171,Green Arrow: The Hunter,2017,
1172,Beyond the Wave,2017,
1173,Spoonful,2017,
1174,The Exchange,2017,65
1175,Little Big Men,2017,
1176,Max Payne: Retribution,2017,
1177,Busy Day,2017,
1178,One Last Drag,2017,
1179,Stretchy,2017,
1180,Private Parks,2017,
1181,Captain Watford 2,2017,
1182,Pax Masculina,2017,
1183,Battle Creek Hackney,2017,
1184,Imperial,2017,
1185,Circunstancial,2017,
1186,A Fathers Love,2017,
1187,What's the Good of Being Good?,2017,
1188,Pseudo Man,2017,
1189,Last Dance,2017,-
1190,"The Date: A Tale of Love, Horror and Revenge",2017,
1191,Swift Kill,2017,
1192,Redeeming,2017,
1193,La vengeance de Mc Guffin,2017,
1194,Making A Killing,2017,-
1195,High Ready,2017,
1196,Hard Way: The Action Musical,2017,-
1197,Left Behind,2017,
1198,The Last Well,2017,
1199,Aeolian Piano,2017,
1200,Stand Up,2017,
1201,A Simple Job,2017,
1202,Seth,2017,-
1203,Gunwalkers,2017,-
1204,Ibchen Hallas,2017,
1205,The Lord Inquisitor: Seed of Ambition,2017,
1206,One Eye Open,2017,
1207,Five Minute Rush,2017,-
1208,Black Rock or Bust,2017,
1209,Blood and Sugar,2017,-
1210,Greenback$,2017,
1211,Autonomous,2017,-
1212,The Suitcase,2017,-
1213,Noe som skjedde på jobben,2017,
1214,The Inconceivable Kairos,2017,
1215,A Soldier's Last Thoughts,2017,
1216,Hound House,2017,
1217,One Way Out,2017,18
1218,City Hunter 2015: Paris Rescue,2017,
1219,The Overcast,2017,
1220,Hitmen,2017,76
1221,The Failure,2017,
1222,Letter to my Brother,2017,
1223,Athena,2017,86
1224,Behave the Heaven,2017,
1225,Hunted,2017,56
1226,Dead Reckoning,2017,
1227,Mayor Grom,2017,
1228,Test Drive,2017,-
1229,The 12th,2017,
1230,Urban Sniper 2: Black Game,2017,
1231,Polterheist,2017,
1232,Fight to Live,2017,-
1233,Skint,2017,
1234,Twisted,2017,99
1235,Live to Fight Another Day,2017,
1236,Waterproof,2017,60
1237,Hidden,2017,80
1238,Soldat de plomb,2017,
1239,K.H.S. Ultimate,2017,
1240,Helen,2017,44
1241,Queen of Spades,2017,47
1242,The Renewing,2017,
1243,Methane Momma,2017,
1244,Pond,2017,
1245,Crossing Fences,2017,
1246,Toy for Tone,2017,
1247,The Splinter Cell: Part 2,2017,
1248,Escape from City-17 Part 3,2017,
1249,Onika,2017,
1250,Little Racer,2017,
1251,Tergiversation,2017,
1252,Fatal Rhapsody,2017,
1253,Saint Seiya: New Confessions,2017,
1254,Dynamite,2017,98
1255,Pervyy,2017,
1256,Dicky Sledgehammer: The Case of Sunday Stone,2017,
1257,The Last Mission,2017,-
1258,How Far She Went,2017,
1259,I See You,2017,76
1260,Michigan Lockdown,2017,
1261,"Love, Daggers & Bullets",2017,
1262,Blood Brothers,2017,-
1263,The Adventures of Lucy,2017,
1264,Within the Lake,2017,
1265,It's Just a Gun,2017,
1266,Red,2017,72
1267,4 Hours,2017,
1268,Tiers of the Tropics,2017,
1269,Extraction (Virtual Reality),2017,
1270,The Hunt,2017,57
1271,In the Dark Dark Woods...,2017,
1272,Greed,2017,50
1273,Petting Scorpions,2017,
1274,Welcome,2017,-
1275,Project Child: Initiations,2017,
1276,The Winter Soldier: Year One,2017,
1277,Don't Mess with Julie Whitfield,2017,
1278,God hates Finland,2017,
1279,Tag,2017,56
1280,Sede,2017,
1281,Il legionario,2017,
1282,Extraction,2017,67
1283,F3: Kelly Vs. Sarah,2017,
1284,The Drop In,2017,
1285,Severity,2017,-
1286,Cerus,2017,
1287,The After Life of Leaders: TALL,2017,
1288,Father/Son,2017,
1289,The Eliminadora,2017,
1290,Max Vice,2017,
1291,The Wall,2017,65
1292,Punjab,2017,
1293,Zambo Dende: Predictable night,2017,
1294,Kingdom,2017,94
1295,Guns in the Land,2017,
1296,Tales from Shaolin Pt One Shakey Dog,2017,
1297,Zen,2017,95
1298,Mantra,2017,40
1299,Do No Harm,2017,-
1300,Reconquista,2017,
1301,MacCumhaill,2017,
1302,Construction Corral,2017,
1303,2 Yahoos and a Bottle of rum,2017,-
1304,Psych Out,2017,
1305,Scanners,2017,68
1306,Runner,2017,-
1307,Ms Valenti,2017,
1308,S.O.L.I.S.,2017,
1309,The Beggar: A Freak Story,2017,
1310,Mental Case 3,2017,
1311,Beyler: Civil War,2017,
1312,Blood Brothers,2017,-
1313,Have a Heart,2017,-
1314,Endgame,2017,
1315,Rogue Legacy,2017,
1316,Gatekeeper,2017,
1317,A Running Start,2017,
1318,The Last Hundred Feet,2017,
1319,Promised Land,2017,53
1320,The Girl from Dinosaur Island,2017,
1321,Perceptions,2017,-
1322,Blood Ride,2017,
1323,Creatures of the Night,2017,
1324,"Same Fruit, Different Tree",2017,
1325,Vain: This Party Sucks,2017,
1326,Golden Age,2017,-
1327,Saren,2017,
1328,Miriam,2017,14
1329,The Last Tango,2017,
1330,Spec 9,2017,
1331,Kulak,2017,
1332,Protectress,2017,
1333,Game,2017,-
1334,Darkness Is Coming,2017,
1335,Fear Me Yet 2,2017,
1336,The Evidence,2017,45
1337,Liquidation,2017,
1338,Smash House,2017,
1339,Witch Road,2017,-
1340,The Go Cart,2017,-
1341,Padlock Men,2017,
1342,Flutter Green: The Final Chapter. Part 1: Beginning of the End,2017,
1343,Sasha,2017,44
1344,From Hasakah with Love,2017,
1345,The News Today,2017,
1346,#prayfor______.,2017,
1347,Ascent,2017,83
1348,Siren,2017,0
1349,Midwife,2017,-
1350,Fearless,2017,73
1351,Change,2017,
1352,Protector,2017,
1353,Dougherty Row,2017,
1354,Sam the Movie: The Movie,2017,
1355,Enemy Within,2017,60
1356,The Courier,2017,85
1357,Five Dollars,2017,
1358,23-61,2017,
1359,Mr. Richardson,2017,
1360,Adventures of Old Man,2017,
1361,Till Morning Breaks,2017,
1362,A Dark Alley,2017,
1363,Mitch Rapp: Off Book,2017,
1364,The Henchman,2017,
1365,Triumphant,2017,
1366,Prerequisite,2017,
1367,False Flag,2017,-
1368,Signals,2017,
1369,Lucid,2017,33
1370,Seasons //Fall (featuring Nikki Kimball),2017,
1371,The Protocol,2017,
1372,Break Room,2017,
1373,Duo,2017,-
1374,Super,2017,
1375,Eden Grey,2017,
1376,The Wraith,2017,
1377,The Controller,2017,33
1378,Hope in a Box,2017,
1379,Rupee Run,2017,
1380,Homicide Crew,2017,
1381,Final Four,2017,
1382,The Bookworm,2017,-
1383,Skripka,2017,
1384,Spoiler Alert,2017,86
1385,Before You Woke,2017,
1386,Black Dahlia,2017,10
1387,Cain & Abel,2017,
1388,"Freedom, U.S.A.",2017,
1389,Fremont,2017,97
1390,Roll Out,2017,
1391,Chocolate,2017,71
1392,Consequences,2017,76
1393,Lenity,2017,
1394,Brad Lee,2017,
1395,Seven-Day Swindle,2017,
1396,Corrida,2017,
1397,The Sleepwalker,2017,43
1398,The Samaritan,2017,26
1399,Mulholland Overlook,2017,
1400,The Bail Out,2017,
1401,Shut Up and Run,2017,-
1402,State of Ward,2017,
1403,Yoshii,2017,
1404,2 Bullets,2017,
1405,A Soldier's Prayer,2017,97
1406,Dead Phone,2017,
1407,Vaccine AG19,2017,
1408,The Pharaoh's Eye,2017,
1409,S2K4 Soles to Kill For,2017,
1410,Aa Gun Thaam,2017,
1411,Blow,2017,55
1412,The Gangsters,2017,
1413,The Revenge of Dean,2017,
1414,Deliverance,2017,89
1415,Puta Libre,2017,
1416,Late Justice,2017,
1417,Bad Sheriff,2017,
1418,You Wanted to Be a Poem,2017,
1419,Vase uloge molim,2017,
1420,KirbyKip: The Story of Pablo,2017,
1421,Downtown: The Aftermath,2017,
1422,Matthew Kline Kader Documentary,2017,
1423,Star Wars: An Idiot's Array,2017,
1424,The Bunny and the Hacker,2017,
1425,Bullock the Bruiser,2017,
1426,"Hands Up, Don't Shoot",2017,-
1427,Dolls: Zero,2017,
1428,Dead End,2017,78
1429,Cahaya Terakhir,2017,
1430,Diamond Dayze,2017,-
1431,The Good Fight,2017,95
1432,Loose Ends,2017,-
1433,"Reconveyance: Scene 49, What Child Is This",2017,
1434,Night Call,2017,
1435,Colima,2017,
1436,Project Smoke,2017,
1437,Revenge of the Tree,2017,
1438,Jack Stone: For Queen and Country,2017,
1439,Terrorbyte: Worldstar,2017,
1440,R.A.G.E: Down Came the Rain,2017,
1441,Hic,2017,
1442,Entre Amigas,2017,
1443,Je suis takatakatac,2017,
1444,Fuite sous les châtaigners,2017,
1445,The Mayors Daughter,2017,
1446,"Tengu, Birdmen of the Mountains",2017,
1447,Pokemon GO: Players,2017,
1448,The Robbery,2017,-
1449,Fake Heroes,2017,
1450,The Legend of Korra: A New Beginning,2017,
1451,The Verge,2017,-
1452,Poker Night,2017,50
1453,Time Battle,2017,
1454,Rue,2017,
1455,Ngoma,2017,
1456,Reclamation,2017,-
1457,Brothers,2017,-
1458,Assassin's Creed: Dissent,2017,
1459,Gun Voyage,2017,
1460,Dare and Truth,2017,
1461,The Motorcycle Boy Reigns,2017,
1462,Time Runner,2017,6
1463,Je suis un macguffin,2017,
1464,I Am Not the Devil,2017,
1465,500 Feet,2017,
1466,Goodbye Blue Sky,2017,
1467,Demon,2017,-
1468,I'm Bored,2017,
1469,The Tree,2017,72
1470,The Land of Mad Men,2017,
1471,Cowboys on wheels,2017,
1472,The Meet,2017,
1473,2031,2017,
1474,Dawn,2017,-
1475,Payday,2017,56
1476,Tom,2017,-
1477,No Caller ID,2017,
1478,Horror House (Parody),2017,
1479,Age of the Warrior,2017,
1480,Oasis,2017,75
1481,Cereal Killer,2017,
1482,Try Hard,2017,
1483,Greenlight,2017,75
1484,The Bag,2017,
1485,The Guns of Wachoiye,2017,
1486,Scope,2017,-
1487,Bleached,2017,
1488,Climate Control,2017,
1489,Dead West,2017,25
1490,SCUM,2017,89
1491,Salami Street,2017,
1492,Ruanita,2017,
1493,Triangle Mansion: The Teaser,2017,
1494,EVAC,2017,
1495,Tracking,2017,-
1496,Time to Fight,2017,
1497,Aty qendron droja,2017,
1498,Attraction of the Earth,2017,
1499,The Assignment,2017,33
1500,Crossing: 2036,2018,
1501,Runner,2018,-
1502,Tasty,2018,
1503,The Little Guy Omega 4K,2018,
1504,Journey of Three Worlds,2018,
1505,Two-Sixteen,2018,
1506,God of War,2018,82
1507,Troubleshoot,2018,
1508,Whirlpool,2018,-
1509,The Glitch Effect,2018,
1510,Manovra 78,2018,
1511,Gotham Knights: Fighters,2018,
1512,Gotham Knights: All That's Left,2018,
1513,Draugurinn - A Ghostbusters fan film,2018,
1514,Eat Up!,2018,
1515,Deathstroke vs. Rai,2018,
1516,Clark Zhu's Moving Pictures 2018: Movie Trailer Mashup,2018,
1517,Take That Back,2018,
1518,Unite,2018,
1519,Out of Frame/Hors Champ,2018,
1520,Nike Vapourfly - Bungee,2018,
1521,Não Pare,2018,
1522,Manja: Kite Thread,2018,
1523,Coins,2018,
1524,Operation Kingpin,2018,
1525,Unlocked,2018,67
1526,Blood Money,2018,50
1527,The Sentinel,2018,35
1528,(3)4th Street Hunter,2018,
1529,The White Bandit,2018,
1530,Amazon,2018,-
1531,Arco,2018,
1532,Don't Be So Trashy!,2018,
1533,Operation Generic: Reloaded,2018,
1534,Raw Paper,2018,
1535,Super Smash Bros Stunt Tribute,2018,
1536,The App,2018,4
1537,Save Yourself,2018,-
1538,Secret Asian Man: Annihilation,2018,
1539,Camp Fett Weg,2018,
1540,Monster School: Minecraft Animation,2018,
1541,The Utensilist,2018,
1542,Silly Beast,2018,
1543,Fayettenam,2018,
1544,Wetland,2018,
1545,How Heros Die,2018,
1546,Osu 3,2018,
1547,Whistleblower,2018,
1548,Rumble in the west,2018,
1549,Ninja Roll,2018,
1550,Journey to the Northside (Star Wars fan film),2018,
1551,Payback,2018,71
1552,Escape,2018,-
1553,The Fallen Ranger,2018,
1554,Romeo and Juliet,2018,-
1555,A Score to Settle,2018,15
1556,Zuko vs Azula,2018,
1557,Red Hood Outlawed (Fan Film),2018,
1558,White Money,2018,
1559,Fresh Agony,2018,
1560,Dreams Video,2018,
1561,Violets are Blew,2018,
1562,God Speed,2018,
1563,Forthcoming,2018,
1564,The Goatman,2018,
1565,Mack D,2018,
1566,Action Machete Cop Guy Fight Force Strike 17,2018,
1567,Assassin's Creed Castle Siege Smosh Games,2018,
1568,Anime: The Fast & The Furious,2018,
1569,Fight Scene: Mark Stas vs Gutemberg Lins,2018,
1570,Flowers,2018,100
1571,Exium United,2018,
1572,The Spider-Man,2018,
1573,Royal Flush,2018,
1574,Mage Hunter,2018,
1575,Náttuglan,2018,
1576,Purple Shep vs. Jeffy 5: Rap Battle,2018,
1577,Purple Shep vs. Jeffy 4,2018,
1578,Kampus Khaos,2018,
1579,Horroverse's Michael Myers,2018,
1580,Resurgence: NW,2018,
1581,1$ Water,2018,
1582,The Enforcer,2018,30
1583,Carnage (Trailer),2018,
1584,Hat Wars: Episode IV - A New Hat,2018,
1585,Accelerate,2018,
1586,The Path of the Greys,2018,
1587,Fallout Chronicles: Chapter 7,2018,
1588,Going Dark,2018,
1589,Talion,2018,
1590,Finger Army,2018,
1591,The Pink Lotus,2018,
1592,Monsters From Below,2018,
1593,Prolog,2018,
1594,Thunder Shock,2018,
1595,Caily,2018,
1596,Victoria Perra,2018,
1597,Antidote,2018,33
1598,Arson,2018,
1599,Fight yourself,2018,
1600,Nitishastra,2018,
1601,Dog Day,2018,45
1602,The Two Samurai,2018,
1603,Rat Race,2018,45
1604,Call Me Nobody,2018,
1605,I'm out Johnny volume 2.0,2018,
1606,Lockstep,2018,
1607,War Bird,2018,
1608,Até ser dia,2018,
1609,Phoenix Forever,2018,
1610,Short Change Hero,2018,
1611,Go Mad,2018,
1612,Stamina,2018,
1613,The zombies want the Bronx,2018,
1614,Jazz Bear vs Go Rilla,2018,
1615,Rock x el 2,2018,
1616,Rush,2018,88
1617,Jaws 6: Daddy's Home,2018,
1618,If I Could Turn Back Time,2018,
1619,The Sylph,2018,
1620,The Fall,2018,85
1621,Sort Får,2018,
1622,God of War: Fit,2018,
1623,Lego Ninjago: The Blueprints,2018,
1624,Octane,2018,17
1625,Payasita III,2018,
1626,Swipeheist,2018,
1627,Downshift,2018,89
1628,Drug Den,2018,
1629,Porter,2018,-
1630,La Mémoire de la Peau,2018,
1631,Someday,2018,-
1632,Ride Hard: Mustang GT 5.0,2018,
1633,Olympia_,2018,
1634,To Live & Die Like a Man,2018,
1635,LEGO Star Wars: Squad 42 - Dissolution,2018,
1636,Verdict,2018,100
1637,Wonder Woman (A XXX Parody),2018,
1638,The Meet,2018,
1639,Power Rangers: Shattered Grid,2018,
1640,Hernando Sanchez y los Boogalos Eléctricos,2018,
1641,Outlawed,2018,22
1642,The Downfall,2018,
1643,Family Business,2018,35
1644,Espero,2018,
1645,Morning Commute,2018,
1646,Run,2018,89
1647,The perfect soldier,2018,
1648,Clicker-kicker,2018,
1649,GameBoy: The Movie,2018,
1650,A Very Merry Christmas With: Jes Tube,2018,
1651,The Legend of Zelda Movie,2018,
1652,Super Mario Bros the Movie 2,2018,
1653,Super Mario Bros: The Movie,2018,
1654,Jes Tube's Scary Halloween,2018,
1655,Tales of the Drunken Fist,2018,
1656,La Noche,2018,
1657,For min far,2018,
1658,The Spy Who Saw Red,2018,
1659,"Kung Mamukong Ka, Taxi Napud",2018,
1660,Knock Out,2018,63
1661,Bloodsport,2018,46
1662,The Tourist,2018,95
1663,The Quest for the Macguffin,2018,
1664,Ambush,2018,25
1665,Unicorn Bloodbath #47,2018,
1666,Chikara,2018,
1667,Gus Bus,2018,
1668,Once and for All,2018,
1669,Arcade Fighter,2018,
1670,Bait N Switch,2018,
1671,End of the Line,2018,49
1672,"Alive, for Now",2018,
1673,Fastir í fyrsta gír,2018,
1674,Off-Guard,2018,
1675,Super Smash Bros: The Movie,2018,
1676,Spider-Man: Cake Day,2018,
1677,The Black Mystery,2018,
1678,Focus In,2018,
1679,Dementia,2018,79
1680,Amateur Hour,2018,
1681,Explode,2018,
1682,Collision,2018,-
1683,Timeout,2018,
1684,Myles Raven,2018,
1685,Oiseau/Bird,2018,
1686,Normal,2018,-
1687,Artes de La Guerra (The Complete Trilogy),2018,
1688,The Test,2018,-
1689,Into the Woods,2018,71
1690,Ghosté,2018,
1691,The Showdown,2018,-
1692,SuperDawg: The Baddest White Man Around,2018,
1693,Más allá de la sangre,2018,
1694,Spy vs. Spy,2018,
1695,Mum-BHAIs,2018,
1696,Chucky VS Charles the Executioner,2018,
1697,Rise Suning Jiangsu,2018,
1698,Aftermath,2018,61
1699,Perspective,2018,-
1700,Krasnyy Ded Otmshcheniya,2018,
1701,Placa 2106,2018,
1702,Spyro's Bad Day,2018,
1703,Assassins,2018,98
1704,Klonos,2018,
1705,Pablos Magic laundry,2018,
1706,Walking Meat,2018,-
1707,Obscurity,2018,
1708,Press,2018,
1709,It's Our Turf,2018,
1710,Deadly Occurrence Agents: Cosmic Threat,2018,
1711,Disfunctional,2018,
1712,Get Up!,2018,
1713,Sekushi baiku otoko (Akira),2018,
1714,One Finger Death Punch,2018,
1715,Chef's Night Off,2018,
1716,Jomgerentaal,2018,
1717,Finding my Friend,2018,
1718,Fair Game,2018,79
1719,The Rising,2018,-
1720,Land of the Free,2018,0
1721,The Don's Ring,2018,
1722,Bloodline Blues,2018,
1723,Red Rider,2018,
1724,Escape from Hell,2018,44
1725,Taken the Hood Back,2018,
1726,Child Trafficking - CAN YOU SEE ME,2018,
1727,Super Samurai Ninja Cowboy Assassin Squad,2018,
1728,KSI vs. The Sidemen,2018,
1729,The Rescue,2018,96
1730,Cypher,2018,87
1731,Last Take,2018,
1732,Shadow & Spirit,2018,
1733,Hector Felix,2018,-
1734,Gloria De Barrio,2018,
1735,Xbox one x,2018,
1736,2 Fast4 U,2018,
1737,Suikastci,2018,
1738,Sony - Wildebeest,2018,
1739,2 Fast4 U,2018,
1740,The Way to Valhalla,2018,
1741,CIA Moms,2018,
1742,El legado,2018,
1743,A Chase Sequence,2018,
1744,Je suis un Sabre Pirate,2018,
1745,Ink,2018,100
1746,Storms of Carnage: The Black Panther Unleashed Part 4,2018,
1747,Teenage Fighting Food Dudes,2018,
1748,Az Egyórás Üzlet,2018,
1749,Catcallers F*** Off,2018,
1750,Shinobi No Kikan,2018,
1751,Demul,2018,
1752,Habib Wahid: Jhor,2018,
1753,Agen Resep Rahasia,2018,
1754,Fight Machine,2018,-
1755,Caçada Sobrenatural,2018,
1756,Komika,2018,
1757,Across Volturno,2018,
1758,Shorok Durghotona Noy Hottakando,2018,
1759,For the Queen,2018,
1760,Look No Further,2018,
1761,Violentishq,2018,
1762,Photon,2018,
1763,Rosario,2018,-
1764,Rumble in Panama City,2018,
1765,Mini NFL Player,2018,
1766,Super-Woman,2018,
1767,The Fast 2: Too Fast,2018,
1768,Samurai Max,2018,
1769,Scorned,2018,15
1770,Country General Store,2018,
1771,Blood Sky,2018,
1772,The Pit,2018,50
1773,Aftermath,2018,61
1774,Snatched,2018,36
1775,The Unjust,2018,59
1776,Asura,2018,62
1777,Amazon Duels: The Battlewagon,2018,
1778,La llorona,2018,96
1779,LEGION: The Stormtrooper Chronicles,2018,
1780,Sunny-Side Up,2018,
1781,The Bad Spy 3: War of the Spies,2018,
1782,Galaxy Wars,2018,
1783,Tainted,2018,-
1784,"I, Spy",2018,
1785,Ringleader: The Movie,2018,
1786,First Timers,2018,-
1787,Rêve de fer,2018,
1788,Between the Gods,2018,
1789,Turn On,2018,
1790,American Gentleman Magazine,2018,
1791,Boudoir Vodka Commercial,2018,
1792,IVI Vision Fire Commercial,2018,
1793,"Anne Bowen Collection Montego Bay, Jamaica",2018,
1794,Gigantesque,2018,
1795,The Origin,2018,
1796,Reign of Judges: Title of Liberty - Concept Short,2018,
1797,Halo: The Rebellion,2018,
1798,The Terminizer Zero,2018,
1799,The Chauffeur,2018,-
1800,Malum,2018,84
1801,Defender,2018,-
1802,Trader,2018,80
1803,The Mark,2018,80
1804,Ellen Bond Secret Agent,2018,
1805,The Watchers,2018,-
1806,Ryder,2018,
1807,Wakening,2018,
1808,El Gato Negro: Prey,2018,
1809,Extraction,2018,67
1810,Street Ships,2018,
1811,Retribution,2018,29
1812,Brothers,2018,-
1813,Ascendance,2018,-
1814,No Trace,2018,
1815,The Waiter,2018,71
1816,Heme,2018,
1817,Pipe,2018,
1818,On the Way to Lovetown,2018,
1819,Piece of Wood,2018,
1820,Blood and Water,2018,-
1821,Lifeless,2018,
1822,A Ride with the Buffalo,2018,
1823,Blatten,2018,
1824,The Resurgence,2018,
1825,"Bog est, ili Otkuda berutsya deti",2018,
1826,Clandestiny,2018,
1827,The Most Interesting Man in Show Business,2018,
1828,Conejo,2018,
1829,Hail Mary Country,2018,
1830,The Heist,2018,49
1831,Bola,2018,
1832,Outrun,2018,
1833,Guerrilla,2018,75
1834,Blue Crystel,2018,
1835,The Taking of Broward County Savings & Loan,2018,
1836,Onlookers,2018,63
1837,Operation Ares,2018,
1838,Bronson,2018,75
1839,Celflux,2018,
1840,Maybe... Now,2018,
1841,Forever and a Day,2018,50
1842,The Force Uncharted,2018,
1843,The Outcasts,2018,-
1844,Machine Gun Baby,2018,-
1845,A Reflection of Reality,2018,
1846,Ashes,2018,86
1847,Mascarpone,2018,88
1848,American Showdown 8,2018,
1849,Blood of Jerusalem,2018,
1850,New Beginning,2018,
1851,Grounds for War,2018,
1852,Fight,2018,
1853,The Long Way Home,2018,100
1854,Catwoman Retribution,2018,
1855,The Reaper 3D,2018,
1856,Shastra Kannada,2018,
1857,Moksha,2018,78
1858,Satan Stole Our Hot Dogs!,2018,
1859,Crusader,2018,27
1860,El Patron,2018,
1861,The Right Thing,2018,
1862,Numb,2018,56
1863,Mind Over Matter,2018,-
1864,Shaken Identity,2018,
1865,Margin of Error,2018,
1866,Blue Lines,2018,-
1867,Mr Lonely,2018,
1868,#TheLateBatsby,2018,
1869,Desert Dash,2018,
1870,One,2018,61
1871,The Comeback of the Punisher,2018,
1872,Agent Clurk: Bördigt Uppdrag,2018,
1873,Action!,2018,
1874,Mojave Rock Ranch,2018,
1875,A beautiful woman,2018,
1876,Bill's Bills,2018,
1877,Odyssey: A Star Wars Story,2018,
1878,Cayenne Pepper,2018,
1879,Pandamonium,2018,-
1880,The rogues,2018,-
1881,2 Hitter Quitters,2018,
1882,You Achmed,2018,
1883,A Culinary Deceit,2018,
1884,The Fox and the Dragon,2018,
1885,The Darkside,2018,57
1886,Light/Less,2018,
1887,Natural Selection,2018,31
1888,I Build Your House,2018,
1889,Virtual Brutality,2018,
1890,The Hamburger Special,2018,
1891,Vanguards,2018,
1892,The Stand Up Hitman,2018,
1893,The Conspiracy Part II,2018,
1894,Das Erbstück,2018,
1895,Red Hood It,2018,
1896,Chopsticks!!,2018,
1897,The Devil You Know,2018,36
1898,Rose,2018,100
1899,A Small Detail,2018,
1900,Játékbaba: A végsö feltámadás,2018,
1901,Red Dollars,2018,
1902,Tracked,2018,17
1903,Remember,2018,-
1904,Blade of the Day Walker,2018,
1905,Shotgun is my Exit Visa,2018,
1906,Uzi,2018,-
1907,The Shutter of Death,2018,
1908,Blackout,2018,20
1909,STEAM,2018,13
1910,Cazadora,2018,
1911,A Nigga Like You,2018,
1912,Jack Cross,2018,
1913,Gauntlet Run: Noir,2018,
1914,The Cleanser,2018,
1915,In My Own Backyard,2018,
1916,Love Lies & Larceny,2018,
1917,Ninja Português,2018,
1918,Agent Bird,2018,
1919,Insane Jane: Taco Tuesday,2018,
1920,Blood Hunters: Aswang,2018,
1921,Nîsowak,2018,
1922,Joker Show 6,2018,
1923,The Cat,2018,
1924,Gouden beloftes,2018,
1925,It is never too late to meet an Angel,2018,
1926,Battle Squadron Alpha: Legends of the Time War,2018,
1927,Inclusive,2018,-
1928,Ragman's Cave,2018,
1929,Amber the Hammer,2018,
1930,Call the Cobbs,2018,-
1931,Red Rising: Blood and Smoke,2018,
1932,The Man Who Relived Today,2018,
1933,Her Spirit,2018,-
1934,Funk Force,2018,-
1935,Green,2018,80
1936,Teddy Hart: Breaking the Rules,2018,
1937,The Stalking Investigators 3,2018,
1938,Eye in Darkness,2018,
1939,Serial Thesis,2018,
1940,Shadower,2018,-
1941,O Caminho Para Ficar Longe de Ti,2018,
1942,The Promise,2018,51
1943,This is Arcane,2018,
1944,La Cible,2018,
1945,Amateur Hitman,2018,
1946,Trailer,2018,
1947,Playmobil Porsche 911 GT3 Cup,2018,
1948,Shoguns of Gymbox,2018,
1949,Break,2018,20
1950,Gray,2018,-
1951,Smoking Lucille,2018,
1952,The Showdown,2018,-
1953,The Teacher,2018,100
1954,I Will Leave You Behind,2018,
1955,How to be a Demoscene King,2018,
1956,"Me, My Phone & I",2018,
1957,Eye of the Empress - Scrapes and Fights,2018,
1958,Reprisal,2018,8
1959,Safe House,2018,53
1960,Un giorno straordinario,2018,
1961,Boy's Club,2018,
1962,Rare,2018,-
1963,Recovery One,2018,
1964,From the Outside,2018,
1965,Hellbound,2018,97
1966,Sranje/Poop,2018,
1967,Bullet,2018,11
1968,Just a Meme,2018,
1969,The Artefact,2018,
1970,The Caulbearer,2018,
1971,Superboy,2018,
1972,Petey In The Park - The Misunderstanding,2018,
1973,Vial: Strength,2018,
1974,Nature Boy,2018,-
1975,Genekt,2018,
1976,Z pekla do pekla,2018,
1977,Three-Faced,2018,
1978,Shift,2018,
1979,The Dream Heist,2018,
1980,Spook Ops,2018,
1981,Tainted,2018,-
1982,Casey Jones: Overtime,2018,
1983,Wang Shan,2018,
1984,Cánh Dieu Mua - The Kite Under the Rain,2018,
1985,Codes Commanded,2018,-
1986,Viola,2018,92
1987,Aloha Aina Warrior,2018,
1988,The Black Prison,2018,
1989,CoffeeKill Short Film,2018,
1990,I Will Never Forget,2018,
1991,Deception,2018,64
1992,Today is a Good Day,2018,
1993,Android Showdown,2018,
1994,Paul Blart: Sky Cop,2018,
1995,MVP: Mandalorians vs Predator,2018,
1996,Cog and Gear,2018,
1997,There Comes a Time,2018,
1998,Bringing the Galaxy Together,2018,
1999,The Nuclear Club,2018,
2000,Skillet,2019,-
2001,Solar,2019,-
2002,Closet Case,2019,
2003,The Betrayed,2019,33
2004,Chifoumi,2019,
2005,Coming of Age,2019,-
2006,The Keyboard Warrior,2019,
2007,Hunted,2019,60
2008,Hi Facebook,2019,
2009,Reapers - First Strike,2019,
2010,Nano,2019,-
2011,Weird City: Beast Mode,2019,
2012,Duel of the Hearts,2019,
2013,Death of the Filmmaker,2019,
2014,Fellowship,2019,
2015,"Lobo Suelto, Revancha",2019,
2016,365 Seconds,2019,
2017,10 Minutes For A Pound,2019,
2018,The Last Story,2019,
2019,Backpackdraft,2019,
2020,Superman: Man of Steel,2019,
2021,The SantaCon Escape,2019,
2022,Deadpool & Cable: Worlds collide,2019,
2023,Deprivation,2019,-
2024,Momster,2019,
2025,The New Normal,2019,51
2026,Snowfall,2019,92
2027,USB,2019,-
2028,Late,2019,
2029,Dasher,2019,-
2030,No Turning Back,2019,-
2031,Russian Love,2019,
2032,I Am Kane,2019,
2033,Misstap,2019,
2034,1416: The Beginning,2019,
2035,Consilium,2019,
2036,I Samma Stund,2019,
2037,April 23rd,2019,
2038,Away Games,2019,
2039,Hydra Legacy,2019,
2040,Little Rome Cafe,2019,
2041,Agent 008 FLASH Mission Escape,2019,
2042,Agent 008 FLASH Mission Rocket,2019,
2043,Bullyproof,2019,
2044,Wolverine VS Caleb Doom,2019,
2045,Bingobanden,2019,
2046,Hors D'oeuvre,2019,
2047,Slayer Returns,2019,
2048,Capitaine France,2019,
2049,Batman: Dark City,2019,
2050,Call of Cookies,2019,
2051,Saving Plastic Ryan,2019,
2052,Schooled,2019,73
2053,The Darkest Friendship,2019,
2054,The Flying Flowers,2019,
2055,Last Son of Krypton,2019,
2056,Fury Man,2019,
2057,Sciamachy,2019,
2058,The Delaware Massacre,2019,
2059,The Last Case,2019,
2060,You Choose!,2019,70
2061,Take In,2019,
2062,"Wrong Girl, Right Time",2019,
2063,Michael vs Jason: Evil Emerges,2019,
2064,#YouToo,2019,
2065,Last One in the Box,2019,
2066,Wizard of Za,2019,
2067,Ip Boy: The Legend Begins,2019,
2068,Lady Samurai,2019,
2069,Pizza Runner,2019,
2070,Two Rings,2019,
2071,Pizza Time,2019,-
2072,Power,2019,81
2073,Rubbish Robbers,2019,
2074,Bullet Gal,2019,
2075,The Society,2019,86
2076,Bulletproof,2019,100
2077,Marvel's Black Cat: Live to Lie,2019,
2078,Star Wars: Hope Returns,2019,
2079,The Wrong Guy,2019,84
2080,The Fallen,2019,
2081,Valour,2019,
2082,The Monkey Prince and The Flower Maiden,2019,
2083,100 Monkeys: Operation V,2019,-
2084,Game of Assassins,2019,80
2085,Cosmos Hunters 4: The Edge of Nowhere,2019,
2086,Tiebreaker,2019,
2087,Lines of Descent,2019,
2088,Trinity,2019,-
2089,Red Hood,2019,
2090,Driver,2019,
2091,Ácido,2019,
2092,The Mini Cooper,2019,
2093,Mission Library,2019,
2094,Pink Diamond,2019,
2095,Swansong,2019,-
2096,The Bench: Phase One,2019,
2097,Verhängnis,2019,
2098,Action Go Fast,2019,
2099,Second Chances,2019,79
2100,Pick Up,2019,
2101,Wicked Tongue,2019,
2102,Poisonous,2019,
2103,Mercenaries,2019,0
2104,Kuya,2019,-
2105,Liabilities,2019,
2106,Karuppu - The Black,2019,
2107,The Dragon's Shadow,2019,
2108,The Legion of Hope,2019,
2109,Boléro,2019,44
2110,Galveston Beach Hermit Crabs: Chuck Norris vs Mr. T,2019,
2111,Ahora soy un héroe 2,2019,
2112,Virulent,2019,
2113,Epoch: The Rebel,2019,
2114,The Guardian,2019,-
2115,Worth,2019,82
2116,Red Power,2019,
2117,Terrible revenge of the crackers-killers,2019,
2118,The Misadventures of Lefty Deadeye,2019,
2119,Martinelli a Star Wars Fan Story,2019,
2120,Professional Relationship,2019,
2121,John Wick: Chapter 3 - Parabellum: HBO First Look,2019,
2122,White Bandit 2,2019,
2123,Mikael Grohn: Iron Curtain,2019,
2124,Under a Dead Sky,2019,
2125,Raccoon Hunter II: Revenge of Yon Same Ram,2019,
2126,Overrated,2019,
2127,A Very Boring Book,2019,
2128,Bad Director,2019,
2129,Free For All,2019,-
2130,The Rat King,2019,
2131,Fort Irwin,2019,
2132,It's Never Too Late to Be a Savage,2019,
2133,The Bee,2019,
2134,Stay Mobile,2019,
2135,Princess Yoseok,2019,
2136,Skywatch,2019,-
2137,Dragon's Tail,2019,
2138,Masks,2019,-
2139,Some Vikings,2019,
2140,AB2: Brainspotting,2019,
2141,The Punishment: A Raven Story,2019,
2142,Funky Line,2019,
2143,Ethos Dance Back Hand Spring,2019,
2144,Heresy,2019,
2145,Sugar Pie,2019,
2146,Relentless,2019,50
2147,Reanimation & Propaganda,2019,
2148,Longshot,2019,
2149,The Headless Hipster,2019,
2150,Walter Loves Jack,2019,
2151,Shower Party,2019,
2152,Johnson and Johnson: Private Detectives 40th Anniversary Edition,2019,
2153,Figurant,2019,-
2154,The Sunflower Soldier,2019,
2155,Know Your Enemy,2019,95
2156,Jodie,2019,
2157,The Eagle Feather,2019,
2158,Squeeze Toy,2019,
2159,Sparrow,2019,94
2160,The 5 Tree Dances,2019,
2161,Indiana Jones: Return of Elsa Schneider,2019,
2162,The Fallen,2019,
2163,Ce matin qui dura six ans,2019,
2164,AGT: Heroes,2019,
2165,Agent Undercover,2019,
2166,Trapped,2019,17
2167,Divided,2019,-
2168,A painting,2019,
2169,Grisaia: Phantom trigger the animation 01. SORD,2019,
2170,The Contacted,2019,
2171,Vigilante,2019,
2172,Doctor Who: The Runaway,2019,
2173,El Cartel,2019,42
2174,Ukulele Melee,2019,
2175,Black Belt Brian,2019,
2176,Master of Stunts,2019,
2177,Fear no gumbo short,2019,
2178,Lagoon,2019,
2179,Revenge of the Mask 2,2019,-
2180,Corporate Monster,2019,
2181,Fire of Destiny,2019,
2182,Kîshiryû Sentai Ryûsorujâ The Mûbî Taimu Surippu! Kyôryû Panikku!!,2019,
2183,Like Wolves,2019,
2184,Nomads,2019,36
2185,Moments Pass,2019,
2186,Mutual Interests,2019,
2187,Looks Like Pennies,2019,
2188,Tashkent tram-shark attack,2019,
2189,Interrogated,2019,
2190,Wildflower,2019,63
2191,Superman Rises,2019,
2192,Transformers Crusade,2019,
2193,The Evil Camera,2019,
2194,Myrtle,2019,
2195,Irritable Heart,2019,
2196,Cane Girl,2019,
2197,It Worked,2019,
2198,Green ops,2019,
2199,Blue,2019,-
2200,The Resister,2019,
2201,The Spirit Bomber,2019,
2202,Lady Justice,2019,-
2203,Agent 07: Never and Always,2019,
2204,PLUG en PLAY,2019,
2205,Night Moves,2019,84
2206,Wrong Angels: An LA Story,2019,
2207,Nia's Shadow,2019,-
2208,Boss Uzi,2019,
2209,99.98%,2019,
2210,Sides,2019,-
2211,Zero,2019,31
2212,All Families Fight,2019,
2213,Million Year Man,2019,-
2214,Pada'ng Kulas,2019,
2215,Confessions to a Priest,2019,
2216,Darknet: The Beginning,2019,
2217,Dixons Carphone Samsung Feel Everything TVC,2019,
2218,Don't Blink,2019,21
2219,Witch Hunt,2019,63
2220,Rami,2019,
2221,Ghosts That Cry in the Dark,2019,
2222,Shopping Bag 2: Back in Business,2019,
2223,Cross Addiction,2019,
2224,Epicenter,2019,23
2225,Summer Long,2019,
2226,Password,2019,-
2227,Unbea Ti N',2019,
2228,After Humans,2019,
2229,Jester,2019,-
2230,A Father's Fury,2019,
2231,Nothing Else Matters,2019,46
2232,Frogs,2019,29
2233,Wingmen,2019,-
2234,Pizza Fight,2019,
2235,Mall Shooter,2019,
2236,The Homeless Man,2019,
2237,Stone Cold Crazy,2019,
2238,The Living Theatre,2019,
2239,Sapo,2019,-
2240,Angel of Death,2019,23
2241,Scarlet Dissension,2019,
2242,Overtime,2019,53
2243,The Hero Nobody Wanted,2019,
2244,The Way to Freedom,2019,
2245,The Getaway Plan,2019,
2246,Conflict,2019,
2247,Dangerman Returns,2019,
2248,Phantom of Crime,2019,
2249,Lost It All,2019,
2250,Spider-Man: Mystery of Hammerhead,2019,
2251,Zayne Movie: Roblox Kit Beh Revenge,2019,
2252,The End of Pokémon,2019,
2253,One Last Last Heist,2019,
2254,The Last Shot,2019,62
2255,The Match-Stick Flame Prologue,2019,
2256,Everything Must Go,2019,73
2257,Science Fair,2019,97
2258,Paco Rabanne: Invictus & Olympea - Legend,2019,
2259,Evil Machine,2019,
2260,Remote Control,2019,90
2261,Lucia Joyce: Full Capacity,2019,
2262,The Division: Striking Distance,2019,
2263,Pantaleon,2019,-
2264,Socky McSockles' Horrible No Good Very Bad Day or: How I Learned to Stop Worrying and Love the Sock,2019,
2265,Mustache Heroes,2019,
2266,The Dressing,2019,
2267,Lego Batman Rises,2019,
2268,All in a Day's Work,2019,
2269,The Fozboss,2019,
2270,Projextasy,2019,
2271,Check Six,2019,
2272,The Splinter Cell: Part 3,2019,
2273,Shin Evangelion Gekijôban AVANT 1 (Bôtô 10 bun 40 byô 00 koma) 0706 Ban,2019,
2274,Realm of The Shadow,2019,
2275,Reel or: The Short Story of the Mysterious Box,2019,
2276,Four Shades of Grey,2019,
2277,Face of the Dragon,2019,
2278,Wasters,2019,-
2279,Restoration,2019,-
2280,Race,2019,63
2281,Underwater,2019,48
2282,Red Room,2019,40
2283,OTR - On the run,2019,
2284,Marvelous Tales of Spider-man,2019,
2285,The Art of Sin,2019,
2286,The Dentist,2019,0
2287,Sharpshooter,2019,20
2288,Kingpin: Impulse,2019,
2289,Disheveled,2019,
2290,Malanak,2019,
2291,Bounty,2019,28
2292,Enemy,2019,-
2293,To the Moon and Back,2019,-
2294,Entrega Especial,2019,
2295,Unk,2019,-
2296,Bar Fight,2019,
2297,In The Stacks,2019,
2298,Attack the Dojo!!,2019,
2299,Hometown Kill Box,2019,
2300,Robots from Neptune,2019,
2301,The VR Pornography Police,2019,
2302,The Shoot,2019,-
2303,I've Got Nothing to Lose,2019,
2304,Rewind,2019,100
2305,Attack of the paper zombies or entrance of the living dead,2019,
2306,Janakrosh,2019,
2307,Spider-Man: Syndrome,2019,
2308,Uniforme,2019,
2309,Want Revenge,2019,
2310,Batman: Requiem for a Bat,2019,
2311,The Many Deaths of John Wick,2019,
2312,Fullmetal Alchemist Manga Dub Gaiden: Edward Elric vs Roy Mustang,2019,
2313,A Day in Fortnite 3,2019,
2314,A Day in Fortnite 2,2019,
2315,Awakening,2019,-
2316,Black Licorice Returns,2019,
2317,Cilicia: The Land of Lions,2019,
2318,Danger Zone,2019,26
2319,Tales That Broke My Brain: The Fall of Precinct 13,2019,
2320,Uncut,2019,20
2321,Salad Days,2019,80
2322,Heavy Bag,2019,
2323,The List,2019,92
2324,You've Been Warned by TJP,2019,
2325,Dante Falls,2019,
2326,Code of the Transient,2019,
2327,Reckoning,2019,-
2328,Rogue,2019,67
2329,The Villains,2019,
2330,Lost Treasure of the Valley,2019,
2331,Queen's Bane,2019,
2332,State of Mind,2019,-
2333,WAR,2019,71
2334,Detonator,2019,12
2335,Cave Morons!,2019,
2336,Joaquin is King,2019,
2337,Bake for Your Life,2019,
2338,Cool Aunt,2019,
2339,Ninja Hana,2019,
2340,The Sorcerer,2019,-
2341,The Last,2019,80
2342,The Sleeper: Debts Owed,2019,
2343,Love Hurts,2019,29
2344,"Always Earned, Never Given",2019,
2345,Fight for Our Souls: Endgame,2019,
2346,Green,2019,80
2347,Vengeance Remains,2019,
2348,Steven Seagal & Samuel Kwok Martial arts seminar 2019,2019,
2349,Cleaning House,2019,-
2350,Man,2019,
2351,První akcní hrdina,2019,
2352,La tuile,2019,
2353,FCF (Family Comes First),2019,
2354,Captain West,2019,
2355,DC Showcase: Sgt. Rock,2019,
2356,Operation Swift Retort (Pakistani Animated Film),2019,
2357,Betrayal,2019,-
2358,Cathodic Correspodence,2019,
2359,Gentlemen And Violence,2019,
2360,Kickballia,2019,
2361,Inconscious,2019,
2362,Strike Back,2019,
2363,Dental Damage,2019,
2364,The Cry for Help,2019,
2365,Max Righteous Super Commando: No Consequences,2019,
2366,Scorched,2019,45
2367,Realty Kumite,2019,
2368,Jack and Finley,2019,
2369,Overtime,2019,53
2370,Article,2019,
2371,Crvene ruze ulice,2019,
2372,Rush of Blood to the Head,2019,
2373,Cause Unknown pt2,2019,
2374,Another Wolf,2019,
2375,Goodbrothas - Written by Rashid Graham,2019,
2376,Eshana,2019,-
2377,The Landlord,2019,93
2378,Pathlavan Pt 2,2019,
2379,Get to the Polls,2019,
2380,In Limbo,2019,-
2381,Forced Entry,2019,21
2382,Blue Dream,2019,97
2383,Flash,2019,
2384,Codename Leto,2019,
2385,16,2019,
2386,Becoming McClane,2019,
2387,Kill Zone,2019,-
2388,Civil War 3: Arrival,2019,
2389,Contact Limit,2019,
2390,Sleeping in the Wind,2019,
2391,Uncle's,2019,
2392,Idea & Thought,2019,
2393,Being a Cooperman,2019,
2394,Point of View,2019,45
2395,Crime That Pays,2019,
2396,Resistance,2019,57
2397,The Minister,2019,54
2398,No Deal,2019,
2399,The Noose is too good for you,2019,
2400,The Sound of a Wild Snail Eating,2019,
2401,Mission Possible,2019,-
2402,Just in Time,2019,-
2403,Pierre & Jacky,2019,
2404,Surprise,2019,-
2405,Uniman,2019,
2406,Waves,2019,84
2407,Lightning bolt,2019,-
2408,Scooters and Tutus,2019,
2409,Static Shock (Fan Film),2019,
2410,Arise,2019,-
2411,Satisfied,2019,
2412,Arsenal,2019,3
2413,Agent Venture,2019,
2414,Barberism,2019,
2415,Afro Samurai Champloo,2019,
2416,The Cutthroats,2019,
2417,The Cover of Night,2019,
2418,Beam,2019,
2419,Ramad/Ashes,2019,
2420,I Promise,2019,100
2421,The 80's Massacre,2019,
2422,Last Games,2019,
2423,Agent 48,2019,
2424,State of America,2019,
2425,Bleeding Anann,2019,
2426,Wake Up!!,2019,
2427,Turp Gibi,2019,
2428,YUNYE the Motion Picture,2019,
2429,Snatcher,2019,
2430,The Master,2019,85
2431,Dead Souls: Apocrypha Black,2019,
2432,Cause Unknown pt3,2019,
2433,An Evening with the Tailor,2019,
2434,Alternative Energy,2019,
2435,Man With Crowbar,2019,
2436,Endex,2019,
2437,"Miss Moto, Part 2",2019,
2438,Royal Flush,2019,
2439,Aurora,2019,100
2440,Sonic: La Era Destruida,2019,
2441,Boscoe The Shadow Man,2019,
2442,Rustlands,2019,
2443,Worthless Words,2019,
2444,Riot,2019,-
2445,Hardballer,2019,
2446,Dance Police,2019,
2447,Titanium,2019,-
2448,Battle Brotocol 3: Final Bromogeddon,2019,
2449,The Dermatologist,2019,
2450,Stenches,2019,
2451,All the Way,2019,87
2452,Deception,2019,53
2453,Headless Hunters,2019,
2454,What We Become,2019,78
2455,The Bet,2019,-
2456,"TransfRormers. Petersburg's hearth or St. Hollywood, as the TransfRormers invasion in St. Petersburg was our answer to something there",2019,
2457,Wanderbust,2019,
2458,Batman & Robin: To the Fest,2019,
2459,Comunión nocturna,2019,
2460,Unforgiven Man,2019,
2461,Getaway at 3rd St. Tunnel,2019,
2462,The Holy Knight: Angel Warrior,2019,
2463,Classmates,2019,-
2464,The Game Masters,2019,
2465,The Chase,2019,-
2466,Battle at Big Rock,2019,77
2467,Something Of Darkness,2019,
2468,Lady Justice - Silent Film,2019,
2469,A Placa de Rubi - A Chibatada Final,2019,
2470,Nerf Wars,2019,
2471,Fist's of Shanghai,2019,
2472,Eternal,2019,-
2473,Sandbox,2019,
2474,Johnny Wick: Chapter 2,2019,
2475,The Influencer,2019,67
2476,Bad Judgement By M. Kinker,2019,
2477,Ling,2019,
2478,Lethal,2019,
2479,Lancer: A Thriller Experience,2019,
2480,A.H.O.L.E.S and the Lost Key of Hades,2019,
2481,Final Exam,2019,-
2482,Mission Is Possible,2019,
2483,Street Fight Los Angeles,2019,
2484,The Silent Weeping,2019,
2485,Glo,2019,
2486,Touch with Your Eyes,2019,
2487,Negative Character Exchanges,2019,
2488,The Adventures of Sam & Milo,2019,
2489,The dawn,2019,91
2490,Anapa shark attack,2019,
2491,Night Ride,2019,-
2492,Bad Guy,2019,
2493,Tekken Child of Destiny,2019,
2494,The Rougarou,2019,
2495,The Man In Thousand Pictures,2019,
2496,Jack Lowe,2019,-
2497,High Value Target,2019,
2498,NightCall,2019,
2499,Succube,2019,
