,tipo,titulo,anio,mes,id
0,Cortometraje,OFUKU: Separation,2020,12,tt10005120
1,Cortometraje,Hear a No,2020,9,tt10006262
2,Cortometraje,Satisfaction,2020,,tt10003588
3,Cortometraje,The Last Queen on Earth,2020,8,tt10005772
4,Cortometraje,They Never Lie,2020,11,tt10008112
5,Cortometraje,For the Best,2020,6,tt10010434
6,Cortometraje,Salvage,2020,3,tt10010422
7,Cortometraje,Anxietus,2020,9,tt10016332
8,Cortometraje,Drop,2020,10,tt10023074
9,Cortometraje,Nairobi,2020,6,tt10028420
10,Cortometraje,The Color of Midnight,2020,9,tt10032670
11,Cortometraje,Whenever You're Ready,2020,4,tt10032352
12,Cortometraje,Aur Kitna Time Lagega,2020,8,tt10031320
13,Cortometraje,Before the Rooster Crows,2020,12,tt10031730
14,Cortometraje,Portrait,2020,12,tt10037824
15,Cortometraje,"Post-You, Me",2020,7,tt10039526
16,Cortometraje,Sylvia,2020,11,tt10038088
17,Cortometraje,Sins Unveiled,2020,,tt10038014
18,Cortometraje,Ein Man Stande,2020,4,tt10037766
19,Cortometraje,The Aboves and the Belows,2020,12,tt10047998
20,Cortometraje,Lavender,2020,8,tt10058872
21,Cortometraje,The Place of the Skull,2020,6,tt10061280
22,Cortometraje,Inner Self,2020,11,tt10058946
23,Cortometraje,O Mundo Aqui Dentro,2020,6,tt10059532
24,Cortometraje,La Lettre,2020,7,tt10059822
25,Cortometraje,Francois,2020,7,tt10065226
26,Cortometraje,32 Goldfish,2020,2,tt10065208
27,Cortometraje,Journey,2020,12,tt10069486
28,Cortometraje,Twins,2020,6,tt10069650
29,Cortometraje,Footsteps,2020,,tt10073626
30,Cortometraje,Días Negros,2020,6,tt10073872
31,Cortometraje,The Exchange,2020,2,tt10074848
32,Cortometraje,Love Lonely,2020,5,tt10078686
33,Cortometraje,Man of the Harvest,2020,11,tt10086654
34,Cortometraje,Nur ein Augenblick,2020,4,tt10092172
35,Cortometraje,Boundaries,2020,10,tt10089810
36,Cortometraje,Recover,2020,1,tt10093672
37,Cortometraje,Cuckoo Roller,2020,6,tt10098068
38,Cortometraje,Skeletons,2020,6,tt10098776
39,Cortometraje,Dependence,2020,2,tt10105488
40,Cortometraje,Jericho,2020,,tt10106540
41,Cortometraje,The Burning of Mary,2020,6,tt10107260
42,Cortometraje,Road Runner,2020,2,tt10109698
43,Cortometraje,Love Sex Soprano,2020,11,tt10111546
44,Cortometraje,Bombs Bursting in Air,2020,,tt10115320
45,Cortometraje,Toxic,2020,11,tt10116384
46,Cortometraje,John Mortonson's Funeral,2020,6,tt10116558
47,Cortometraje,Analog Rainbow,2020,4,tt10120260
48,Cortometraje,The Peace of Wild Things,2020,,tt10125954
49,Cortometraje,Adnan,2020,2,tt10123128
50,Cortometraje,We Came From the Sea,2020,9,tt10125586
51,Cortometraje,From Gringo to Grave,2020,2,tt10125722
52,Cortometraje,Dusters,2020,10,tt10130964
53,Cortometraje,One Last Time,2020,10,tt10131182
54,Cortometraje,On the mind,2020,5,tt10135484
55,Cortometraje,Beach Town,2020,1,tt10135646
56,Cortometraje,Une journée à la mer,2020,,tt10141998
57,Cortometraje,Maravairi,2020,11,tt10147962
58,Cortometraje,Unlicensed,2020,9,tt10150226
59,Cortometraje,The Weight of Perfection,2020,4,tt10150508
60,Cortometraje,Old Hen,2020,3,tt10149610
61,Cortometraje,The Gesture and The Word,2020,6,tt10150238
62,Cortometraje,Limited,2020,1,tt10150554
63,Cortometraje,L'abbraccio,2020,7,tt10150638
64,Cortometraje,Red,2020,1,tt10150776
65,Cortometraje,Snowbirds,2020,6,tt10150702
66,Cortometraje,Óskin,2020,9,tt10152738
67,Cortometraje,Chen,2020,6,tt10156352
68,Cortometraje,Topanga,2020,11,tt10158358
69,Cortometraje,Deep into the sea,2020,10,tt10161080
70,Cortometraje,Cosmic Playtester,2020,6,tt10163298
71,Cortometraje,Fantasy,2020,2,tt10165742
72,Cortometraje,Isolation,2020,6,tt10171416
73,Cortometraje,Pink Pool,2020,1,tt10174310
74,Cortometraje,Yarne,2020,11,tt10171548
75,Cortometraje,How to Say I Love You at Night,2020,1,tt10180882
76,Cortometraje,Anchor,2020,11,tt10182142
77,Cortometraje,King Daniel,2020,8,tt10175932
78,Cortometraje,Ayaan,2020,,tt10181344
79,Cortometraje,For Better or For Worse,2020,,tt10177430
80,Cortometraje,The Love Prank,2020,,tt10182416
81,Cortometraje,Property,2020,7,tt10186572
82,Cortometraje,You Are My Person,2020,6,tt10188182
83,Cortometraje,Clarity,2020,2,tt10188656
84,Cortometraje,The Confessions of The Bat,2020,2,tt10189366
85,Cortometraje,Rojo,2020,,tt10192242
86,Cortometraje,In My Eyes,2020,10,tt10194706
87,Cortometraje,Dad Was,2020,11,tt10196304
88,Cortometraje,There's No Word for Us,2020,2,tt10198628
89,Cortometraje,#shootme,2020,7,tt10199238
90,Cortometraje,Sadhbh,2020,7,tt10201778
91,Cortometraje,"Happy Birthday, My Love",2020,12,tt10203126
92,Cortometraje,Fleeting,2020,11,tt10203432
93,Cortometraje,Little Marie,2020,2,tt10197736
94,Cortometraje,New Exodus,2020,,tt10202316
95,Cortometraje,Fathers/Daddies,2020,,tt10204320
96,Cortometraje,Theodore's Confession,2020,,tt10206928
97,Cortometraje,Porter,2020,,tt10212224
98,Cortometraje,Perfect as Cats,2020,9,tt10214566
99,Cortometraje,Dig,2020,2,tt10217942
100,Cortometraje,Dirty,2020,1,tt10221140
101,Cortometraje,Orchards,2020,1,tt10221500
102,Cortometraje,Larzan,2020,10,tt10223050
103,Cortometraje,Going,2020,10,tt10225266
104,Cortometraje,Shaded,2020,3,tt10224894
105,Cortometraje,Life Undefined,2020,2,tt10229024
106,Cortometraje,What Bitch?,2020,12,tt10228534
107,Cortometraje,Safety Work,2020,,tt10229372
108,Cortometraje,Metafísica,2020,9,tt10230084
109,Cortometraje,Blown Joan,2020,1,tt10231820
110,Cortometraje,Ganef,2020,9,tt10234230
111,Cortometraje,Juice,2020,9,tt10234620
112,Cortometraje,The Invisible Collection,2020,12,tt10238188
113,Cortometraje,Desolación,2020,9,tt10240818
114,Cortometraje,The Last Rights,2020,9,tt10241438
115,Cortometraje,Only Plastics and Diamonds Are Forever,2020,1,tt10243018
116,Cortometraje,Cal & Amy,2020,3,tt10243764
117,Cortometraje,Cagnolino,2020,6,tt10243808
118,Cortometraje,"Jonás, 18",2020,3,tt10243562
119,Cortometraje,It's Just a Boy,2020,3,tt10244224
120,Cortometraje,An Ode to Solitude,2020,10,tt10250684
121,Cortometraje,Augustus,2020,6,tt10255776
122,Cortometraje,From Now on,2020,9,tt10256242
123,Cortometraje,Apartment 308,2020,2,tt10254790
124,Cortometraje,My Name Is Richard,2020,3,tt10256058
125,Cortometraje,Alina in Wonderland,2020,9,tt10260480
126,Cortometraje,Nene,2020,11,tt10262938
127,Cortometraje,We Deliver a Smile,2020,5,tt10264344
128,Cortometraje,Dream On,2020,8,tt10267428
129,Cortometraje,Olve,2020,1,tt10264670
130,Cortometraje,Skin & Blister,2020,7,tt10265606
131,Cortometraje,Oh My Homeland,2020,2,tt10266960
132,Cortometraje,Isaac and the Ram,2020,4,tt10267590
133,Cortometraje,An Irrelevant Dialogue,2020,1,tt10267894
134,Cortometraje,Nightingale,2020,,tt10268756
135,Cortometraje,Zoe and Hanh,2020,3,tt10268568
136,Cortometraje,The Abjurants,2020,11,tt10272000
137,Cortometraje,La nuit est là,2020,2,tt10273888
138,Cortometraje,In the Wake,2020,,tt10269760
139,Cortometraje,Sullivan,2020,3,tt10269808
140,Cortometraje,How to Quit,2020,,tt10275884
141,Cortometraje,The Battle at Home,2020,6,tt10277764
142,Cortometraje,Inside,2020,10,tt10276880
143,Cortometraje,Getting Late,2020,10,tt10278540
144,Cortometraje,Margo,2020,11,tt10278532
145,Cortometraje,Contributions,2020,1,tt10278288
146,Cortometraje,Avant que tu partes,2020,1,tt10278308
147,Cortometraje,Tribe,2020,10,tt10284336
148,Cortometraje,"You and Me, Me and You",2020,11,tt10283206
149,Cortometraje,Gaia,2020,,tt10284132
150,Cortometraje,The Monster's Club,2020,3,tt10284242
151,Cortometraje,Roadkill,2020,4,tt10282966
152,Cortometraje,Flicker,2020,1,tt10285634
153,Cortometraje,Honest,2020,12,tt10289540
154,Cortometraje,Novi televizor,2020,11,tt10287204
155,Cortometraje,Absence of Evidence,2020,3,tt10287958
156,Cortometraje,Code Green,2020,4,tt10289978
157,Cortometraje,Allone,2020,4,tt10288522
158,Cortometraje,Stray Dogs Come Out at Night,2020,2,tt10290340
159,Cortometraje,Are We Good?,2020,3,tt10290470
160,Cortometraje,Underdog Days,2020,4,tt10290298
161,Cortometraje,Love and age,2020,1,tt10289870
162,Cortometraje,Men Working,2020,-,tt10293028
163,Cortometraje,Prologue,2020,9,tt10295906
164,Cortometraje,Adullam,2020,8,tt10297798
165,Cortometraje,The Devil's Tail,2020,,tt10299280
166,Cortometraje,Pink & Blue,2020,1,tt10301108
167,Cortometraje,i only miss you when i'm breathing,2020,10,tt10307566
168,Cortometraje,His Death,2020,12,tt10307368
169,Cortometraje,No More Heroes,2020,11,tt10306140
170,Cortometraje,Ten,2020,7,tt10305528
171,Cortometraje,The Color Happy,2020,,tt10308416
172,Cortometraje,Hide and Seek,2020,5,tt10305618
173,Cortometraje,Alfredo,2020,6,tt10308778
174,Cortometraje,Thomas Bilodeau's tale,2020,11,tt10308626
175,Cortometraje,Renters,2020,9,tt10309086
176,Cortometraje,Stardust,2020,11,tt10309754
177,Cortometraje,Home by 8.30,2020,11,tt10310174
178,Cortometraje,Grim Reaper Inc.,2020,,tt10309924
179,Cortometraje,Synthetic Sati,2020,,tt10313944
180,Cortometraje,Hands,2020,4,tt10318594
181,Cortometraje,Känner Du Min Granne,2020,3,tt10318366
182,Cortometraje,March,2020,11,tt10317948
183,Cortometraje,The Ball Method,2020,5,tt10318550
184,Cortometraje,Meghe Dhaka Rod,2020,2,tt10321358
185,Cortometraje,The Honey Makers,2020,8,tt10325666
186,Cortometraje,500 Calories,2020,10,tt10323096
187,Cortometraje,Enough,2020,4,tt10327806
188,Cortometraje,La noche del cocodrilo,2020,9,tt10326776
189,Cortometraje,Hillu,2020,3,tt10328742
190,Cortometraje,Fish Bone,2020,10,tt10331674
191,Cortometraje,Uninspired Moments,2020,9,tt10330190
192,Cortometraje,Last Rendezvous,2020,,tt10332626
193,Cortometraje,Psykhe,2020,2,tt10330596
194,Cortometraje,Innocent Goodbye,2020,-,tt10329004
195,Cortometraje,Cold Call,2020,,tt10337704
196,Cortometraje,"Run if You Can, Dance if You Dare",2020,,tt10340922
197,Cortometraje,Gut Punch,2020,5,tt10337724
198,Cortometraje,Deprime,2020,5,tt10341924
199,Cortometraje,Sky West and Crooked,2020,1,tt10342548
200,Cortometraje,Lagan,2020,6,tt10342542
201,Cortometraje,Backpack,2020,4,tt10349608
202,Cortometraje,En Route,2020,5,tt10344262
203,Cortometraje,Out of Touch,2020,,tt10350696
204,Cortometraje,Lush Life,2020,4,tt10359222
205,Cortometraje,"Sodom, California",2020,2,tt10359866
206,Cortometraje,Ripe,2020,8,tt10366958
207,Cortometraje,Det var det livet,2020,10,tt10367016
208,Cortometraje,Mijo,2020,1,tt10366078
209,Cortometraje,Ishtar,2020,4,tt10366970
210,Cortometraje,Zebrafish,2020,6,tt10367128
211,Cortometraje,1947,2020,,tt10366682
212,Cortometraje,A King's Life,2020,3,tt10367202
213,Cortometraje,The Green Motel,2020,2,tt10368686
214,Cortometraje,City of Shells,2020,3,tt10369342
215,Cortometraje,Driving Louise,2020,-,tt10369870
216,Cortometraje,Abysm,2020,1,tt10369684
217,Cortometraje,Seven Fishes,2020,,tt10369806
218,Cortometraje,Living with Honor,2020,2,tt10371248
219,Cortometraje,Pacífico,2020,10,tt10373286
220,Cortometraje,The Fall,2020,6,tt10374986
221,Cortometraje,Fear: An Allegory on Life and Self-Detriment,2020,,tt10375114
222,Cortometraje,The Monster Within Us,2020,-,tt10379328
223,Cortometraje,Worlds Apart,2020,11,tt10382926
224,Cortometraje,Chakero,2020,-,tt10379194
225,Cortometraje,A Chapter In Life,2020,10,tt10380892
226,Cortometraje,The End of the Line,2020,4,tt10384060
227,Cortometraje,End of the Rope,2020,4,tt10382838
228,Cortometraje,The Prisoner's Song,2020,3,tt10384540
229,Cortometraje,The Last of Us,2020,1,tt10383426
230,Cortometraje,El Clásico,2020,,tt10388528
231,Cortometraje,Cheers! My love,2020,10,tt10388264
232,Cortometraje,Unexpected,2020,3,tt10393454
233,Cortometraje,E se invece esistesse?,2020,2,tt10393008
234,Cortometraje,The Train Ride,2020,1,tt10395200
235,Cortometraje,Casteletes,2020,3,tt10393072
236,Cortometraje,Not Black Enough,2020,5,tt10395490
237,Cortometraje,Biche et Louve (Doe & She-wolf),2020,,tt10397852
238,Cortometraje,Obdurate,2020,,tt10396400
239,Cortometraje,Goner,2020,2,tt10398004
240,Cortometraje,His Pain,2020,1,tt10404006
241,Cortometraje,Broken,2020,6,tt10403276
242,Cortometraje,You Hired a Hitman,2020,5,tt10405578
243,Cortometraje,Immersion,2020,,tt10408136
244,Cortometraje,Wireless,2020,12,tt10408824
245,Cortometraje,Q&A,2020,1,tt10408082
246,Cortometraje,Unknown Caller,2020,1,tt10410072
247,Cortometraje,Outside Your Door,2020,2,tt10409290
248,Cortometraje,Cut-Throat,2020,2,tt10410420
249,Cortometraje,The Mermaid's Journey,2020,8,tt10411786
250,Cortometraje,Demagogy,2020,10,tt10413126
251,Cortometraje,The Hidden Ones,2020,8,tt10413324
252,Cortometraje,The Outcast Kid,2020,10,tt10416498
253,Cortometraje,Descendants of String,2020,2,tt10413508
254,Cortometraje,Il monte interiore,2020,1,tt10416740
255,Cortometraje,Kayantar (Metamorphosis),2020,10,tt10416128
256,Cortometraje,Fixxxed,2020,1,tt10417652
257,Cortometraje,Reconnection,2020,4,tt10415696
258,Cortometraje,Life Binder,2020,3,tt10417628
259,Cortometraje,Under the Lights,2020,,tt10418928
260,Cortometraje,Downward Facing Dogs,2020,1,tt10417488
261,Cortometraje,La vertiente,2020,12,tt10416750
262,Cortometraje,Jane and Marlow,2020,8,tt10423260
263,Cortometraje,Mani,2020,10,tt10423726
264,Cortometraje,Phoenix,2020,,tt10422288
265,Cortometraje,The Gift,2020,2,tt10426914
266,Cortometraje,The Formerly Session,2020,11,tt10423590
267,Cortometraje,Killer Missionaries,2020,9,tt10431464
268,Cortometraje,Death of the Party,2020,1,tt10430472
269,Cortometraje,Binary Love,2020,7,tt10432858
270,Cortometraje,Sparkles,2020,,tt10427522
271,Cortometraje,Hasta cuando,2020,-,tt10426926
272,Cortometraje,Call Waiting,2020,4,tt10427624
273,Cortometraje,Tooly,2020,,tt10427536
274,Cortometraje,Profiteers,2020,12,tt10431638
275,Cortometraje,A-N-D-R-E-A,2020,,tt10432106
276,Cortometraje,When the Wolf Comes Home,2020,10,tt10437122
277,Cortometraje,Telecommuter,2020,4,tt10436928
278,Cortometraje,Home,2020,3,tt10437512
279,Cortometraje,The Most Beautiful.,2020,,tt10440088
280,Cortometraje,Write Me,2020,2,tt10440366
281,Cortometraje,My Eyes on You,2020,12,tt10441966
282,Cortometraje,The Pictures,2020,,tt10442438
283,Cortometraje,Acto reflejo,2020,3,tt10450848
284,Cortometraje,Leafer,2020,7,tt10452082
285,Cortometraje,Strings,2020,2,tt10453988
286,Cortometraje,Próprio,2020,11,tt10457078
287,Cortometraje,Listen,2020,,tt10457096
288,Cortometraje,Vacaciones involuntarias,2020,12,tt10457432
289,Cortometraje,The Whole Truth,2020,-,tt10461574
290,Cortometraje,The Work Party,2020,5,tt10462688
291,Cortometraje,Who Can Predict What Will Move You,2020,2,tt10464702
292,Cortometraje,Dolores,2020,3,tt10466140
293,Cortometraje,Jonathan Commits,2020,1,tt10466416
294,Cortometraje,Come Find Me,2020,-,tt10466694
295,Cortometraje,After Class,2020,1,tt10465160
296,Cortometraje,Poser,2020,11,tt10467160
297,Cortometraje,The Sand That Ate The Sea,2020,1,tt10468026
298,Cortometraje,Jeannie Becomes a Star,2020,2,tt10471076
299,Cortometraje,InSYDNe,2020,2,tt10469462
300,Cortometraje,Nique Verlaine,2020,10,tt10471436
301,Cortometraje,Revolvo,2020,9,tt10471472
302,Cortometraje,Mamaville,2020,5,tt10471338
303,Cortometraje,La Rosa Muerta,2020,1,tt10472314
304,Cortometraje,The Purse: A Dream in Two Acts,2020,10,tt10474714
305,Cortometraje,All about girls,2020,9,tt10475542
306,Cortometraje,Take Care of Me,2020,2,tt10475624
307,Cortometraje,Therapy,2020,7,tt10476226
308,Cortometraje,If I Told You,2020,10,tt10476230
309,Cortometraje,Our Father,2020,-,tt10476518
310,Cortometraje,Doll,2020,6,tt10477382
311,Cortometraje,Leave 'em Laughing,2020,,tt10477948
312,Cortometraje,HBDTM,2020,2,tt10481988
313,Cortometraje,Windows To Nowhere,2020,6,tt10482804
314,Cortometraje,Our Oceans,2020,,tt10482728
315,Cortometraje,The Demon,2020,1,tt10481966
316,Cortometraje,Show Me Yours,2020,9,tt10483298
317,Cortometraje,Coucou,2020,5,tt10482030
318,Cortometraje,Breaking the Silence,2020,6,tt10482584
319,Cortometraje,He Said She Said,2020,1,tt10487548
320,Cortometraje,Splendore,2020,9,tt10485218
321,Cortometraje,"Greetings, From The Planet Krog!",2020,1,tt10487352
322,Cortometraje,Instructions for Adela,2020,11,tt10487234
323,Cortometraje,The Dancer,2020,-,tt10493824
324,Cortometraje,Calladita,2020,8,tt10495722
325,Cortometraje,Samuel's Trousers,2020,,tt10499956
326,Cortometraje,Unsafe,2020,6,tt10502690
327,Cortometraje,I've Said And Done Things That No-One Will Ever Remember Volume IV,2020,1,tt10502146
328,Cortometraje,The Five,2020,-,tt10503822
329,Cortometraje,I've Said And Done Things That No-One Will Ever Remember Volume V,2020,1,tt10503284
330,Cortometraje,Age of Dysphoria,2020,2,tt10504320
331,Cortometraje,The Nearing of Jordyn Simmons,2020,,tt10504516
332,Cortometraje,For No One,2020,5,tt10507336
333,Cortometraje,The Watch,2020,2,tt10507832
334,Cortometraje,Pizza Party,2020,10,tt10508868
335,Cortometraje,Fighting the Voices,2020,7,tt10510454
336,Cortometraje,Lacónico,2020,,tt10510462
337,Cortometraje,The Invisible Boy,2020,7,tt10512882
338,Cortometraje,What Would I Be Without You?,2020,3,tt10513936
339,Cortometraje,Eyes Within You,2020,,tt10513622
340,Cortometraje,Toto,2020,5,tt10518270
341,Cortometraje,Regret,2020,11,tt10519602
342,Cortometraje,Saint-Tite,2020,11,tt10519052
343,Cortometraje,Expulsion,2020,9,tt10520014
344,Cortometraje,Hypernova,2020,5,tt10519088
345,Cortometraje,Liminal,2020,5,tt10519216
346,Cortometraje,Feeling Flush,2020,4,tt10519532
347,Cortometraje,Soulless,2020,1,tt10523098
348,Cortometraje,Long Distance,2020,10,tt10523198
349,Cortometraje,The Edge,2020,5,tt10523274
350,Cortometraje,Stanbrook,2020,10,tt10524346
351,Cortometraje,Duckbill,2020,,tt10524808
352,Cortometraje,Burgeoning,2020,,tt10524856
353,Cortometraje,I Give Them a Year,2020,11,tt10525150
354,Cortometraje,Martin,2020,3,tt10524338
355,Cortometraje,Middlemarch,2020,,tt10530280
356,Cortometraje,Kill Your Darlings,2020,-,tt10533002
357,Cortometraje,Red Necks,2020,,tt10533552
358,Cortometraje,The Loyal Man,2020,2,tt10537332
359,Cortometraje,A Fallen Fruit,2020,6,tt10537426
360,Cortometraje,Vela,2020,10,tt10537554
361,Cortometraje,The Hunt,2020,10,tt10538750
362,Cortometraje,The Shepherds of Cat Island,2020,,tt10538804
363,Cortometraje,Bath Salts,2020,,tt10538650
364,Cortometraje,Blood Group,2020,1,tt10538712
365,Cortometraje,Bio Filter,2020,,tt10539892
366,Cortometraje,The Kall,2020,2,tt10537866
367,Cortometraje,Modern Whore,2020,3,tt10537760
368,Cortometraje,Magic Kingdom,2020,1,tt10538960
369,Cortometraje,The Woman Under The Tree,2020,3,tt10538546
370,Cortometraje,Noite Perpétua,2020,4,tt10540488
371,Cortometraje,Roman The Boxer,2020,10,tt10541114
372,Cortometraje,Sweep Away Hungry Ghosts,2020,1,tt10538582
373,Cortometraje,Tsunami Falls,2020,9,tt10540660
374,Cortometraje,Blood and Glory,2020,,tt10544216
375,Cortometraje,Barbo,2020,10,tt10544430
376,Cortometraje,Lay Me Down to Sleep,2020,,tt10542456
377,Cortometraje,Liar,2020,8,tt10545234
378,Cortometraje,Contra,2020,11,tt10545880
379,Cortometraje,Moonchild,2020,-,tt10548316
380,Cortometraje,Esther's Choice,2020,10,tt10549654
381,Cortometraje,Aftermath,2020,2,tt10550778
382,Cortometraje,This Will Destroy You,2020,,tt10549322
383,Cortometraje,Claire de Lune,2020,11,tt10551800
384,Cortometraje,Faulty Roots,2020,-,tt10551374
385,Cortometraje,Asylum,2020,1,tt10551850
386,Cortometraje,We Should Be A Movie,2020,6,tt10553396
387,Cortometraje,Death,2020,6,tt10551434
388,Cortometraje,Flu,2020,9,tt10553748
389,Cortometraje,When the Smoke Fumes,2020,12,tt10554582
390,Cortometraje,The Sleeping Life of Sofia,2020,,tt10555582
391,Cortometraje,Vércsék,2020,5,tt10556784
392,Cortometraje,Winning Streak,2020,,tt10558594
393,Cortometraje,Crashing,2020,11,tt10558424
394,Cortometraje,9 Months,2020,11,tt10556196
395,Cortometraje,Mr.7533's last two options,2020,3,tt10560762
396,Cortometraje,The Calling,2020,1,tt10568302
397,Cortometraje,Nocturne,2020,9,tt10567328
398,Cortometraje,Better Left Unsaid,2020,7,tt10568550
399,Cortometraje,Sisters,2020,8,tt10573360
400,Cortometraje,Macie's Parade,2020,,tt10573472
401,Cortometraje,A day in your life,2020,1,tt10573816
402,Cortometraje,My Dad Marie,2020,10,tt10576376
403,Cortometraje,Jad,2020,9,tt10578336
404,Cortometraje,Man on the Tower,2020,,tt10578274
405,Cortometraje,Hot Chocolate,2020,1,tt10574138
406,Cortometraje,Willows,2020,,tt10577698
407,Cortometraje,Refugee,2020,5,tt10577040
408,Cortometraje,Hung Up,2020,3,tt10579592
409,Cortometraje,63 Miles Away,2020,2,tt10584120
410,Cortometraje,"Young, Young Men",2020,4,tt10581106
411,Cortometraje,Robin,2020,4,tt10583342
412,Cortometraje,The Difficult Kids,2020,7,tt10588070
413,Cortometraje,Pilgrims,2020,10,tt10588878
414,Cortometraje,Raya,2020,9,tt10589784
415,Cortometraje,Trois pissenlits dans un verre d'eau,2020,1,tt10592896
416,Cortometraje,Adeline,2020,,tt10594874
417,Cortometraje,"Beautiful, As I Am",2020,8,tt10597800
418,Cortometraje,Bliss,2020,1,tt10596890
419,Cortometraje,Satos,2020,10,tt10597728
420,Cortometraje,Rotten,2020,3,tt10601112
421,Cortometraje,The Dark Places,2020,11,tt10602246
422,Cortometraje,The Devil's Truth,2020,,tt10601192
423,Cortometraje,Der Briefträger,2020,,tt10601300
424,Cortometraje,The Familiar Sting,2020,11,tt10604032
425,Cortometraje,Ain't My Fault,2020,8,tt10606348
426,Cortometraje,An Occurrence on Channel 38,2020,6,tt10613406
427,Cortometraje,Entambado,2020,8,tt10607066
428,Cortometraje,Dear Olivia,2020,-,tt10612646
429,Cortometraje,Talk to Text,2020,6,tt10612966
430,Cortometraje,Eleanor,2020,10,tt10612842
431,Cortometraje,Mrs. Paranoid,2020,2,tt10607870
432,Cortometraje,Natives,2020,,tt10610888
433,Cortometraje,Blue Horizon,2020,10,tt10611728
434,Cortometraje,Five Times A Day,2020,1,tt10611546
435,Cortometraje,Señorita,2020,10,tt10612152
436,Cortometraje,Father of the Bride,2020,3,tt10612628
437,Cortometraje,Break In,2020,10,tt10613678
438,Cortometraje,Island Living,2020,9,tt10611912
439,Cortometraje,Donor Baby,2020,10,tt10621910
440,Cortometraje,Sunlight,2020,,tt10622386
441,Cortometraje,Rakkauden Tähden Huomisesta eiliseen,2020,,tt10619370
442,Cortometraje,Dry Leaves,2020,9,tt10619690
443,Cortometraje,Cardelinas,2020,2,tt10619688
444,Cortometraje,Beneath The Broken Sky,2020,2,tt10621120
445,Cortometraje,Our Place Together,2020,8,tt10626564
446,Cortometraje,Loose Thread,2020,10,tt10623842
447,Cortometraje,The Blue Light Stays On,2020,,tt10626650
448,Cortometraje,Junk,2020,4,tt10626964
449,Cortometraje,The Weeds in this Garden,2020,,tt10627778
450,Cortometraje,Death Knell,2020,,tt10627036
451,Cortometraje,Defekt,2020,,tt10628596
452,Cortometraje,Virtually in Love,2020,4,tt10630256
453,Cortometraje,Janet,2020,10,tt10633036
454,Cortometraje,In The Dark,2020,,tt10636056
455,Cortometraje,Desolation of Evil,2020,1,tt10636832
456,Cortometraje,Within the Silence,2020,7,tt10637126
457,Cortometraje,Red Flag,2020,2,tt10637564
458,Cortometraje,Shoal,2020,2,tt10638876
459,Cortometraje,Fatherless,2020,,tt10642742
460,Cortometraje,Reflection,2020,3,tt10643132
461,Cortometraje,Cuatro Espinas,2020,6,tt10646370
462,Cortometraje,Also Patrick,2020,10,tt10651088
463,Cortometraje,Ecomienzo (Begreenning),2020,3,tt10650520
464,Cortometraje,Karta,2020,,tt10650806
465,Cortometraje,Sweet Potatoes,2020,11,tt10650350
466,Cortometraje,Dilemma,2020,,tt10651656
467,Cortometraje,Unsafe,2020,-,tt10653176
468,Cortometraje,Home Is Where the Hatred Is,2020,7,tt10653168
469,Cortometraje,"Young, Fragile",2020,8,tt10656448
470,Cortometraje,L'Autre Maison,2020,,tt10655908
471,Cortometraje,Tomorrow Never Came,2020,,tt10659458
472,Cortometraje,The Reaper,2020,9,tt10659502
473,Cortometraje,Under the Boardwalk,2020,2,tt10660470
474,Cortometraje,Asethedeath,2020,1,tt10660586
475,Cortometraje,Catch,2020,,tt10661508
476,Cortometraje,UnExposed,2020,8,tt10668582
477,Cortometraje,L'Aurora,2020,3,tt10665722
478,Cortometraje,Still Wylde,2020,3,tt10670234
479,Cortometraje,What If I Didn't?,2020,12,tt10671244
480,Cortometraje,Empty Space,2020,,tt10670346
481,Cortometraje,Climate Change,2020,9,tt10671332
482,Cortometraje,Before I Sleep,2020,12,tt10673548
483,Cortometraje,Dreaming of Sleep,2020,4,tt10674928
484,Cortometraje,Baggage,2020,5,tt10675598
485,Cortometraje,80613,2020,8,tt10674768
486,Cortometraje,Stuck,2020,3,tt10675366
487,Cortometraje,Kingdom Animalia: The Melanie Fyfe Story,2020,7,tt10681334
488,Cortometraje,Wrong Number,2020,-,tt10681576
489,Cortometraje,Small World,2020,6,tt10684580
490,Cortometraje,Flight 483,2020,9,tt10686246
491,Cortometraje,La Gloria,2020,3,tt10685676
492,Cortometraje,We Are a Family,2020,10,tt10685420
493,Cortometraje,Missing Johnny,2020,,tt10686386
494,Cortometraje,Uploading,2020,6,tt10687420
495,Cortometraje,Magico,2020,11,tt10690706
496,Cortometraje,Eutha-nation,2020,2,tt10694106
497,Cortometraje,Preservation,2020,9,tt10694164
498,Cortometraje,American English,2020,1,tt10696588
499,Cortometraje,Midnight Mirror,2020,5,tt10698746
500,Cortometraje,Milkshake,2021,12,tt10011052
501,Cortometraje,Garden of Paradise,2021,12,tt10033714
502,Cortometraje,Welcome to Mumbai,2021,3,tt10040326
503,Cortometraje,LO2SS,2021,8,tt10048746
504,Cortometraje,40 Nickels,2021,3,tt10049134
505,Cortometraje,The Long Halloween,2021,10,tt10049710
506,Cortometraje,Taken for Granted,2021,5,tt10074108
507,Cortometraje,Sour Milk,2021,12,tt10116030
508,Cortometraje,The Worst Day of My Life,2021,1,tt10116000
509,Cortometraje,Szembesülés,2021,10,tt10126104
510,Cortometraje,Inside the Notebook,2021,1,tt10121942
511,Cortometraje,Girls Are Strong Here,2021,2,tt10130050
512,Cortometraje,Burn,2021,4,tt10136966
513,Cortometraje,God in the Sky,2021,11,tt10137298
514,Cortometraje,R[evol]ution of Love,2021,1,tt10160440
515,Cortometraje,Port Radacini,2021,3,tt10160712
516,Cortometraje,A Living Sculpture,2021,1,tt10160948
517,Cortometraje,Peninsula,2021,6,tt10162788
518,Cortometraje,The Road Kid,2021,,tt10165720
519,Cortometraje,Don't kill my dreams,2021,,tt10173624
520,Cortometraje,This River,2021,1,tt10178240
521,Cortometraje,Growing Season,2021,,tt10202368
522,Cortometraje,Instinct,2021,1,tt10209778
523,Cortometraje,Nada de Bom acontece depois dos 30,2021,7,tt10211236
524,Cortometraje,Hidden,2021,4,tt10214926
525,Cortometraje,The Exit Interview,2021,,tt10217312
526,Cortometraje,Playboy Eddy,2021,2,tt10223204
527,Cortometraje,An Interloper's Kiss,2021,11,tt10232622
528,Cortometraje,Cookie,2021,2,tt10255620
529,Cortometraje,"Cercueil, tabarnak!",2021,10,tt10264392
530,Cortometraje,Four Strokes,2021,2,tt10265126
531,Cortometraje,Bedtime story for ghosts,2021,8,tt10263160
532,Cortometraje,Restoration,2021,7,tt10262172
533,Cortometraje,Pornstar,2021,5,tt10268132
534,Cortometraje,Proof of God,2021,6,tt10288032
535,Cortometraje,Graduation Afternoon,2021,1,tt10293032
536,Cortometraje,Aimbot,2021,,tt10308068
537,Cortometraje,The Woman Who Predicted Her Own Death,2021,11,tt10323164
538,Cortometraje,Le Sablier,2021,9,tt10324186
539,Cortometraje,Years,2021,9,tt10332270
540,Cortometraje,Mr Whippy,2021,1,tt10342478
541,Cortometraje,The Girl Sitting Here,2021,6,tt10348936
542,Cortometraje,Forevering,2021,2,tt10348902
543,Cortometraje,The Good Balloon,2021,2,tt10350572
544,Cortometraje,The Simplicity of Life,2021,,tt10350920
545,Cortometraje,Ts'ekoo Cha Ke: The Girl with Big Feet,2021,,tt10353864
546,Cortometraje,Peyman,2021,12,tt10358578
547,Cortometraje,Gris,2021,,tt10365704
548,Cortometraje,Tab,2021,2,tt10363182
549,Cortometraje,Alba,2021,1,tt10365862
550,Cortometraje,Piano Lessons,2021,9,tt10369560
551,Cortometraje,Bella Wild,2021,,tt10373668
552,Cortometraje,Delivery,2021,4,tt10373608
553,Cortometraje,Dogs,2021,3,tt10376530
554,Cortometraje,Suspended,2021,9,tt10378806
555,Cortometraje,Melody,2021,1,tt10381288
556,Cortometraje,Marco & Polo Go Round,2021,6,tt10383780
557,Cortometraje,Slot,2021,8,tt10388514
558,Cortometraje,Nola,2021,1,tt10397810
559,Cortometraje,Just Johnny,2021,,tt10399532
560,Cortometraje,Seelenschatten,2021,1,tt10426186
561,Cortometraje,Carrol Lynn,2021,8,tt10431668
562,Cortometraje,"Tinerete, dulce batranete...",2021,,tt10433734
563,Cortometraje,Petra,2021,,tt10449406
564,Cortometraje,"Sail On, My Love",2021,2,tt10451004
565,Cortometraje,Apatrides,2021,9,tt10461698
566,Cortometraje,Donkeys,2021,5,tt10464802
567,Cortometraje,Conductor,2021,,tt10474800
568,Cortometraje,Riding Liberty,2021,10,tt10479784
569,Cortometraje,Captive,2021,3,tt10482866
570,Cortometraje,A Better Friend,2021,9,tt10483856
571,Cortometraje,A Mutual Understanding,2021,9,tt10487984
572,Cortometraje,Girl Beast,2021,,tt10498052
573,Cortometraje,Ictus,2021,6,tt10509924
574,Cortometraje,Silver Flask,2021,4,tt10517736
575,Cortometraje,Radley,2021,,tt10518812
576,Cortometraje,The Award Ceremony,2021,4,tt10522608
577,Cortometraje,Rachel in the Dark Room,2021,11,tt10533540
578,Cortometraje,The Hole,2021,5,tt10544106
579,Cortometraje,Origin,2021,1,tt10544116
580,Cortometraje,Okiagari,2021,1,tt10545658
581,Cortometraje,Boshack,2021,10,tt10546172
582,Cortometraje,Being Brave,2021,1,tt10551584
583,Cortometraje,Fighting Ghosts,2021,6,tt10553408
584,Cortometraje,The Truth About Dreaming,2021,,tt10553930
585,Cortometraje,Eingehüllt,2021,10,tt10560282
586,Cortometraje,Ageusia,2021,,tt10573952
587,Cortometraje,Othaniel,2021,,tt10592782
588,Cortometraje,Do-Nothings,2021,4,tt10607058
589,Cortometraje,A Chant,2021,2,tt10622284
590,Cortometraje,Port Tesaturi,2021,,tt10634918
591,Cortometraje,Baba,2021,,tt10645274
592,Cortometraje,Awaken,2021,5,tt10648352
593,Cortometraje,Rotten,2021,12,tt10655036
594,Cortometraje,Inertia,2021,8,tt10665422
595,Cortometraje,Sorry for Your Loss,2021,10,tt10681682
596,Cortometraje,1969,2021,2,tt10685024
597,Cortometraje,Sick Fuck,2021,12,tt10691448
598,Cortometraje,Bella,2021,2,tt10699260
599,Cortometraje,Bright,2021,11,tt10697676
600,Cortometraje,Sheer Qorma,2021,6,tt10709592
601,Cortometraje,Mind Games,2021,8,tt10716904
602,Cortometraje,Sing (to me),2021,9,tt10738602
603,Cortometraje,"In fata marii, sub glia temeteului",2021,11,tt10736286
604,Cortometraje,A Blue Shroud,2021,3,tt10736172
605,Cortometraje,Mustard,2021,2,tt10746680
606,Cortometraje,Akvarium,2021,-,tt10768602
607,Cortometraje,My Own Mecca,2021,12,tt10782720
608,Cortometraje,Who We Are,2021,2,tt10786894
609,Cortometraje,I Hope They Remember My Name,2021,3,tt10790184
610,Cortometraje,Heat,2021,3,tt10805740
611,Cortometraje,Beast Show,2021,1,tt10814820
612,Cortometraje,Quiet Storms,2021,,tt10815898
613,Cortometraje,Alone,2021,,tt10833172
614,Cortometraje,Torasidis Last Masterpiece,2021,12,tt10834016
615,Cortometraje,Comme des grands,2021,7,tt10837310
616,Cortometraje,CheckMate,2021,8,tt10838698
617,Cortometraje,Where I'll Stay,2021,9,tt10843204
618,Cortometraje,Gamut,2021,,tt10849714
619,Cortometraje,Glimpse,2021,,tt10855054
620,Cortometraje,The Curious Woods,2021,,tt10863602
621,Cortometraje,Ex's Anonymous,2021,12,tt10868062
622,Cortometraje,Close Ties to Home Country,2021,4,tt10874280
623,Cortometraje,Powerless,2021,10,tt10883230
624,Cortometraje,Bli,2021,,tt10889752
625,Cortometraje,Wayfarers,2021,5,tt10907898
626,Cortometraje,Sarah's Choice,2021,12,tt10907150
627,Cortometraje,S'ammutadori,2021,,tt10905828
628,Cortometraje,Night Hoppers,2021,,tt10911990
629,Cortometraje,Les Piliers Défaillants,2021,9,tt10913636
630,Cortometraje,Deliverance,2021,6,tt10920502
631,Cortometraje,The Bends,2021,8,tt10923116
632,Cortometraje,Ben,2021,10,tt10941044
633,Cortometraje,Rose,2021,7,tt10947128
634,Cortometraje,Wrecked,2021,8,tt10949052
635,Cortometraje,Under the Mercy,2021,10,tt10949768
636,Cortometraje,Diminished,2021,12,tt10952024
637,Cortometraje,All-In,2021,2,tt10953880
638,Cortometraje,Uncle,2021,5,tt10954458
639,Cortometraje,What We don't know about Mariam,2021,,tt10959348
640,Cortometraje,Lennä,2021,,tt10961188
641,Cortometraje,Es Navidad,2021,,tt10959336
642,Cortometraje,Fish Out of Water,2021,,tt10969224
643,Cortometraje,Monopoly Game,2021,,tt10980954
644,Cortometraje,Making Beethoven Proud,2021,2,tt10994156
645,Cortometraje,"No Law, No Heaven",2021,5,tt11000672
646,Cortometraje,Petra,2021,3,tt11004574
647,Cortometraje,Chasing Cars,2021,1,tt11011272
648,Cortometraje,The Ghost of Something More,2021,,tt11021772
649,Cortometraje,Whalebone,2021,5,tt11042878
650,Cortometraje,Grey Sea,2021,6,tt11043522
651,Cortometraje,Mummy Brown,2021,2,tt11044090
652,Cortometraje,Cassoulet,2021,,tt11046630
653,Cortometraje,Ink,2021,,tt11050440
654,Cortometraje,Brødrene,2021,9,tt11055560
655,Cortometraje,Breadcrumbs,2021,5,tt11061916
656,Cortometraje,The Fullest Day of Summer,2021,3,tt11065194
657,Cortometraje,Beneath the fire,2021,12,tt11070724
658,Cortometraje,Opal,2021,3,tt11081318
659,Cortometraje,A Good Couple,2021,9,tt11083280
660,Cortometraje,Vikalp,2021,8,tt11086286
661,Cortometraje,Gud,2021,8,tt11086104
662,Cortometraje,Greg,2021,1,tt11092496
663,Cortometraje,Middle of Nowhere,2021,1,tt11095494
664,Cortometraje,The Long Haul,2021,,tt11101812
665,Cortometraje,Going Under,2021,4,tt11112028
666,Cortometraje,The Don,2021,1,tt11114792
667,Cortometraje,"Wanda, Do the Work",2021,,tt11121578
668,Cortometraje,Mater Mortis,2021,,tt11126992
669,Cortometraje,The Clown,2021,2,tt11131160
670,Cortometraje,Vagabond,2021,9,tt11137438
671,Cortometraje,Moving Out,2021,10,tt11136418
672,Cortometraje,Nagypapa,2021,6,tt11138236
673,Cortometraje,"I Wanna Make a Movie, or I Wanna Die Trying",2021,2,tt11151074
674,Cortometraje,Paintless,2021,7,tt11155802
675,Cortometraje,Unplugged,2021,11,tt11154218
676,Cortometraje,Dolly,2021,11,tt11162220
677,Cortometraje,Coyote,2021,3,tt11163066
678,Cortometraje,Corn,2021,9,tt11162224
679,Cortometraje,Home Again,2021,9,tt11166472
680,Cortometraje,Kakerlak,2021,10,tt11172672
681,Cortometraje,A Glimpse Into Trauma,2021,12,tt11183332
682,Cortometraje,Growth,2021,,tt11192394
683,Cortometraje,Good Grief,2021,,tt11192736
684,Cortometraje,Inner Calling,2021,3,tt11194056
685,Cortometraje,Boysugar,2021,9,tt11198136
686,Cortometraje,Wayward,2021,3,tt11203132
687,Cortometraje,Pray They Stand Down,2021,3,tt11212278
688,Cortometraje,Sunday's Child,2021,5,tt11213404
689,Cortometraje,A Great Expanse,2021,1,tt11226358
690,Cortometraje,"Happy Birthday, Corey",2021,,tt11230174
691,Cortometraje,Life...,2021,,tt11235876
692,Cortometraje,A Summer Place,2021,3,tt11239486
693,Cortometraje,Super Bois,2021,1,tt11236294
694,Cortometraje,Growing Pains,2021,10,tt11238748
695,Cortometraje,The Jungle,2021,,tt11240806
696,Cortometraje,The Lost Wife,2021,3,tt11241198
697,Cortometraje,Dance Card's Full,2021,11,tt11241724
698,Cortometraje,The Duel,2021,12,tt11242792
699,Cortometraje,Burros,2021,6,tt11246630
700,Cortometraje,Time,2021,,tt11246768
701,Cortometraje,In the Desert of Dark and Light,2021,9,tt11247700
702,Cortometraje,The Climbing Perch,2021,,tt11252308
703,Cortometraje,Intervention,2021,2,tt11251756
704,Cortometraje,The Girl who Dreamt Instead,2021,9,tt11256508
705,Cortometraje,Pink,2021,4,tt11259728
706,Cortometraje,Thicker Than Water,2021,4,tt11274622
707,Cortometraje,Gas-Shaped Light,2021,,tt11281294
708,Cortometraje,Back to the Cage,2021,1,tt11282090
709,Cortometraje,Little Soul,2021,1,tt11290778
710,Cortometraje,Transmission,2021,7,tt11291254
711,Cortometraje,All the Things You Are,2021,,tt11296542
712,Cortometraje,American Morning,2021,,tt11304644
713,Cortometraje,Estilo Americano,2021,,tt11306178
714,Cortometraje,Beautiful They,2021,6,tt11305914
715,Cortometraje,Reavey Brothers,2021,12,tt11306262
716,Cortometraje,Trøllabeiggi,2021,2,tt11307554
717,Cortometraje,La Noche en el Paraiso,2021,7,tt11306946
718,Cortometraje,Southern Burbank,2021,,tt11306882
719,Cortometraje,Une histoire de femmes,2021,,tt11311288
720,Cortometraje,Å ha det bra,2021,10,tt11313094
721,Cortometraje,A Will to Change,2021,2,tt11317388
722,Cortometraje,A Father's Burden,2021,2,tt11321956
723,Cortometraje,Escapade,2021,6,tt11323362
724,Cortometraje,Getaway,2021,2,tt11322816
725,Cortometraje,Kaira,2021,7,tt11333008
726,Cortometraje,Slip,2021,11,tt11336098
727,Cortometraje,Leonidas,2021,3,tt11337834
728,Cortometraje,Sin,2021,6,tt11344036
729,Cortometraje,Blueberries,2021,1,tt11343208
730,Cortometraje,"Miss You, Dad",2021,9,tt11348438
731,Cortometraje,Under the Heavens,2021,3,tt11352002
732,Cortometraje,Roadblock,2021,11,tt11355510
733,Cortometraje,Villhester,2021,6,tt11359160
734,Cortometraje,Birthday Boy,2021,,tt11363862
735,Cortometraje,Veteran Affairs,2021,,tt11378940
736,Cortometraje,Kim's,2021,,tt11378890
737,Cortometraje,Beta,2021,,tt11378726
738,Cortometraje,A Frame of Mind,2021,4,tt11384312
739,Cortometraje,Homegoing,2021,8,tt11383808
740,Cortometraje,Homebound,2021,7,tt11399696
741,Cortometraje,Faith,2021,1,tt11401130
742,Cortometraje,Thole,2021,,tt11410008
743,Cortometraje,Jagged Joy,2021,,tt11409458
744,Cortometraje,sk8erboi,2021,,tt11417880
745,Cortometraje,Heatwave,2021,12,tt11429548
746,Cortometraje,En Suite,2021,5,tt11427786
747,Cortometraje,Pizza Boy,2021,,tt11435582
748,Cortometraje,Chalk,2021,,tt11437092
749,Cortometraje,The Act of Indemnity,2021,,tt11440924
750,Cortometraje,Hockley Types,2021,3,tt11442176
751,Cortometraje,Immortal,2021,5,tt11448530
752,Cortometraje,Prisoner,2021,2,tt11459374
753,Cortometraje,Apartment Story,2021,,tt11453170
754,Cortometraje,Afentheater,2021,3,tt11462182
755,Cortometraje,Three Quarters,2021,10,tt11464562
756,Cortometraje,Soldier Plant,2021,10,tt11464632
757,Cortometraje,Through These Doors,2021,8,tt11472772
758,Cortometraje,A Void,2021,10,tt11471250
759,Cortometraje,"Wish, I Was There",2021,,tt11474166
760,Cortometraje,Tweaks,2021,2,tt11471296
761,Cortometraje,42 Minutes,2021,8,tt11471894
762,Cortometraje,Rendezvous,2021,9,tt11473942
763,Cortometraje,La Sombra de Tu Sonrisa,2021,2,tt11505844
764,Cortometraje,Waking Up,2021,3,tt11512026
765,Cortometraje,Evie Rose,2021,1,tt11524124
766,Cortometraje,Jerrycan,2021,11,tt11527600
767,Cortometraje,Sonata,2021,2,tt11526646
768,Cortometraje,Facades,2021,5,tt11529588
769,Cortometraje,Find Your Faith,2021,7,tt11536594
770,Cortometraje,Spirits (Poyvfeckv),2021,10,tt11552480
771,Cortometraje,The Jungles,2021,5,tt11554930
772,Cortometraje,Catharsis,2021,8,tt11558632
773,Cortometraje,Birds Fly Home,2021,2,tt11563664
774,Cortometraje,Swearing,2021,6,tt11570344
775,Cortometraje,Joy,2021,10,tt11570620
776,Cortometraje,The Nipple Whisperer,2021,3,tt11575400
777,Cortometraje,Standing on Your Grave,2021,7,tt11578718
778,Cortometraje,Birthday,2021,3,tt11581378
779,Cortometraje,Greetings from Sarajevo,2021,6,tt11590164
780,Cortometraje,Green,2021,10,tt11591420
781,Cortometraje,Silenced,2021,,tt11604286
782,Cortometraje,Swimming,2021,10,tt11608184
783,Cortometraje,Serving Love,2021,,tt11611154
784,Cortometraje,Shevolution,2021,1,tt11616356
785,Cortometraje,Nuestro Último Baile,2021,2,tt11613994
786,Cortometraje,The Punishment,2021,2,tt11620582
787,Cortometraje,Revenge,2021,8,tt11621700
788,Cortometraje,Hot Mother,2021,11,tt11628538
789,Cortometraje,Presents,2021,10,tt11626402
790,Cortometraje,Join the Birds,2021,7,tt11627574
791,Cortometraje,Endless Yesterdays,2021,3,tt11638888
792,Cortometraje,Her Majesty,2021,11,tt11640776
793,Cortometraje,Skumjas,2021,9,tt11644410
794,Cortometraje,Oxymoron of Eternity,2021,,tt11644322
795,Cortometraje,Discofuneral,2021,9,tt11651804
796,Cortometraje,Ikaw at Ako,2021,2,tt11651608
797,Cortometraje,You Really Got Me,2021,4,tt11656132
798,Cortometraje,How to Protect Your Family,2021,5,tt11662762
799,Cortometraje,Love Letter to Mom,2021,4,tt11662054
800,Cortometraje,The Argument,2021,,tt11663244
801,Cortometraje,Cactus & Mime,2021,6,tt11669506
802,Cortometraje,Monkey Bars,2021,3,tt11668208
803,Cortometraje,Broken Layers,2021,,tt11674566
804,Cortometraje,Anima Us,2021,2,tt11674486
805,Cortometraje,Just A Girl,2021,1,tt11679248
806,Cortometraje,Hijas Mías,2021,3,tt11679742
807,Cortometraje,Amrak My New Family,2021,8,tt11685090
808,Cortometraje,Semi-Detached,2021,,tt11683330
809,Cortometraje,Lovers language,2021,1,tt11685584
810,Cortometraje,West Park,2021,3,tt11686156
811,Cortometraje,Poker Night,2021,10,tt11685874
812,Cortometraje,Chapter Two,2021,1,tt11692698
813,Cortometraje,Expiation,2021,3,tt11696152
814,Cortometraje,Keys to the Soul,2021,,tt11702594
815,Cortometraje,Thank You for Stopping By,2021,6,tt11701982
816,Cortometraje,Outsiders,2021,8,tt11703776
817,Cortometraje,Bloom,2021,5,tt11706336
818,Cortometraje,Ruth,2021,3,tt11714520
819,Cortometraje,Sunset in Winter,2021,9,tt11713376
820,Cortometraje,The War Within,2021,,tt11712896
821,Cortometraje,The Lonely Road to Nowhere,2021,12,tt11714190
822,Cortometraje,The Orpheus Summer House,2021,8,tt11717728
823,Cortometraje,Pink & Blue,2021,8,tt11717932
824,Cortometraje,Bloom,2021,7,tt11718656
825,Cortometraje,I Am,2021,1,tt11720680
826,Cortometraje,Bea at Rehab,2021,1,tt11722986
827,Cortometraje,Doretha's Blues,2021,3,tt11723026
828,Cortometraje,Beach Boy,2021,9,tt11730242
829,Cortometraje,LOCkDown,2021,10,tt11732840
830,Cortometraje,Don't Look Back,2021,,tt11736930
831,Cortometraje,Wasted Seed,2021,,tt11736752
832,Cortometraje,Come Midnight,2021,,tt11742322
833,Cortometraje,Nantong Nights,2021,1,tt11744780
834,Cortometraje,Zmiena,2021,,tt11750372
835,Cortometraje,Maybe I Don't Actually Suck,2021,2,tt11749478
836,Cortometraje,Sound Mind: Breaking Me Down,2021,4,tt11753904
837,Cortometraje,Dark Strings,2021,6,tt11755026
838,Cortometraje,The Watchers,2021,,tt11760970
839,Cortometraje,Little Bird,2021,3,tt11764330
840,Cortometraje,One Night Only,2021,1,tt11765394
841,Cortometraje,Voicemail,2021,2,tt11770784
842,Cortometraje,Little Sky,2021,6,tt11771578
843,Cortometraje,Devotion,2021,4,tt11771678
844,Cortometraje,Sound Mind: No Longer Home,2021,4,tt11772858
845,Cortometraje,Sound Mind: Same Ol' River,2021,4,tt11772812
846,Cortometraje,Ora,2021,1,tt11773816
847,Cortometraje,Sound Mind: Habakkuk,2021,4,tt11772940
848,Cortometraje,"Hi, I'm Elsie",2021,2,tt11777680
849,Cortometraje,His Assistant,2021,,tt11777964
850,Cortometraje,Ehlo Zaret,2021,12,tt11779892
851,Cortometraje,All These Men That I've Done,2021,,tt11786774
852,Cortometraje,Searching for Harriet,2021,11,tt11790774
853,Cortometraje,Rainbow Boulevard,2021,2,tt11790750
854,Cortometraje,Mabel,2021,9,tt11790192
855,Cortometraje,A Painter Painting a Painting,2021,,tt11792312
856,Cortometraje,Ghost Bike,2021,,tt11799624
857,Cortometraje,BLINK!,2021,6,tt11810142
858,Cortometraje,Debutante,2021,7,tt11813868
859,Cortometraje,So I Erased His Face,2021,,tt11813600
860,Cortometraje,Empiricism,2021,7,tt11815376
861,Cortometraje,You Look Fine,2021,11,tt11816198
862,Cortometraje,Ungene,2021,,tt11817060
863,Cortometraje,Celaine,2021,,tt11824306
864,Cortometraje,Autumn Nocturne,2021,9,tt11823624
865,Cortometraje,Love,2021,11,tt11826238
866,Cortometraje,Found Family,2021,9,tt11826278
867,Cortometraje,Patrick,2021,2,tt11832534
868,Cortometraje,Highwaymen,2021,4,tt11834090
869,Cortometraje,Cuckoo,2021,6,tt11835262
870,Cortometraje,Quasi ora,2021,,tt11835558
871,Cortometraje,That Day Over the Moon,2021,2,tt11841086
872,Cortometraje,Just Bake Cookies,2021,11,tt11845804
873,Cortometraje,The Forest,2021,7,tt11848296
874,Cortometraje,Empiric,2021,8,tt11847862
875,Cortometraje,Mildly Different,2021,,tt11854648
876,Cortometraje,Gigglebutt,2021,,tt11865690
877,Cortometraje,Becoming (El Devenir),2021,,tt11866138
878,Cortometraje,The Red Line,2021,,tt11867240
879,Cortometraje,Perspective,2021,2,tt11869158
880,Cortometraje,36 Years,2021,12,tt11873166
881,Cortometraje,Short Term,2021,2,tt11873826
882,Cortometraje,Bayt El Omor,2021,-,tt11880102
883,Cortometraje,Awakening,2021,1,tt11884482
884,Cortometraje,Berlin,2021,,tt11884278
885,Cortometraje,Mudmonster,2021,10,tt11886150
886,Cortometraje,The Other Woman,2021,5,tt11885120
887,Cortometraje,Última Confesión,2021,,tt11885434
888,Cortometraje,The Beginning & The Middle,2021,12,tt11885734
889,Cortometraje,Mask of the Evil Apparition,2021,5,tt11892182
890,Cortometraje,The Flight of the Manakins,2021,6,tt11893652
891,Cortometraje,"Paris, I Hate You",2021,6,tt11894546
892,Cortometraje,The Chased,2021,6,tt11901156
893,Cortometraje,The Red Wolf,2021,,tt11903428
894,Cortometraje,Tubes,2021,12,tt11904990
895,Cortometraje,Jet Lag,2021,8,tt11905902
896,Cortometraje,Ibeji Ibeji,2021,,tt11908888
897,Cortometraje,Size Up,2021,10,tt11909308
898,Cortometraje,A Personal Errand,2021,,tt11912326
899,Cortometraje,Bakh (The Look),2021,11,tt11910166
900,Cortometraje,Empty Miles,2021,11,tt11909256
901,Cortometraje,Taylor,2021,,tt11911934
902,Cortometraje,Singularity,2021,11,tt11916416
903,Cortometraje,Wash Day,2021,9,tt11916764
904,Cortometraje,Before Dawn,2021,1,tt11921446
905,Cortometraje,Wuhan Driver,2021,7,tt11922936
906,Cortometraje,Chores,2021,6,tt11928650
907,Cortometraje,Caravan Blues,2021,,tt11928476
908,Cortometraje,Nähdään kohta,2021,,tt11930436
909,Cortometraje,Peters Rd,2021,6,tt11929754
910,Cortometraje,Valiente,2021,8,tt11933162
911,Cortometraje,Boys,2021,1,tt11935556
912,Cortometraje,Shank's Rain,2021,4,tt11935384
913,Cortometraje,Hojas de Sauco,2021,9,tt11940194
914,Cortometraje,Batman: Dawn of Fear,2021,10,tt11937652
915,Cortometraje,The Morning After,2021,10,tt11941410
916,Cortometraje,Operation Zeugung (II),2021,12,tt11941200
917,Cortometraje,La Mujer de Hector (Hector's Woman),2021,,tt11940700
918,Cortometraje,Dinner Time,2021,,tt11942174
919,Cortometraje,"Apart, Together",2021,3,tt11946352
920,Cortometraje,Immutable,2021,7,tt11945370
921,Cortometraje,Onde há pranto há mar,2021,1,tt11944396
922,Cortometraje,Salvation Has No Name,2021,,tt11947680
923,Cortometraje,The Trip,2021,5,tt11947010
924,Cortometraje,La perdita,2021,10,tt11951220
925,Cortometraje,Dear Tori,2021,2,tt11956646
926,Cortometraje,Paradise Can Get Better,2021,,tt11960222
927,Cortometraje,The Date,2021,8,tt11961888
928,Cortometraje,The Last Piano Man,2021,12,tt11968654
929,Cortometraje,Revolve,2021,1,tt11980598
930,Cortometraje,Elysia,2021,7,tt11980226
931,Cortometraje,Beyond Borders,2021,10,tt11985218
932,Cortometraje,Appetite,2021,10,tt11988300
933,Cortometraje,Good Boy,2021,9,tt11993782
934,Cortometraje,Blue Fire,2021,4,tt11997504
935,Cortometraje,Never Again,2021,,tt12016516
936,Cortometraje,The Suicide Diver,2021,,tt12014120
937,Cortometraje,The Four Walls of Charlotte Moreland,2021,,tt12016198
938,Cortometraje,Yesterday Never Ended,2021,11,tt12013428
939,Cortometraje,Cemile,2021,,tt12019312
940,Cortometraje,Huldra,2021,2,tt12021170
941,Cortometraje,Herederos,2021,10,tt12025422
942,Cortometraje,Somniphobia,2021,3,tt12025470
943,Cortometraje,When Sharks Love Blood,2021,8,tt12030648
944,Cortometraje,The Butterfly (I),2021,6,tt12034870
945,Cortometraje,Rumrunners,2021,3,tt12042814
946,Cortometraje,Ek Jhalak- A Glimpse,2021,9,tt12044326
947,Cortometraje,The Crow - Nightwatch,2021,1,tt12048070
948,Cortometraje,The Dandelion Cortex,2021,1,tt12048090
949,Cortometraje,Another Happy Ever After,2021,7,tt12047654
950,Cortometraje,Days Lost,2021,1,tt12051110
951,Cortometraje,Love in the Time of Isolation,2021,2,tt12052990
952,Cortometraje,One War,2021,2,tt12053328
953,Cortometraje,Cyn,2021,3,tt12055404
954,Cortometraje,Formulation,2021,7,tt12060046
955,Cortometraje,Besöket,2021,7,tt12060664
956,Cortometraje,Duvar,2021,1,tt12063594
957,Cortometraje,Malign,2021,5,tt12076718
958,Cortometraje,TolisLive i (Toronto),2021,10,tt12078610
959,Cortometraje,Sonata,2021,1,tt12078050
960,Cortometraje,The Prospector,2021,5,tt12082856
961,Cortometraje,Sanctum,2021,9,tt12089260
962,Cortometraje,A Smile in Every Slice,2021,8,tt12099304
963,Cortometraje,Adamant,2021,,tt12098966
964,Cortometraje,Volver al sur,2021,5,tt12101076
965,Cortometraje,Pieces Left Behind,2021,,tt12106238
966,Cortometraje,Dragonfly,2021,,tt12121228
967,Cortometraje,Better Now,2021,4,tt12144864
968,Cortometraje,The Imperfect Picture,2021,3,tt12153372
969,Cortometraje,Buhi,2021,,tt12154432
970,Cortometraje,A Machine for Boredom,2021,5,tt12157862
971,Cortometraje,Two Winters,2021,,tt12160464
972,Cortometraje,The Rule of Three,2021,5,tt12163974
973,Cortometraje,Peak XV,2021,3,tt12177084
974,Cortometraje,Reflex,2021,5,tt12179884
975,Cortometraje,The man who talks to the river,2021,4,tt12179564
976,Cortometraje,Persistence of the Past,2021,1,tt12180042
977,Cortometraje,Bala,2021,1,tt12182196
978,Cortometraje,Lady M.,2021,3,tt12185928
979,Cortometraje,Untitled Project,2021,3,tt12187494
980,Cortometraje,Once upon a time in Manila,2021,3,tt12188828
981,Cortometraje,Total Darkness,2021,8,tt12193606
982,Cortometraje,The Kids of the Sea,2021,5,tt12199654
983,Cortometraje,Sellout,2021,3,tt12198570
984,Cortometraje,Tea,2021,,tt12202180
985,Cortometraje,Prolonged Silence,2021,-,tt12211134
986,Cortometraje,Red Rain,2021,,tt12211884
987,Cortometraje,Birdwatching,2021,11,tt12219854
988,Cortometraje,Eva,2021,1,tt12223390
989,Cortometraje,Scene Study,2021,6,tt12221788
990,Cortometraje,Last Wish,2021,2,tt12221818
991,Cortometraje,The First Goodbye,2021,2,tt12225586
992,Cortometraje,"Strange Lover, Or: How I Learned to Stop Worrying and Love the Quarantine",2021,10,tt12225450
993,Cortometraje,Windmill City,2021,9,tt12227072
994,Cortometraje,KYOM (Insect),2021,-,tt12230052
995,Cortometraje,La colcha y la madre,2021,6,tt12233006
996,Cortometraje,Farrucas,2021,6,tt12237226
997,Cortometraje,Fester,2021,,tt12239480
998,Cortometraje,Miles to Go,2021,3,tt12240110
999,Cortometraje,Little Trees Everywhere,2021,5,tt12250392
1000,Cortometraje,Kill Switch,2022,10,tt10001728
1001,Cortometraje,Siempre Yo,2022,3,tt10003926
1002,Cortometraje,Città d'Oro,2022,2,tt10135104
1003,Cortometraje,The Wake,2022,4,tt10217222
1004,Cortometraje,Toxicos,2022,11,tt10303920
1005,Cortometraje,Price,2022,10,tt10343626
1006,Cortometraje,Not Ready,2022,6,tt10369606
1007,Cortometraje,Intolerance,2022,,tt10388220
1008,Cortometraje,Cousins,2022,,tt10422498
1009,Cortometraje,Scarecrow,2022,12,tt10597604
1010,Cortometraje,Cynisca Reborn,2022,12,tt10601566
1011,Cortometraje,Inside,2022,1,tt10628016
1012,Cortometraje,Out,2022,4,tt10653498
1013,Cortometraje,"I Love You, Guys",2022,5,tt10653054
1014,Cortometraje,North Star,2022,1,tt10684644
1015,Cortometraje,The Deal,2022,6,tt10696052
1016,Cortometraje,True to Life,2022,11,tt10701764
1017,Cortometraje,Elle,2022,,tt10767508
1018,Cortometraje,Avalon Drive,2022,,tt10771320
1019,Cortometraje,The Light,2022,,tt10783094
1020,Cortometraje,Astroman,2022,2,tt10821268
1021,Cortometraje,Belvedere,2022,8,tt10903882
1022,Cortometraje,The Resonance Principle,2022,4,tt10934192
1023,Cortometraje,Essence of Love,2022,1,tt11063938
1024,Cortometraje,Enough,2022,,tt11073838
1025,Cortometraje,Tonight,2022,1,tt11113048
1026,Cortometraje,Come on Home,2022,,tt11198098
1027,Cortometraje,Tapu,2022,1,tt11203784
1028,Cortometraje,Transgressing,2022,,tt11202078
1029,Cortometraje,Diné,2022,11,tt11247732
1030,Cortometraje,Swings and Roundabouts,2022,4,tt11261312
1031,Cortometraje,Alice,2022,1,tt11349582
1032,Cortometraje,Life After You,2022,,tt11348008
1033,Cortometraje,Jungle,2022,12,tt11501984
1034,Cortometraje,Family Portrait,2022,9,tt11513472
1035,Cortometraje,Storage Room,2022,,tt11526654
1036,Cortometraje,Los Patines,2022,6,tt11530796
1037,Cortometraje,Pulpo Circus,2022,,tt11560380
1038,Cortometraje,The Lego Batman and Spider-Man Movie,2022,1,tt11579056
1039,Cortometraje,The Lie,2022,,tt11638946
1040,Cortometraje,Taxi Driver Uncut,2022,8,tt11650840
1041,Cortometraje,Roque,2022,9,tt11661506
1042,Cortometraje,Two Plus Two,2022,2,tt11669304
1043,Cortometraje,Abandoned,2022,,tt11701940
1044,Cortometraje,Vlihi,2022,5,tt11729844
1045,Cortometraje,Rebound,2022,,tt11733110
1046,Cortometraje,Encounter,2022,,tt11790062
1047,Cortometraje,Ghost of the Lake,2022,,tt11885520
1048,Cortometraje,The Mourning Of,2022,,tt11894084
1049,Cortometraje,Pretty Boy,2022,9,tt11923182
1050,Cortometraje,Hidden Fight,2022,,tt11940614
1051,Cortometraje,El Gallo,2022,9,tt11958336
1052,Cortometraje,Norm's Birthday,2022,9,tt11992906
1053,Cortometraje,Vi lyser i mørket,2022,7,tt12058510
1054,Cortometraje,Georgia,2022,2,tt12076714
1055,Cortometraje,Happiness,2022,1,tt12076878
1056,Cortometraje,Fin,2022,,tt12082846
1057,Cortometraje,Together,2022,,tt12093178
1058,Cortometraje,Scout's Honour,2022,,tt12105324
1059,Cortometraje,A Snapshot,2022,,tt12126336
1060,Cortometraje,La maison de l'hypocrisie,2022,8,tt12142898
1061,Cortometraje,Faceless,2022,,tt12175390
1062,Cortometraje,My Heart Is No Longer an Orphan,2022,10,tt12183014
1063,Cortometraje,Road to El Kef,2022,1,tt12210112
1064,Cortometraje,The Dealer,2022,4,tt12221296
1065,Cortometraje,The Woman Inside Me,2022,,tt12275444
1066,Cortometraje,One Life,2022,,tt12316990
1067,Cortometraje,Dear Sweet Jacob,2022,12,tt12385496
1068,Cortometraje,Rebel Nature,2022,,tt12408294
1069,Cortometraje,The Pen,2022,,tt12455644
1070,Cortometraje,Anti-Utopia,2022,,tt12464572
1071,Cortometraje,Fermoirophobia,2022,2,tt12560934
1072,Cortometraje,Great Seeing You,2022,9,tt12556986
1073,Cortometraje,Post Comedy,2022,,tt12570042
1074,Cortometraje,Mfinfini: Somewhere In-between,2022,9,tt12586958
1075,Cortometraje,Incognito: Part I,2022,10,tt12606368
1076,Cortometraje,Suppression,2022,,tt12619638
1077,Cortometraje,Those Days,2022,,tt12667998
1078,Cortometraje,Sob Influência,2022,9,tt12669938
1079,Cortometraje,Choices and Decisions,2022,2,tt12677942
1080,Cortometraje,An Apology,2022,11,tt12688292
1081,Cortometraje,Just Like the Butterfly,2022,3,tt12717804
1082,Cortometraje,Dillon,2022,10,tt12786974
1083,Cortometraje,The Right Thing,2022,7,tt12798182
1084,Cortometraje,Pripyat,2022,,tt12824634
1085,Cortometraje,Olga,2022,1,tt12833000
1086,Cortometraje,Hat,2022,4,tt12937600
1087,Cortometraje,Wednesdays at 5,2022,,tt12960166
1088,Cortometraje,A Gentle Presentation,2022,,tt13023112
1089,Cortometraje,Sunday Roast,2022,,tt13041500
1090,Cortometraje,Down the Street,2022,,tt13055126
1091,Cortometraje,Babygirl,2022,7,tt13059934
1092,Cortometraje,Stuck in the Cycle,2022,3,tt13067244
1093,Cortometraje,There's Something Wrong with Paul,2022,,tt13066414
1094,Cortometraje,Sand,2022,2,tt13080694
1095,Cortometraje,A Walk in West LA,2022,2,tt13148552
1096,Cortometraje,The Sound Eye,2022,3,tt13154644
1097,Cortometraje,Suitcase,2022,1,tt13161958
1098,Cortometraje,Folding,2022,,tt13207702
1099,Cortometraje,Ilhas do Triângulo,2022,1,tt13238252
1100,Cortometraje,The Playboy of Park Slope,2022,,tt13242374
1101,Cortometraje,The Chair,2022,1,tt13242170
1102,Cortometraje,The Wild One,2022,10,tt13255734
1103,Cortometraje,"T, TT, Terri, or Teresa...",2022,7,tt13267262
1104,Cortometraje,The Magical World of Miracles,2022,,tt13294446
1105,Cortometraje,"Deep Pockets, Empty Hearts",2022,6,tt13340190
1106,Cortometraje,Moonset: The Darkest Hour Before Sunrise,2022,2,tt13350730
1107,Cortometraje,Takeoff,2022,1,tt13400378
1108,Cortometraje,The Ice Cream Stop,2022,,tt13404750
1109,Cortometraje,Lachesis,2022,,tt13416758
1110,Cortometraje,Nepantla,2022,5,tt13444486
1111,Cortometraje,Passage,2022,12,tt13455596
1112,Cortometraje,Masala Plug,2022,,tt13485560
1113,Cortometraje,"You, Per Serving",2022,,tt13494830
1114,Cortometraje,2020,2022,,tt13497866
1115,Cortometraje,The Jaguar Dancer,2022,,tt13522584
1116,Cortometraje,I'll be with you in the dark,2022,12,tt13527454
1117,Cortometraje,Release,2022,3,tt13562084
1118,Cortometraje,Blue Journey,2022,,tt13582170
1119,Cortometraje,The Gifted Hypothesis,2022,1,tt13592912
1120,Cortometraje,Autoerótico,2022,11,tt13594296
1121,Cortometraje,Reaching Four,2022,,tt13606890
1122,Cortometraje,Not Far from Here,2022,,tt13604948
1123,Cortometraje,To the Moon,2022,,tt13611698
1124,Cortometraje,MUG,2022,,tt13633956
1125,Cortometraje,Kairos,2022,10,tt13639946
1126,Cortometraje,973,2022,5,tt13674082
1127,Cortometraje,Phoebus Thimming's Vicious Scribblings,2022,4,tt13675764
1128,Cortometraje,R0bb1e (Robbie),2022,6,tt13681526
1129,Cortometraje,Learning Not to Drown,2022,,tt13695016
1130,Cortometraje,Pretty Enough?,2022,,tt13720260
1131,Cortometraje,I Am Unheard,2022,12,tt13730182
1132,Cortometraje,The writer it has Begun,2022,1,tt13736414
1133,Cortometraje,Cold,2022,7,tt13787350
1134,Cortometraje,You Are Loved,2022,12,tt13816758
1135,Cortometraje,Find the Light,2022,3,tt13819076
1136,Cortometraje,Dream Sequence,2022,1,tt13826902
1137,Cortometraje,Fun Sized Trouble,2022,9,tt13826490
1138,Cortometraje,Laughing Boy,2022,9,tt13852240
1139,Cortometraje,Alientation,2022,10,tt13874816
1140,Cortometraje,Antrobodim,2022,,tt13875516
1141,Cortometraje,Ava,2022,7,tt13880898
1142,Cortometraje,Kuinka käänsin rabobeston kylkiasentoon,2022,12,tt13885912
1143,Cortometraje,"With You, I Found Me",2022,,tt13892940
1144,Cortometraje,Honey,2022,,tt13892760
1145,Cortometraje,HL-64,2022,,tt13920682
1146,Cortometraje,Too Rough,2022,3,tt13940764
1147,Cortometraje,Vendôme Blues,2022,,tt13945560
1148,Cortometraje,Twenty-Two,2022,,tt13957592
1149,Cortometraje,Seks gange du gjorde noget du fortrød,2022,,tt13962866
1150,Cortometraje,Neuroses,2022,,tt13966452
1151,Cortometraje,Joan tiene un secreto,2022,1,tt13971258
1152,Cortometraje,Beloc el Ciego,2022,9,tt13974956
1153,Cortometraje,Batman: Fall of the Family,2022,,tt13977524
1154,Cortometraje,Flounder,2022,1,tt13982920
1155,Cortometraje,Old Windows,2022,1,tt13981714
1156,Cortometraje,The Wrong Guy,2022,2,tt13993976
1157,Cortometraje,"His, Ours, A",2022,6,tt13997912
1158,Cortometraje,The Choice,2022,,tt14024936
1159,Cortometraje,Photosynthesis,2022,11,tt14024276
1160,Cortometraje,Valid Glitter,2022,9,tt14036852
1161,Cortometraje,Sundry,2022,,tt14056848
1162,Cortometraje,Balaclava Lane,2022,2,tt14061798
1163,Cortometraje,Condition,2022,1,tt14063686
1164,Cortometraje,Cu Cus Clã,2022,9,tt14074550
1165,Cortometraje,The Line Between Us,2022,1,tt14083024
1166,Cortometraje,Pretence,2022,1,tt14097108
1167,Cortometraje,Breathe,2022,1,tt14103944
1168,Cortometraje,Bonde,2022,3,tt14104176
1169,Cortometraje,Absprung,2022,1,tt14118226
1170,Cortometraje,Nails,2022,,tt14125534
1171,Cortometraje,"Exist, Not Exist",2022,12,tt14136096
1172,Cortometraje,Blood,2022,,tt14158964
1173,Cortometraje,The Old Man and the House,2022,,tt14180410
1174,Cortometraje,"Goodbye, Monster",2022,9,tt14181530
1175,Cortometraje,Within I,2022,,tt14188058
1176,Cortometraje,Wormies,2022,,tt14209532
1177,Cortometraje,Seeds,2022,1,tt14215200
1178,Cortometraje,This was home,2022,,tt14215280
1179,Cortometraje,The End of It All,2022,,tt14214542
1180,Cortometraje,Wish You Were Here,2022,,tt14222752
1181,Cortometraje,Burden,2022,7,tt14225952
1182,Cortometraje,The Family,2022,,tt14226740
1183,Cortometraje,Gun Z,2022,,tt14227102
1184,Cortometraje,Kindred High Road,2022,,tt14250948
1185,Cortometraje,From Daughter to Father,2022,8,tt14257380
1186,Cortometraje,Fenix,2022,2,tt14259318
1187,Cortometraje,Dead Whistle Stop,2022,,tt14276164
1188,Cortometraje,Karina,2022,4,tt14288552
1189,Cortometraje,Una ola de esperanza,2022,6,tt14288548
1190,Cortometraje,When A Flame Dies Out,2022,,tt14293746
1191,Cortometraje,The Illusion,2022,5,tt14298296
1192,Cortometraje,Diabolical IV,2022,3,tt14311244
1193,Cortometraje,My Mother's Love,2022,8,tt14316404
1194,Cortometraje,At Her End,2022,,tt14316568
1195,Cortometraje,Summer After,2022,5,tt14330650
1196,Cortometraje,The Job,2022,,tt14343192
1197,Cortometraje,Sin Fondo,2022,,tt14346602
1198,Cortometraje,This and That,2022,,tt14346076
1199,Cortometraje,High Hopes,2022,10,tt14355322
1200,Cortometraje,A Life Within,2022,5,tt14370540
1201,Cortometraje,Glimpse of my Mind,2022,5,tt14371242
1202,Cortometraje,Klara,2022,3,tt14375778
1203,Cortometraje,Positive Thoughts,2022,7,tt14390292
1204,Cortometraje,Season of Expectations,2022,,tt14395726
1205,Cortometraje,The Principal's Assembly,2022,4,tt14390552
1206,Cortometraje,Saving Faith,2022,5,tt14402344
1207,Cortometraje,Dr. West's Fervor,2022,6,tt14412406
1208,Cortometraje,Recycle,2022,5,tt14415432
1209,Cortometraje,La fille sans espoir,2022,6,tt14417022
1210,Cortometraje,The Girl Without Hope,2022,7,tt14420774
1211,Cortometraje,We Believe You,2022,,tt14425528
1212,Cortometraje,Boredom,2022,1,tt14426102
1213,Cortometraje,The Fires We Play With,2022,2,tt14437606
1214,Cortometraje,El legado de Alicia,2022,2,tt14441410
1215,Cortometraje,All Things Full of Weariness,2022,,tt14437762
1216,Cortometraje,Without Me,2022,7,tt14444394
1217,Cortometraje,No Peanuts for Brooks McGill,2022,8,tt14450678
1218,Cortometraje,Mal Viento,2022,10,tt14456566
1219,Cortometraje,The Butterfly and the Wasp,2022,5,tt14460128
1220,Cortometraje,Masaru,2022,4,tt14464198
1221,Cortometraje,A Juddering,2022,1,tt14474038
1222,Cortometraje,"Taboo, the Film",2022,2,tt14482850
1223,Cortometraje,Motions,2022,,tt14480468
1224,Cortometraje,The Event,2022,1,tt14489296
1225,Cortometraje,The Blonde Bombshell,2022,1,tt14491078
1226,Cortometraje,Good Men and Unicorns,2022,,tt14494974
1227,Cortometraje,Moving On,2022,1,tt14494574
1228,Cortometraje,The 82 Tiles,2022,,tt14501174
1229,Cortometraje,Honeywell,2022,11,tt14498462
1230,Cortometraje,Dandelion's Promise,2022,,tt14500924
1231,Cortometraje,Daughter of God,2022,10,tt14507204
1232,Cortometraje,Lovely Atrophy,2022,,tt14507386
1233,Cortometraje,Your Forever Ocean,2022,,tt14507360
1234,Cortometraje,Mirage,2022,,tt14513426
1235,Cortometraje,Dios no escribe poesía,2022,7,tt14521892
1236,Cortometraje,How to be Human,2022,,tt14533556
1237,Cortometraje,Perros Cebados,2022,,tt14552716
1238,Cortometraje,Jean Denis,2022,,tt14552252
1239,Cortometraje,When You Leave,2022,,tt14557014
1240,Cortometraje,The Last Train to Wales,2022,3,tt14565648
1241,Cortometraje,Divine Living,2022,6,tt14569118
1242,Cortometraje,Jeg Husker Dig,2022,,tt14571734
1243,Cortometraje,The Company We Keep,2022,,tt14576998
1244,Cortometraje,Orumai,2022,,tt14592262
1245,Cortometraje,A Choice to Make,2022,1,tt14597346
1246,Cortometraje,Former Gang member,2022,1,tt14597314
1247,Cortometraje,Tanit,2022,,tt14604464
1248,Cortometraje,Starlight,2022,,tt14609208
1249,Cortometraje,Amicable,2022,,tt14612094
1250,Cortometraje,Left,2022,,tt14617598
1251,Cortometraje,The Unexpected,2022,7,tt14635562
1252,Cortometraje,Rushed,2022,12,tt14637680
1253,Cortometraje,Na de Zonde,2022,3,tt14637604
1254,Cortometraje,A Beautiful Sin,2022,5,tt14648240
1255,Cortometraje,Sonar,2022,4,tt14661358
1256,Cortometraje,Antigone - Ant(íg)on(i)a,2022,,tt14664412
1257,Cortometraje,Plein air,2022,10,tt14664602
1258,Cortometraje,Weapons and Their Names,2022,,tt14668858
1259,Cortometraje,Annabel Lee,2022,6,tt14673426
1260,Cortometraje,Doomer,2022,1,tt14676038
1261,Cortometraje,Fifty-Four Days,2022,,tt14677812
1262,Cortometraje,The Music Box,2022,1,tt14676600
1263,Cortometraje,Bruised,2022,2,tt14678274
1264,Cortometraje,Un Día Más Un Día Menos,2022,5,tt14680636
1265,Cortometraje,Serge,2022,12,tt14683676
1266,Cortometraje,Voices,2022,,tt14687810
1267,Cortometraje,Gebranntes Kind,2022,2,tt14692108
1268,Cortometraje,Black Butterflies,2022,,tt14694064
1269,Cortometraje,Wrap Me in a Sheet,2022,9,tt14695608
1270,Cortometraje,Laurina,2022,,tt14698676
1271,Cortometraje,Afrodita,2022,12,tt14706852
1272,Cortometraje,Alto Voltaje,2022,10,tt14710568
1273,Cortometraje,Control Alt Delete,2022,,tt14720330
1274,Cortometraje,The Coronavirus: Unmasked,2022,1,tt14721048
1275,Cortometraje,Slot,2022,,tt14720810
1276,Cortometraje,Tattooed,2022,5,tt14723850
1277,Cortometraje,Showtime,2022,,tt14725494
1278,Cortometraje,The Call of Water,2022,1,tt14730414
1279,Cortometraje,The Light Burns Blue,2022,9,tt14736404
1280,Cortometraje,The After Talk,2022,,tt14754594
1281,Cortometraje,Novacene,2022,2,tt14756682
1282,Cortometraje,Yoddha,2022,12,tt14759968
1283,Cortometraje,SKAT,2022,1,tt14760234
1284,Cortometraje,Girl,2022,6,tt14760062
1285,Cortometraje,WALKA!,2022,,tt14765202
1286,Cortometraje,2:32am,2022,,tt14766088
1287,Cortometraje,The Horologist,2022,2,tt14766342
1288,Cortometraje,I Do Care,2022,2,tt14766350
1289,Cortometraje,Desatado,2022,,tt14766532
1290,Cortometraje,Maternal,2022,,tt14767634
1291,Cortometraje,Race,2022,6,tt14773526
1292,Cortometraje,Stella&Max an Urban Luv Story,2022,,tt14771234
1293,Cortometraje,Golden Boy,2022,8,tt14771182
1294,Cortometraje,Color of Brothers,2022,5,tt14771886
1295,Cortometraje,Farewell My Melody,2022,12,tt14776632
1296,Cortometraje,Dearly Departed,2022,4,tt14778976
1297,Cortometraje,Erase: A Public Health Story,2022,6,tt14777184
1298,Cortometraje,Transcendental Unity of Apperception,2022,5,tt14785590
1299,Cortometraje,Masterpiece: GoldMind,2022,,tt14791622
1300,Cortometraje,An Evening's Trail,2022,2,tt14796584
1301,Cortometraje,Sensibility,2022,6,tt14803220
1302,Cortometraje,The Skin I'm in Vol 1. Melanin Melanie,2022,10,tt14801066
1303,Cortometraje,Running in the Desert,2022,,tt14805192
1304,Cortometraje,Obhyesh,2022,,tt14804272
1305,Cortometraje,Dessert,2022,2,tt14804176
1306,Cortometraje,The Keys,2022,,tt14811290
1307,Cortometraje,Heaven's Gate,2022,-,tt14807362
1308,Cortometraje,Milo,2022,2,tt14809390
1309,Cortometraje,Consumption,2022,,tt14812860
1310,Cortometraje,The Reunion,2022,,tt14813752
1311,Cortometraje,Disaster Patient,2022,6,tt14820368
1312,Cortometraje,Father's Hands,2022,,tt14820756
1313,Cortometraje,Pass It On,2022,,tt14834540
1314,Cortometraje,Tender Ears,2022,,tt14836618
1315,Cortometraje,Bolognese,2022,,tt14837340
1316,Cortometraje,The Walker,2022,,tt14848968
1317,Cortometraje,Relationshirt,2022,6,tt14850290
1318,Cortometraje,Club Lago,2022,,tt14862094
1319,Cortometraje,The Elephant,2022,,tt14874072
1320,Cortometraje,Family Ties,2022,,tt14877284
1321,Cortometraje,Black Out,2022,10,tt14879902
1322,Cortometraje,Gentle,2022,3,tt14886970
1323,Cortometraje,Ophelia,2022,1,tt14891950
1324,Cortometraje,You're Talking to Yourself Again,2022,1,tt14891646
1325,Cortometraje,.38,2022,,tt14900418
1326,Cortometraje,Sweet Dreams Baby Girl,2022,,tt14901366
1327,Cortometraje,Værst om sommeren,2022,,tt14904420
1328,Cortometraje,A Silent Truth,2022,,tt14907070
1329,Cortometraje,A Poisonous Tree,2022,2,tt14905874
1330,Cortometraje,Serial,2022,5,tt14906316
1331,Cortometraje,Puppy,2022,-,tt14918826
1332,Cortometraje,Trick Shot,2022,1,tt14921270
1333,Cortometraje,China White,2022,,tt14921734
1334,Cortometraje,Stripper,2022,3,tt14925350
1335,Cortometraje,Kingdom of Judas,2022,2,tt14932988
1336,Cortometraje,A Bellevue Love Story,2022,3,tt14938814
1337,Cortometraje,Berenklauw,2022,,tt14942650
1338,Cortometraje,Choking Hazard,2022,3,tt14947270
1339,Cortometraje,HANDS ON,2022,,tt14947156
1340,Cortometraje,Folklore Americana,2022,,tt14952980
1341,Cortometraje,One Girl's Story,2022,1,tt14953808
1342,Cortometraje,Hit Rewind,2022,,tt14955778
1343,Cortometraje,Project Spores: All We Lost,2022,2,tt14961712
1344,Cortometraje,The One in The Mirror,2022,,tt14968504
1345,Cortometraje,Closer than Ever,2022,,tt14968368
1346,Cortometraje,Milly and Milo,2022,,tt14980316
1347,Cortometraje,Lucid,2022,,tt14978836
1348,Cortometraje,Where Did the Love Go?,2022,,tt14979336
1349,Cortometraje,Written Down,2022,5,tt14980772
1350,Cortometraje,Infidele',2022,1,tt14984696
1351,Cortometraje,Dancing on the Doorstep,2022,8,tt14986566
1352,Cortometraje,Plan Ahead,2022,,tt14994888
1353,Cortometraje,Swiped,2022,2,tt14992152
1354,Cortometraje,The recruitment,2022,1,tt14994058
1355,Cortometraje,Parent Alienation,2022,5,tt14992888
1356,Cortometraje,A-Solo,2022,4,tt15000960
1357,Cortometraje,God's Land,2022,1,tt15007198
1358,Cortometraje,"I Am Fine, Thank You.",2022,5,tt15011636
1359,Cortometraje,Our Leading Lady,2022,,tt15021616
1360,Cortometraje,Maria,2022,,tt15028874
1361,Cortometraje,Away from It All,2022,1,tt15032714
1362,Cortometraje,Black Bottom Bailey,2022,11,tt15041114
1363,Cortometraje,Growing,2022,,tt15041702
1364,Cortometraje,A Trip to Georgia,2022,,tt15049128
1365,Cortometraje,Kid,2022,,tt15052668
1366,Cortometraje,Consternation,2022,1,tt15051600
1367,Cortometraje,The Couple Upstairs,2022,4,tt15055706
1368,Cortometraje,Jitters,2022,2,tt15056988
1369,Cortometraje,Segue de Volta,2022,1,tt15063238
1370,Cortometraje,Hollowed Homes,2022,3,tt15065154
1371,Cortometraje,Groomsday,2022,2,tt15071386
1372,Cortometraje,Untitled Rapunzel Project,2022,,tt15070680
1373,Cortometraje,Closed Seams,2022,,tt15078716
1374,Cortometraje,Court of Honor,2022,,tt15076916
1375,Cortometraje,El Semblante,2022,3,tt15083118
1376,Cortometraje,Stardust,2022,,tt15085566
1377,Cortometraje,Sydney,2022,1,tt15088674
1378,Cortometraje,Blindsight,2022,,tt15095074
1379,Cortometraje,Disposable,2022,3,tt15094522
1380,Cortometraje,A Brother Story,2022,,tt15096022
1381,Cortometraje,Saving Elodie,2022,,tt15097256
1382,Cortometraje,Lathi - Walking Stick,2022,3,tt15097010
1383,Cortometraje,Currents,2022,,tt15099398
1384,Cortometraje,Killed by a Diamond,2022,5,tt15100438
1385,Cortometraje,Sutherland,2022,10,tt15106588
1386,Cortometraje,Smile,2022,4,tt15113018
1387,Cortometraje,Milton,2022,,tt15113296
1388,Cortometraje,The Shrew,2022,,tt15112564
1389,Cortometraje,Mum Singh,2022,3,tt15115228
1390,Cortometraje,Red Wine and Rain,2022,,tt15125324
1391,Cortometraje,Far West,2022,3,tt15125858
1392,Cortometraje,Censored,2022,7,tt15127342
1393,Cortometraje,The Last Night of the World,2022,8,tt15128556
1394,Cortometraje,2B,2022,1,tt15128134
1395,Cortometraje,Borders,2022,5,tt15127664
1396,Cortometraje,Jay,2022,2,tt15127786
1397,Cortometraje,Child Runaways,2022,,tt15131516
1398,Cortometraje,Como nos vemos,2022,9,tt15128660
1399,Cortometraje,Mystic Tiger,2022,,tt15132930
1400,Cortometraje,Bread and Circuses,2022,5,tt15133892
1401,Cortometraje,Pop Tart Sugar Dip,2022,1,tt15132556
1402,Cortometraje,Jam,2022,8,tt15135094
1403,Cortometraje,Cyber-Ex,2022,4,tt15134514
1404,Cortometraje,Champ,2022,1,tt15139848
1405,Cortometraje,Walk Alone,2022,5,tt15140118
1406,Cortometraje,Black & White Duppy,2022,,tt15140072
1407,Cortometraje,On the Scene 2,2022,2,tt15145610
1408,Cortometraje,A Marriage,2022,,tt15150804
1409,Cortometraje,Sunrises for Darling,2022,,tt15148870
1410,Cortometraje,Borrowed Happiness,2022,,tt15153030
1411,Cortometraje,"When'll you die, Grandad?",2022,12,tt15157120
1412,Cortometraje,Under His Watch,2022,,tt15156650
1413,Cortometraje,Elefanten,2022,1,tt15162656
1414,Cortometraje,Cydney,2022,7,tt15163068
1415,Cortometraje,Warm Red Wine,2022,,tt15163404
1416,Cortometraje,Focail Baile Croí (Words Home Heart),2022,7,tt15164540
1417,Cortometraje,Lambing,2022,7,tt15164598
1418,Cortometraje,Everybody Don't Electric Slide,2022,2,tt15171392
1419,Cortometraje,Hold Up,2022,1,tt15174050
1420,Cortometraje,The Queen of Pandora's Box,2022,,tt15174460
1421,Cortometraje,For Paloma,2022,4,tt15178888
1422,Cortometraje,Break of dawn,2022,,tt15179654
1423,Cortometraje,Sort Negl,2022,,tt15180170
1424,Cortometraje,Where the Light Enters,2022,5,tt15176380
1425,Cortometraje,Conflict,2022,,tt15182474
1426,Cortometraje,My Life Stopped at 15,2022,1,tt15185368
1427,Cortometraje,Silver Strings,2022,,tt15185938
1428,Cortometraje,Wastoid,2022,-,tt15191972
1429,Cortometraje,Indelible Lives,2022,2,tt15190366
1430,Cortometraje,The House,2022,,tt15192840
1431,Cortometraje,Fugue to Washoe County,2022,-,tt15192264
1432,Cortometraje,Anything You Can Do,2022,9,tt15202172
1433,Cortometraje,TRIA - del sentimento del tradire,2022,9,tt15203884
1434,Cortometraje,The Gift,2022,1,tt15203386
1435,Cortometraje,In Pieces,2022,5,tt15202252
1436,Cortometraje,Tara Hill,2022,5,tt15214504
1437,Cortometraje,Torn,2022,2,tt15216168
1438,Cortometraje,Dog Human Vs. Power Human,2022,1,tt15215478
1439,Cortometraje,Capricious Company,2022,1,tt15222170
1440,Cortometraje,Fat Lip,2022,5,tt15219316
1441,Cortometraje,(Im)pure,2022,12,tt15219770
1442,Cortometraje,Opening the Montrachet,2022,2,tt15222126
1443,Cortometraje,The Most Creative,2022,1,tt15221258
1444,Cortometraje,The Recital,2022,1,tt15221590
1445,Cortometraje,Shrapnel,2022,7,tt15225108
1446,Cortometraje,On A Draw,2022,,tt15230430
1447,Cortometraje,The Masks We Wear,2022,-,tt15232674
1448,Cortometraje,Old Enough,2022,4,tt15233574
1449,Cortometraje,Succulente,2022,1,tt15235412
1450,Cortometraje,The Least I Can Do,2022,-,tt15237646
1451,Cortometraje,Laughter Club,2022,7,tt15238688
1452,Cortometraje,Breakdown,2022,,tt15238240
1453,Cortometraje,In a Heartbeat,2022,1,tt15241934
1454,Cortometraje,Nazar,2022,7,tt15244796
1455,Cortometraje,Shell-Shocked,2022,6,tt15248194
1456,Cortometraje,Sicatriz,2022,6,tt15253480
1457,Cortometraje,The Grey in Between,2022,,tt15255888
1458,Cortometraje,Summer,2022,1,tt15255532
1459,Cortometraje,Open Water,2022,,tt15258198
1460,Cortometraje,Pagbutwa halin sa kahidalman,2022,1,tt15261246
1461,Cortometraje,This Is for You,2022,,tt15261034
1462,Cortometraje,Best Man Wins,2022,1,tt15263142
1463,Cortometraje,Mr. Scotty's Time Machine,2022,1,tt15262848
1464,Cortometraje,On the Sidewalk,2022,2,tt15267566
1465,Cortometraje,Used Furniture,2022,12,tt15268162
1466,Cortometraje,Against the Wind,2022,,tt15268260
1467,Cortometraje,Cycle of Violence: ERIK,2022,1,tt15269420
1468,Cortometraje,Five and a Half,2022,1,tt15275760
1469,Cortometraje,The Girl on Camera,2022,11,tt15274812
1470,Cortometraje,ACCEPTER,2022,12,tt15279894
1471,Cortometraje,Gratia Plena,2022,1,tt15277070
1472,Cortometraje,The Spirit God Gave Us,2022,7,tt15279888
1473,Cortometraje,Muerte,2022,3,tt15282026
1474,Cortometraje,In Memory Of,2022,2,tt15279992
1475,Cortometraje,Exposure Therapy,2022,,tt15280906
1476,Cortometraje,Güicho,2022,-,tt15295326
1477,Cortometraje,Dismissal Time,2022,,tt15301894
1478,Cortometraje,The Wager,2022,,tt15300418
1479,Cortometraje,House of Cards,2022,,tt15301728
1480,Cortometraje,Achaar (Pickle),2022,5,tt15302666
1481,Cortometraje,En af drengene,2022,8,tt15307228
1482,Cortometraje,Uncommon Negotiator,2022,,tt15307634
1483,Cortometraje,I'll Be Frank,2022,,tt15311442
1484,Cortometraje,Forgot to Forget,2022,,tt15311426
1485,Cortometraje,Hvem skriver du med?,2022,1,tt15307632
1486,Cortometraje,Almost Rooted,2022,1,tt15307700
1487,Cortometraje,La Vida Nueva,2022,4,tt15313086
1488,Cortometraje,Teneri germogli di brughiera,2022,1,tt15319916
1489,Cortometraje,What You Want,2022,,tt15319184
1490,Cortometraje,White Picket Fence,2022,7,tt15320298
1491,Cortometraje,A Mother's Nature,2022,,tt15330632
1492,Cortometraje,Succeed to Escape,2022,4,tt15336620
1493,Cortometraje,Lux,2022,,tt15334182
1494,Cortometraje,"Sincerely,",2022,,tt15334132
1495,Cortometraje,The Corpse in Room 348,2022,5,tt15339684
1496,Cortometraje,Blood Buddies,2022,10,tt15340152
1497,Cortometraje,Punkin,2022,9,tt15335004
1498,Cortometraje,Waiting for Eve,2022,1,tt15337392
1499,Cortometraje,Neighbors,2022,1,tt15340908
1500,Cortometraje,Astray,2023,6,tt10242552
1501,Cortometraje,Bedroom,2023,5,tt12941822
1502,Cortometraje,Gouge,2023,7,tt12942176
1503,Cortometraje,In Control of Me,2023,9,tt14329118
1504,Cortometraje,Bury a Dream,2023,2,tt14412048
1505,Cortometraje,Pieces of My Husband & His Friends,2023,11,tt14700656
1506,Cortometraje,O Fim do Verão,2023,,tt15061326
1507,Cortometraje,2030,2023,,tt15462438
1508,Cortometraje,Xmas,2023,3,tt6325374
1509,Cortometraje,R.A.T,2023,,tt16769782
1510,Cortometraje,First Mission,2023,5,tt16030316
1511,Cortometraje,Silent Proclivities,2023,1,tt16382922
1512,Cortometraje,Facebook,2023,2,tt15770114
1513,Cortometraje,The Pendant of Persia,2023,,tt16996540
1514,Cortometraje,Brother,2023,,tt17003510
1515,Cortometraje,Sweetheart,2023,7,tt17350036
1516,Cortometraje,Zidane Roulette,2023,3,tt17351942
1517,Cortometraje,Incidental,2023,4,tt17677510
1518,Cortometraje,Wake up with me,2023,,tt18160884
1519,Cortometraje,Shadows Fall Behind You,2023,,tt18226288
1520,Cortometraje,Tell Me(Lies),2023,4,tt18284310
1521,Cortometraje,The Heroic,2023,,tt18293510
1522,Cortometraje,Restitution,2023,2,tt18303312
1523,Cortometraje,This End,2023,1,tt18304360
1524,Cortometraje,Roll with It,2023,1,tt18567588
1525,Cortometraje,Ask the Mask,2023,,tt18766098
1526,Cortometraje,Inimicus,2023,,tt18930628
1527,Cortometraje,The Love We Knew,2023,,tt18950928
1528,Cortometraje,Choose the Right,2023,,tt19045634
1529,Cortometraje,Pending...,2023,1,tt19226682
1530,Cortometraje,11:53,2023,2,tt19317000
1531,Cortometraje,As Night Falls,2023,6,tt19381050
1532,Cortometraje,Lifeline,2023,11,tt19387342
1533,Cortometraje,ALUS,2023,1,tt19384066
1534,Cortometraje,Machane,2023,,tt19395042
1535,Cortometraje,Here We Are,2023,9,tt19396900
1536,Cortometraje,The Prelude to War,2023,12,tt19539550
1537,Cortometraje,For the Sake of the Kids,2023,,tt19849708
1538,Cortometraje,"Her Body, Her Choice!",2023,2,tt19896034
1539,Cortometraje,Her,2023,6,tt20101536
1540,Cortometraje,A Trip Through the Multiverse,2023,,tt20101402
1541,Cortometraje,Doglike,2023,4,tt20229364
1542,Cortometraje,Alguien Me Dijo Una Vez,2023,1,tt20425192
1543,Cortometraje,How He Lived,2023,1,tt20508366
1544,Cortometraje,Fortissimo,2023,3,tt20674446
1545,Cortometraje,Pátio do Carrasco,2023,1,tt20751774
1546,Cortometraje,Dexter's Heart,2023,3,tt20854118
1547,Cortometraje,Érinyes,2023,4,tt20861130
1548,Cortometraje,2 Cops A Latte and A Ring,2023,1,tt20879772
1549,Cortometraje,Onomatopoeia,2023,,tt20896756
1550,Cortometraje,Nesten død,2023,10,tt20916548
1551,Cortometraje,Remnants of a Broken Heart,2023,,tt21020138
1552,Cortometraje,Chester,2023,3,tt21041980
1553,Cortometraje,Likeness,2023,,tt21058350
1554,Cortometraje,The Bridge,2023,8,tt21111374
1555,Cortometraje,Scratched,2023,6,tt21204510
1556,Cortometraje,Box,2023,,tt21229090
1557,Cortometraje,Matter of Chemistry,2023,1,tt21336192
1558,Cortometraje,Lineage,2023,5,tt21376600
1559,Cortometraje,Where Can I Run?,2023,5,tt21382004
1560,Cortometraje,Hidden Above 2: The Mystery Unfolds,2023,10,tt21382986
1561,Cortometraje,Bittersweet Sundays,2023,5,tt21426870
1562,Cortometraje,My Father's Son,2023,2,tt21429488
1563,Cortometraje,The Least [Si Ayu],2023,1,tt21634676
1564,Cortometraje,I Can Talk,2023,7,tt21809192
1565,Cortometraje,Nana,2023,,tt21830924
1566,Cortometraje,The Prisoner's Journal,2023,5,tt21925390
1567,Cortometraje,Reconcile,2023,1,tt22168488
1568,Cortometraje,Bandit,2023,,tt22297928
1569,Cortometraje,Our Males and Females,2023,1,tt22326414
1570,Cortometraje,Talking Rosie,2023,4,tt22335904
1571,Cortometraje,Edge of Hope,2023,4,tt22335964
1572,Cortometraje,Avere Tempo,2023,2,tt22353848
1573,Cortometraje,"No Irish, No Blacks, No Dogs",2023,9,tt22369314
1574,Cortometraje,See You Yesterday,2023,3,tt22458752
1575,Cortometraje,Y2K-9,2023,6,tt22492918
1576,Cortometraje,1982,2023,,tt22541846
1577,Cortometraje,Natureza Humana,2023,1,tt22749662
1578,Cortometraje,Snap,2023,5,tt22755584
1579,Cortometraje,Listen to Me,2023,1,tt22818348
1580,Cortometraje,Diary of a Broken Home,2023,7,tt22854890
1581,Cortometraje,Ascendant,2023,1,tt22875696
1582,Cortometraje,Loading Love,2023,4,tt22888940
1583,Cortometraje,"River, Road and Hoodwinked Toad",2023,1,tt22939104
1584,Cortometraje,Prologue: L'Héritage De Peter Parker,2023,4,tt22941760
1585,Cortometraje,What's Gone Won't Be Forgotten,2023,1,tt23018646
1586,Cortometraje,Cielito Lindo,2023,4,tt23036600
1587,Cortometraje,Queen of Diamonds,2023,4,tt23035396
1588,Cortometraje,Heel Drop,2023,9,tt23135388
1589,Cortometraje,We're not Ok,2023,7,tt23149770
1590,Cortometraje,Failure: A Boxing Story,2023,3,tt23183920
1591,Cortometraje,Kicked BACK,2023,2,tt23317668
1592,Cortometraje,Colors of a Black Belt,2023,3,tt23320422
1593,Cortometraje,A Bedtime Story,2023,4,tt23469336
1594,Cortometraje,The Ride,2023,3,tt23469660
1595,Cortometraje,A Day in the Life,2023,11,tt23473084
1596,Cortometraje,The Tree of Artemis,2023,4,tt23477030
1597,Cortometraje,It Could Be You,2023,4,tt23554170
1598,Cortometraje,Guru,2023,2,tt23640014
1599,Cortometraje,Free to Be Me,2023,6,tt23724124
1600,Cortometraje,Her Diary,2023,1,tt23724464
1601,Cortometraje,Mon Corps,2023,3,tt23725866
1602,Cortometraje,The Menu,2023,3,tt23739900
1603,Cortometraje,Gloves Up,2023,4,tt23742274
1604,Cortometraje,New Year's Eve,2023,10,tt23767120
1605,Cortometraje,Invisible Walls,2023,6,tt23769578
1606,Cortometraje,Anything That Moves,2023,1,tt23776754
1607,Cortometraje,Check,2023,1,tt23803936
1608,Cortometraje,Death's Day Off,2023,,tt23180434
1609,Cortometraje,Bandits,2023,2,tt23834088
1610,Cortometraje,Suffering Suffragette,2023,2,tt23837088
1611,Cortometraje,The Overthrow,2023,1,tt23845824
1612,Cortometraje,Left Alone,2023,1,tt23854362
1613,Cortometraje,Maybe Daddy?,2023,1,tt23854586
1614,Cortometraje,DICE,2023,8,tt23854734
1615,Cortometraje,Palindrome,2023,4,tt23873408
1616,Cortometraje,"Love, Grandma",2023,1,tt23873492
1617,Cortometraje,Ma Aur Hum,2023,3,tt23894554
1618,Cortometraje,Auxiliaire,2023,1,tt23948916
1619,Cortometraje,The Things I Can't Say,2023,1,tt23951658
1620,Cortometraje,Not My Circus,2023,9,tt23985984
1621,Cortometraje,Bombshell,2023,3,tt24007046
1622,Cortometraje,Walls,2023,1,tt24018388
1623,Cortometraje,Heartbeat,2023,5,tt24020270
1624,Cortometraje,Love In,2023,,tt24082668
1625,Cortometraje,Hadassah,2023,1,tt24169294
1626,Cortometraje,The Final Cut,2023,2,tt24215892
1627,Cortometraje,Manchmal will ich schreien,2023,1,tt24220356
1628,Cortometraje,Into the Fog,2023,1,tt24221184
1629,Cortometraje,Phase III,2023,5,tt24222550
1630,Cortometraje,Half Empty,2023,3,tt24223160
1631,Cortometraje,I'm Fine,2023,,tt24216984
1632,Cortometraje,Then I Saw the Garden,2023,2,tt24225554
1633,Cortometraje,Trill,2023,4,tt24226454
1634,Cortometraje,Canvas,2023,4,tt24227972
1635,Cortometraje,Motherhood,2023,1,tt24247032
1636,Cortometraje,Rotting Love,2023,1,tt24248692
1637,Cortometraje,Kitty,2023,5,tt22046534
1638,Cortometraje,Urvarit,2023,1,tt24242766
1639,Cortometraje,What I Need,2023,2,tt24327216
1640,Cortometraje,Bad News,2023,1,tt24331044
1641,Cortometraje,Guests,2023,1,tt24375298
1642,Cortometraje,Headdress,2023,1,tt24383370
1643,Cortometraje,Baba,2023,1,tt24484614
1644,Cortometraje,Evacuation of Mama Emola,2023,1,tt24484662
1645,Cortometraje,I'm Leaving,2023,3,tt24513158
1646,Cortometraje,Hors-saison,2023,1,tt24519466
1647,Cortometraje,The Glimmer on the Surface,2023,,tt24591618
1648,Cortometraje,Mots pour maux,2023,1,tt24657914
1649,Cortometraje,Death due us part,2023,7,tt24658642
1650,Cortometraje,The Other Side,2023,2,tt24659464
1651,Cortometraje,Atonia,2023,7,tt24805506
1652,Cortometraje,SwaraSamhitha,2023,10,tt24825174
1653,Cortometraje,The Pink Voice,2023,1,tt24860614
1654,Cortometraje,No Largo do Boticário,2023,1,tt24973100
1655,Cortometraje,Cupcake,2023,3,tt24988744
1656,Cortometraje,Runaway,2023,3,tt24989982
1657,Cortometraje,The Everyday Escape,2023,10,tt25053758
1658,Cortometraje,Opprobrium,2023,2,tt25056350
1659,Cortometraje,Points of Sail,2023,11,tt25148866
1660,Cortometraje,Rematch,2023,2,tt25178114
1661,Cortometraje,Bianca Fucks Fear,2023,,tt25181554
1662,Cortometraje,Justus,2023,-,tt25218710
1663,Cortometraje,Abril se fue en noviembre,2023,-,tt25219530
1664,Cortometraje,Cherry,2023,,tt25273292
1665,Cortometraje,Eden River,2023,2,tt25274158
1666,Cortometraje,Elysian Fields,2023,4,tt25276356
1667,Cortometraje,Until January,2023,1,tt25366476
1668,Cortometraje,Tell me something nice,2023,1,tt25366924
1669,Cortometraje,Call of the Void,2023,1,tt25367086
1670,Cortometraje,The Justice,2023,6,tt25374994
1671,Cortometraje,No Place Is Home,2023,,tt25375374
1672,Cortometraje,Sandhippoma Iruvarum Sandhippoma,2023,-,tt25381464
1673,Cortometraje,I Know I'm Going to Break His Heart,2023,,tt25382438
1674,Cortometraje,Fucking Mess,2023,1,tt25381008
1675,Cortometraje,La Flotte,2023,6,tt25385874
1676,Cortometraje,Fernando e Andrea,2023,-,tt25387778
1677,Cortometraje,Y,2023,9,tt25387908
1678,Cortometraje,Question Mark,2023,1,tt25394722
1679,Cortometraje,Soma,2023,8,tt25397994
1680,Cortometraje,Just One Seizure,2023,3,tt25398078
1681,Cortometraje,The price of desires,2023,1,tt25399332
1682,Cortometraje,The Second Child,2023,-,tt25399648
1683,Cortometraje,When the Tea Gets Cold,2023,7,tt25399706
1684,Cortometraje,"Fuck Me, Richard",2023,3,tt25399098
1685,Cortometraje,Dinner Time,2023,2,tt25404414
1686,Cortometraje,RUN,2023,-,tt25404604
1687,Cortometraje,Vanquished,2023,1,tt25407430
1688,Cortometraje,Antidote,2023,3,tt25407500
1689,Cortometraje,Rdv au sans 13,2023,2,tt25415952
1690,Cortometraje,Leaving the Dream,2023,1,tt25418996
1691,Cortometraje,Loveju,2023,9,tt25421578
1692,Cortometraje,The Backpack,2023,1,tt25422538
1693,Cortometraje,Morning,2023,1,tt25425050
1694,Cortometraje,The Grand,2023,-,tt25425390
1695,Cortometraje,Just One Voice,2023,2,tt25430980
1696,Cortometraje,Doch moego otsa,2023,,tt25431318
1697,Cortometraje,Adopção,2023,,tt25433094
1698,Cortometraje,The Beginning,2023,3,tt25419914
1699,Cortometraje,Rapscallion Romance,2023,5,tt25434724
1700,Cortometraje,Footprints,2023,1,tt25435538
1701,Cortometraje,Tits,2023,5,tt25436674
1702,Cortometraje,Better,2023,,tt25439922
1703,Cortometraje,The Death of Jim Buckley,2023,1,tt25440094
1704,Cortometraje,Leonetty,2023,3,tt25445862
1705,Cortometraje,In Her Ear,2023,12,tt25446262
1706,Cortometraje,Inner Sounds,2023,-,tt25446362
1707,Cortometraje,Involuntary,2023,1,tt25483430
1708,Cortometraje,Good Doctor,2023,2,tt25484802
1709,Cortometraje,Honor,2023,1,tt25485948
1710,Cortometraje,Obebodd,2023,6,tt25434978
1711,Cortometraje,Home,2023,4,tt25502502
1712,Cortometraje,Together,2023,10,tt25503966
1713,Cortometraje,Ma mère et moi,2023,2,tt25504012
1714,Cortometraje,Adira,2023,2,tt25504176
1715,Cortometraje,Haq,2023,2,tt25504258
1716,Cortometraje,Eye to Eye,2023,4,tt25504296
1717,Cortometraje,Dans tes yeux morts,2023,-,tt25504690
1718,Cortometraje,The Last Child,2023,-,tt25505568
1719,Cortometraje,Skydancer,2023,1,tt25505634
1720,Cortometraje,The Reunion,2023,1,tt25512882
1721,Cortometraje,Truth,2023,1,tt25593524
1722,Cortometraje,Shunnota,2023,1,tt25604262
1723,Cortometraje,Shunnota,2023,1,tt25604406
1724,Cortometraje,Meaning of Love,2023,1,tt25604450
1725,Cortometraje,The Ode on Cure,2023,-,tt25624430
1726,Cortometraje,My Mom Is,2023,-,tt25697670
1727,Cortometraje,In Wake,2023,2,tt25724716
1728,Cortometraje,The Great Aspie,2023,,tt25728554
1729,Cortometraje,Before I Beat Her,2023,1,tt25728590
1730,Cortometraje,Promise,2023,1,tt25756226
1731,Cortometraje,Filibuster,2023,1,tt25784542
1732,Cortometraje,Inside Turn,2023,10,tt25754008
1733,Cortometraje,Coffee with Baba,2023,4,tt25783938
1734,Cortometraje,Two Paths,2023,1,tt25785238
1735,Cortometraje,Rescued,2023,,tt25785186
1736,Cortometraje,Every Memory,2023,-,tt25786284
1737,Cortometraje,Unleash the Flies,2023,1,tt25809668
1738,Cortometraje,La Clé De L'Amour,2023,1,tt25809678
1739,Cortometraje,Two Wars,2023,,tt25810090
1740,Cortometraje,Look Back and Laugh,2023,4,tt25810944
1741,Cortometraje,La loi de l'attraction,2023,1,tt25812016
1742,Cortometraje,It's Over,2023,1,tt25815346
1743,Cortometraje,Die Vormacht,2023,1,tt25817042
1744,Cortometraje,Off Hollywood: The Undocumented Journey of Hope,2023,-,tt25817128
1745,Cortometraje,Last Days of Summer,2023,1,tt25817206
1746,Cortometraje,(In)convenience,2023,2,tt25812034
1747,Cortometraje,Absurd & Sane,2023,1,tt25811960
1748,Cortometraje,Time to Grow Up,2023,1,tt25816068
1749,Cortometraje,A Rush of Peace,2023,4,tt25828562
1750,Cortometraje,Runner,2023,1,tt25830254
1751,Cortometraje,Independence,2023,1,tt25831204
1752,Cortometraje,Sobriety,2023,-,tt25858634
1753,Cortometraje,Nélida,2023,1,tt25911378
1754,Cortometraje,Nuclear!,2023,5,tt25960472
1755,Cortometraje,Takanakuy Quechua for to hit each other,2023,2,tt25964036
1756,Cortometraje,A Rustle of Leaves,2023,-,tt25964092
1757,Cortometraje,Pietrazita,2023,5,tt25964602
1758,Cortometraje,El Visitante,2023,1,tt25893792
1759,Cortometraje,Alex,2023,1,tt25890290
1760,Cortometraje,Small Talk,2023,-,tt25933968
1761,Cortometraje,Mark #2,2023,1,tt25861034
1762,Cortometraje,Follow You Home,2023,1,tt25965156
1763,Cortometraje,Wednesdays at 7,2023,2,tt25965232
1764,Cortometraje,Better and Better,2023,3,tt25965634
1765,Cortometraje,This is Goodbye,2023,1,tt25966612
1766,Cortometraje,Les chenilles,2023,2,tt25967938
1767,Cortometraje,A Bird Without Wings,2023,1,tt25968832
1768,Cortometraje,On the Line,2023,3,tt25987040
1769,Cortometraje,Behind closed doors,2023,1,tt25993902
1770,Cortometraje,In the Lighter Hours,2023,,tt25994732
1771,Cortometraje,Garage Sale,2023,6,tt25965886
1772,Cortometraje,1999,2023,1,tt25967088
1773,Cortometraje,Traje de Luces,2023,,tt25966436
1774,Cortometraje,Un altro volto,2023,1,tt26006216
1775,Cortometraje,Joyriders,2023,1,tt26008000
1776,Cortometraje,Smoked Fish,2023,4,tt26008242
1777,Cortometraje,D U Why,2023,1,tt26008882
1778,Cortometraje,The horrible 'Charm' of a nuclear explosion,2023,1,tt26009542
1779,Cortometraje,The Sagittarius Girl,2023,1,tt26012694
1780,Cortometraje,Chronomania,2023,1,tt26068228
1781,Cortometraje,Don't Forget to Dream,2023,,tt26074240
1782,Cortometraje,Hapa,2023,1,tt26081628
1783,Cortometraje,The Girl from the Photography,2023,1,tt26082470
1784,Cortometraje,Play smart,2023,1,tt26082404
1785,Cortometraje,In His Memory,2023,,tt26007612
1786,Cortometraje,El ladrón de lluvia,2023,2,tt26106644
1787,Cortometraje,WanderLand,2023,2,tt26113684
1788,Cortometraje,Destination,2023,1,tt26139500
1789,Cortometraje,Silver Lining,2023,1,tt26147508
1790,Cortometraje,Deliver Me,2023,3,tt26203624
1791,Cortometraje,It Turns Blue,2023,3,tt26212382
1792,Cortometraje,Scotty's Vag,2023,3,tt26215538
1793,Cortometraje,Gloom,2023,1,tt26216744
1794,Cortometraje,La noche,2023,-,tt26217282
1795,Cortometraje,Rescue Mission,2023,1,tt26217906
1796,Cortometraje,El bus,2023,3,tt26218050
1797,Cortometraje,My Girl,2023,1,tt26218086
1798,Cortometraje,Nai Nai & Wài Pó,2023,3,tt26218316
1799,Cortometraje,Nightover,2023,1,tt26140456
1800,Cortometraje,Sprout,2023,3,tt26219808
1801,Cortometraje,It'll Pass,2023,,tt26220382
1802,Cortometraje,Stray Flower,2023,1,tt26225304
1803,Cortometraje,Mr. Baxter,2023,-,tt26227722
1804,Cortometraje,We Rise in the West,2023,1,tt26229822
1805,Cortometraje,Selidba,2023,4,tt26229988
1806,Cortometraje,Radio Message,2023,-,tt26230586
1807,Cortometraje,Dressed,2023,3,tt26230612
1808,Cortometraje,2k5,2023,3,tt26225178
1809,Cortometraje,Hurt,2023,1,tt26228678
1810,Cortometraje,Making Room,2023,6,tt26232262
1811,Cortometraje,Guardian Banshee,2023,1,tt26232506
1812,Cortometraje,Bunny,2023,3,tt26232604
1813,Cortometraje,RIYA: The Feel of Love,2023,1,tt26235116
1814,Cortometraje,Sneg,2023,11,tt26235302
1815,Cortometraje,Renaissance,2023,1,tt26236026
1816,Cortometraje,Rocky Meets Lucy,2023,1,tt26236720
1817,Cortometraje,Walk with Me,2023,1,tt26237480
1818,Cortometraje,Dog,2023,,tt26237724
1819,Cortometraje,Pam,2023,2,tt26239140
1820,Cortometraje,Leave a Message,2023,-,tt26239490
1821,Cortometraje,Remorse,2023,1,tt26239776
1822,Cortometraje,My Miracle Boy,2023,7,tt26239074
1823,Cortometraje,Las Olas,2023,1,tt26240296
1824,Cortometraje,Virangana,2023,1,tt26240606
1825,Cortometraje,Jannah Ek Tasavvur,2023,5,tt26240936
1826,Cortometraje,The Standoff,2023,1,tt26245884
1827,Cortometraje,The Signal,2023,1,tt26245938
1828,Cortometraje,Bella's Choice,2023,2,tt26246664
1829,Cortometraje,"The Girl, the Dog & The Magic Staff",2023,4,tt26246244
1830,Cortometraje,Clothed Identity,2023,-,tt26247100
1831,Cortometraje,KGK (Karthik Gadi Katha),2023,1,tt26247368
1832,Cortometraje,SnapCatch,2023,1,tt26250122
1833,Cortometraje,The Best in the World,2023,1,tt26251440
1834,Cortometraje,Lost Love,2023,1,tt26254348
1835,Cortometraje,Inside,2023,2,tt26256234
1836,Cortometraje,Quique,2023,4,tt26256358
1837,Cortometraje,Puppet Master,2023,1,tt26256874
1838,Cortometraje,Tänk om,2023,3,tt26259246
1839,Cortometraje,La Revolución ya no Vive Aquí,2023,1,tt26260024
1840,Cortometraje,The Transaction,2023,1,tt26260240
1841,Cortometraje,Chiugo,2023,3,tt26260132
1842,Cortometraje,Sin Padre,2023,2,tt26270681
1843,Cortometraje,Codependency,2023,1,tt26300338
1844,Cortometraje,Clownin',2023,1,tt26313337
1845,Cortometraje,Two Hearts Two Secrets,2023,1,tt26314797
1846,Cortometraje,Caminando con el Parkinson,2023,1,tt26315136
1847,Cortometraje,A Roadside Banquet,2023,5,tt26315367
1848,Cortometraje,P13RIS,2023,3,tt26260442
1849,Cortometraje,A janela de Íris,2023,10,tt26313658
1850,Cortometraje,Painting on the Wall,2023,1,tt26315652
1851,Cortometraje,My Heart Is Your Heart,2023,1,tt26315562
1852,Cortometraje,This Is What It Feels Like,2023,4,tt26315942
1853,Cortometraje,I Love Working So Much...,2023,1,tt26316930
1854,Cortometraje,My Father's Son,2023,9,tt26333217
1855,Cortometraje,Jimmy Crippit his phone & the End of the World,2023,1,tt26342106
1856,Cortometraje,Happy 13th Birthday Angad,2023,1,tt26343124
1857,Cortometraje,Break Break,2023,6,tt26343149
1858,Cortometraje,King of the Ducks,2023,-,tt26343564
1859,Cortometraje,The Cause of Depression and Mania is the Same...,2023,1,tt26343575
1860,Cortometraje,The Dream Robber,2023,1,tt26341460
1861,Cortometraje,Who's Afraid of Shorty Virginia?,2023,-,tt26342478
1862,Cortometraje,The Luster of False Brass,2023,2,tt26344473
1863,Cortometraje,Saturnalia,2023,3,tt26345062
1864,Cortometraje,Viewfinder,2023,1,tt26347322
1865,Cortometraje,Varovai,2023,1,tt26347676
1866,Cortometraje,Eli,2023,1,tt26347765
1867,Cortometraje,Behind the Door,2023,-,tt26348241
1868,Cortometraje,Sleepless,2023,3,tt26348325
1869,Cortometraje,Ascension,2023,1,tt26348584
1870,Cortometraje,Achala,2023,2,tt26348606
1871,Cortometraje,Eden,2023,6,tt26348880
1872,Cortometraje,Stay,2023,-,tt26348927
1873,Cortometraje,Colored White,2023,1,tt26349168
1874,Cortometraje,"Prostate, Men, let's talk",2023,6,tt26349449
1875,Cortometraje,Morendo,2023,-,tt26350201
1876,Cortometraje,Somnia,2023,2,tt26345527
1877,Cortometraje,Veil,2023,1,tt26350783
1878,Cortometraje,The Last of Times,2023,4,tt26350927
1879,Cortometraje,"Paris, Tumba",2023,1,tt26355820
1880,Cortometraje,Although the Talent Was Not and Is Not Now...,2023,1,tt26368166
1881,Cortometraje,Bhul Na Javin,2023,2,tt26403093
1882,Cortometraje,The Phone Call,2023,1,tt26406606
1883,Cortometraje,Edmund,2023,3,tt26420454
1884,Cortometraje,Prophetam,2023,,tt26421546
1885,Cortometraje,ENVY,2023,,tt26421993
1886,Cortometraje,When Everything Changed,2023,5,tt26422997
1887,Cortometraje,Mise à nu,2023,2,tt26423863
1888,Cortometraje,Public Indecency,2023,1,tt26423913
1889,Cortometraje,Love on a One Way Street,2023,1,tt26424169
1890,Cortometraje,Beauty Boxed,2023,-,tt26424363
1891,Cortometraje,Monsieur William,2023,2,tt26422569
1892,Cortometraje,Opa,2023,1,tt26424944
1893,Cortometraje,I Begged God for a Quick Death...,2023,1,tt26425555
1894,Cortometraje,Xiao hui he ta de niu,2023,2,tt26425709
1895,Cortometraje,Yi Shi Yi Ke,2023,2,tt26425722
1896,Cortometraje,When a Rocket Sits on the Launch Pad,2023,2,tt26425730
1897,Cortometraje,Sisters Forever?,2023,1,tt26425997
1898,Cortometraje,Birds Sorrow,2023,6,tt26427421
1899,Cortometraje,Leisure Matters,2023,-,tt26432356
1900,Cortometraje,No Caller,2023,1,tt26437106
1901,Cortometraje,Objects Are Closer Than They Appear,2023,1,tt26437806
1902,Cortometraje,Nadia,2023,-,tt26438380
1903,Cortometraje,Cross Words,2023,1,tt26438711
1904,Cortometraje,Daisy Drift Away,2023,-,tt26439025
1905,Cortometraje,Today;Forever,2023,1,tt26439251
1906,Cortometraje,Spine,2023,-,tt26439701
1907,Cortometraje,Tears of the Gods,2023,-,tt26439783
1908,Cortometraje,The Legend of Casimir Ilyas: The Rise and Fall of the Worst Pirate on the Seven Seas,2023,-,tt26442937
1909,Cortometraje,Talk to Me and I'll Talk Back,2023,3,tt26443224
1910,Cortometraje,Drug Dealers,2023,-,tt26443310
1911,Cortometraje,The Orange Typewriter,2023,,tt26443519
1912,Cortometraje,C'est Juste Un Nombre,2023,2,tt26443866
1913,Cortometraje,Lo Siento,2023,1,tt26443930
1914,Cortometraje,Dormant,2023,2,tt26441396
1915,Cortometraje,Ba·ba,2023,4,tt26443235
1916,Cortometraje,Hypoesthesia,2023,1,tt26444339
1917,Cortometraje,The Favorite,2023,1,tt26444606
1918,Cortometraje,Sleeping Pills,2023,3,tt26444663
1919,Cortometraje,Book X,2023,1,tt26444852
1920,Cortometraje,Last Hand,2023,5,tt26445010
1921,Cortometraje,I Tried to Embrace the Immensity...,2023,1,tt26445178
1922,Cortometraje,Blocked,2023,5,tt26445230
1923,Cortometraje,Alea,2023,-,tt26446025
1924,Cortometraje,Il Randagio,2023,-,tt26446082
1925,Cortometraje,Il Cigno,2023,7,tt26446131
1926,Cortometraje,NOWhere (to be found),2023,,tt26447912
1927,Cortometraje,18 Marzo,2023,3,tt26447985
1928,Cortometraje,I Do,2023,6,tt26448093
1929,Cortometraje,Balances,2023,2,tt26448338
1930,Cortometraje,Cone of Uncertainty,2023,1,tt26448870
1931,Cortometraje,At the edge of today,2023,1,tt26448876
1932,Cortometraje,Decisions,2023,1,tt26449225
1933,Cortometraje,The Choice to Love,2023,8,tt26449281
1934,Cortometraje,Calf,2023,2,tt26450608
1935,Cortometraje,Psycho Delirium,2023,9,tt26451147
1936,Cortometraje,All In,2023,9,tt26452693
1937,Cortometraje,Les Temps Perdus,2023,1,tt26453159
1938,Cortometraje,Intentsity,2023,7,tt26453747
1939,Cortometraje,Modern Voyeurs,2023,2,tt26453877
1940,Cortometraje,Stormy Weather,2023,1,tt26454117
1941,Cortometraje,Dormant,2023,2,tt26450662
1942,Cortometraje,Part Time Job,2023,-,tt26450229
1943,Cortometraje,Teddy,2023,6,tt26452925
1944,Cortometraje,Forgiveness,2023,1,tt26452924
1945,Cortometraje,Jaamoora 2023,2023,1,tt26454090
1946,Cortometraje,Rent a friend (conditions applied),2023,-,tt26454685
1947,Cortometraje,Transformation,2023,1,tt26455299
1948,Cortometraje,La fin est mon début,2023,2,tt26455633
1949,Cortometraje,The Creature,2023,1,tt26456014
1950,Cortometraje,The Guest,2023,11,tt26456588
1951,Cortometraje,Drijf,2023,1,tt26456587
1952,Cortometraje,De Imperio,2023,8,tt26457035
1953,Cortometraje,Fraudulent,2023,1,tt26458016
1954,Cortometraje,Couldn't Wait,2023,2,tt26458207
1955,Cortometraje,Jasmine the Movie,2023,1,tt26458464
1956,Cortometraje,Coney Island Promise,2023,1,tt26458571
1957,Cortometraje,Boxing,2023,6,tt26455525
1958,Cortometraje,Main Azad Hoon,2023,1,tt26459106
1959,Cortometraje,Getaway,2023,2,tt26459308
1960,Cortometraje,Nothing Personal,2023,,tt26459432
1961,Cortometraje,La Vedette,2023,1,tt26459622
1962,Cortometraje,Svømmeren,2023,6,tt26460409
1963,Cortometraje,Beneath the Surface,2023,1,tt26462475
1964,Cortometraje,Sirijotha,2023,1,tt26469953
1965,Cortometraje,Boys Don't Cry,2023,6,tt26469971
1966,Cortometraje,Catharsis,2023,1,tt26470422
1967,Cortometraje,Don't mess things up,2023,,tt26469887
1968,Cortometraje,Bad Work,2023,1,tt26470394
1969,Cortometraje,Mia,2023,1,tt26470865
1970,Cortometraje,He F*cking Deserved It.,2023,5,tt26471313
1971,Cortometraje,A Lullaby for Yellow Roses,2023,1,tt26472702
1972,Cortometraje,"Bemsiyah (Not Bright, Dark!)",2023,2,tt26472807
1973,Cortometraje,La polvere sopra la neve,2023,2,tt26473832
1974,Cortometraje,Nos Quiero,2023,,tt26473914
1975,Cortometraje,Les Dents du bonheur,2023,1,tt26474106
1976,Cortometraje,The Guard,2023,1,tt26474253
1977,Cortometraje,The Space Between,2023,3,tt26474642
1978,Cortometraje,Remedios,2023,3,tt26474657
1979,Cortometraje,The Doctor and Death,2023,1,tt26474881
1980,Cortometraje,The Garden of Eden,2023,1,tt26474894
1981,Cortometraje,Disconnected,2023,1,tt26474977
1982,Cortometraje,All Through the Night,2023,2,tt26474594
1983,Cortometraje,Guest 2,2023,11,tt26474721
1984,Cortometraje,CJ,2023,1,tt26475008
1985,Cortometraje,Ukrayina,2023,1,tt26475229
1986,Cortometraje,Applause,2023,3,tt26475280
1987,Cortometraje,Jenna Has to Live,2023,1,tt26475350
1988,Cortometraje,Partners Forever?,2023,1,tt26475689
1989,Cortometraje,Milite,2023,1,tt26475774
1990,Cortometraje,Contrapuesto,2023,6,tt26485446
1991,Cortometraje,Face the music,2023,1,tt26491529
1992,Cortometraje,Jackie,2023,2,tt26492355
1993,Cortometraje,Khowab: Castle in The Air,2023,-,tt26492049
1994,Cortometraje,Cecile Park Rd.,2023,-,tt26491587
1995,Cortometraje,Shit Happens,2023,1,tt26490796
1996,Cortometraje,Just Us Two,2023,1,tt26492279
1997,Cortometraje,D'amgo,2023,1,tt26491972
1998,Cortometraje,"Red, Green and All Things in Between",2023,9,tt26493003
1999,Cortometraje,A Cousin and a Hood Complex,2023,1,tt26493843
