tipo,titulo,anio,mes,id
Movie,Snowblind,2015,-,tt0297400
Movie,Chatô: O Rei do Brasil,2015,11,tt0337926
Movie,Transeúntes,2015,4,tt0346045
Movie,The Stanford Prison Experiment,2015,7,tt0420293
Movie,High-Rise,2015,6,tt0462335
Movie,The Man Who Knew Infinity,2015,7,tt0787524
Movie,Miles Ahead,2015,4,tt0790770
Movie,The Danish Girl,2015,1,tt0810819
Movie,Chooriyan,2015,6,tt0977643
Movie,Dangebaaz,2015,8,tt10007824
Movie,De hormigón armado,2015,10,tt10047128
Movie,Trên Dinh Bình Yên,2015,12,tt10075438
Movie,My Nhân,2015,11,tt10075508
Movie,Nguoi Tro Vê,2015,10,tt10081028
Movie,Aakhri Pal,2015,8,tt10092762
Movie,Firak,2015,9,tt10092508
Movie,Bad Class,2015,9,tt10098112
Movie,Taste of Life,2015,12,tt10101904
Movie,Darah Panas,2015,6,tt10107482
Movie,Child 44,2015,5,tt1014763
Movie,Jie di liang,2015,-,tt10167938
Movie,A Place Where The Dream Begins,2015,9,tt10167868
Movie,Pashbandh,2015,5,tt10168764
Movie,Erau Kota Raja,2015,1,tt10173962
Movie,Our Brand Is Crisis,2015,10,tt1018765
Movie,"Yeo-ja, nam-ja",2015,3,tt10210636
Movie,Manatsu no yume,2015,5,tt10240726
Movie,Tere Ishq Mein Qurbaan,2015,4,tt10256776
Movie,"Of Humans, Horses and heinous...",2015,-,tt10262510
Movie,Con mis propias manos,2015,-,tt10288256
Movie,Trouble Down East,2015,-,tt10300622
Movie,Quan neng jiong ba,2015,3,tt10299856
Movie,Double Date,2015,5,tt10307716
Movie,SOS Talk,2015,11,tt10331574
Movie,Magánterület,2015,-,tt10352214
Movie,Dab+,2015,-,tt10356040
Movie,The Maze,2015,-,tt10409744
Movie,El Cuarto,2015,2,tt10545212
Movie,Heartbeat,2015,8,tt10556308
Movie,Panchamukhi,2015,2,tt10677102
Movie,Saari Raat,2015,7,tt10722542
Movie,Gryaz,2015,-,tt10787402
Movie,Die Wilderin,2015,5,tt10794496
Movie,Pratishodh,2015,1,tt10833146
Movie,Eddie the Eagle,2015,3,tt1083452
Movie,Ahsham,2015,11,tt10845528
Movie,Youngster: Nepali Film,2015,12,tt10847722
Movie,Aziz Rouhou,2015,11,tt10848188
Movie,Hridoy Haran,2015,2,tt10852336
Movie,Pro Petra i Pavla,2015,4,tt10856420
Movie,The Telephone Game,2015,3,tt1090693
Movie,Bogzarid Mitra Bekhabad,2015,-,tt10912640
Movie,Memórias da Boca,2015,12,tt10957752
Movie,Ablepsia,2015,-,tt10970518
Movie,Falling Apart,2015,7,tt10973970
Movie,The Prince of Love,2015,12,tt11011658
Movie,Daroga Chale Sasural,2015,4,tt11012326
Movie,Saajan Ki Bahon Me,2015,12,tt11012468
Movie,Dil Aur Deewar,2015,5,tt11012334
Movie,Hero No. 1,2015,3,tt11012352
Movie,Saiyan Jigarbaaz,2015,7,tt11012490
Movie,Laagi Tohse Lagan,2015,11,tt11012390
Movie,Baaj Gayeel Danka,2015,3,tt11012302
Movie,Aurat Khilona Nahi,2015,1,tt11012568
Movie,Baagi Bhaile Sajna Hamar,2015,7,tt11012222
Movie,Lagi Nahi Chhute Rama,2015,2,tt11012374
Movie,Pandit Ji Batai Na Biyah Kab Hoi 2,2015,4,tt11012438
Movie,Jaan Tere Liye,2015,4,tt11012366
Movie,Good Ol' Boy,2015,2,tt1105355
Movie,Pyar Ke Bandhan,2015,10,tt11091804
Movie,Ribenjiporuno LOVE IS DEAD,2015,12,tt11102352
Movie,Situka,2015,5,tt11107896
Movie,Dostali!,2015,-,tt11110572
Movie,Siêu Quây Lên Chùa,2015,7,tt11120720
Movie,Trên Dinh Núi Phía Tây,2015,12,tt11122188
Movie,The Wind,2015,-,tt11123618
Movie,Du Long Zhi Zi Gao De Rong,2015,11,tt11137824
Movie,Hai ou lao ren,2015,6,tt11151648
Movie,Shi zhi shuang tian xiao jiao,2015,-,tt11151640
Movie,Prashasan,2015,4,tt11157430
Movie,Re gan mian de wei dao,2015,11,tt11151642
Movie,Suamiku Encik Perfect 10!,2015,1,tt11199300
Movie,Juvana 2,2015,10,tt11202174
Movie,Duong Xuyên Rung,2015,4,tt11212918
Movie,Tamales and Gumbo,2015,8,tt1125931
Movie,Nayayaam,2015,4,tt11295976
Movie,Vijaypath,2015,11,tt11317534
Movie,Ilusiones S.A.,2015,10,tt11321422
Movie,Tholipata,2015,-,tt11337868
Movie,A Tale of Love and Darkness,2015,9,tt1135989
Movie,Crime & Punishment,2015,9,tt11427292
Movie,3 1/2,2015,12,tt11428338
Movie,A Saga da Alma de um Poeta,2015,3,tt11432384
Movie,Phire Aasboi,2015,-,tt11435266
Movie,Perception,2015,4,tt11452700
Movie,Maboroshi,2015,3,tt11487704
Movie,Yuki ka no nemuri,2015,3,tt11487646
Movie,Matsuri no hajimari,2015,3,tt11487732
Movie,Blood Relation,2015,11,tt11519590
Movie,Atarraya,2015,1,tt11610704
Movie,The Good Drug Dealer,2015,1,tt11618320
Movie,Catatan Akhir Kuliah,2015,7,tt11634350
Movie,Getting Rich in Lagos,2015,10,tt11633108
Movie,LDR 2: Where Is My Romeo,2015,9,tt11644516
Movie,LDR,2015,5,tt11644484
Movie,3 Dara,2015,9,tt11644582
Movie,Si Jago Merah 2: Air & Api,2015,3,tt11646308
Movie,Air Mata Surga,2015,10,tt11646202
Movie,Conservators III: Light & Darkness,2015,1,tt11658440
Movie,Non essere cattivo,2015,9,tt1167611
Movie,Demolition,2015,4,tt1172049
Movie,A Walk in the Woods,2015,12,tt1178665
Movie,Bidadari Terakhir,2015,9,tt11786202
Movie,Miracle: Jatuh dari Surga,2015,12,tt11792570
Movie,Yagmurlu Gecede,2015,7,tt11828530
Movie,El No Me Mires,2015,-,tt11905236
Movie,Faust Sonnengesang II,2015,12,tt11923952
Movie,Jeolmeun eomma 3,2015,9,tt11941248
Movie,Intermitencia,2015,5,tt12065418
Movie,Maamu Tea Angadi,2015,11,tt12083958
Movie,The Mark,2015,-,tt12106108
Movie,The Ethicist,2015,10,tt12145728
Movie,The Mermaid of Zennor,2015,-,tt12194020
Movie,La huésped,2015,-,tt12203758
Movie,"Awra: Taong mapanira, isip ay sira!",2015,-,tt12205876
Movie,The Eavesdropper,2015,-,tt12206996
Movie,Life According to Rasheada,2015,10,tt12212028
Movie,The Most Cruel of All Goddesses,2015,5,tt12209634
Movie,Tisret Nimazouar,2015,-,tt12217756
Movie,The Great Gilly Hopkins,2015,10,tt1226766
Movie,Macbeth,2015,5,tt12291542
Movie,Two Boys and A Mermaid,2015,1,tt12321728
Movie,Mercy for Angels,2015,4,tt1232828
Movie,The Sorcerer,2015,10,tt1235203
Movie,Urban Street,2015,2,tt12354112
Movie,Mero Badloo,2015,6,tt12385772
Movie,The Square Root of 2,2015,10,tt1238846
Movie,Together Again,2015,2,tt12438950
Movie,Aloha,2015,8,tt1243974
Movie,Nodi Mathu Boi,2015,8,tt12438732
Movie,Fidelio,2015,6,tt12440298
Movie,Ju zi de tian kong,2015,1,tt12525282
Movie,Sekyu,2015,11,tt12531626
Movie,Haplos,2015,4,tt12542218
Movie,The Girl King,2015,12,tt1254322
Movie,Za chuzhie grekhi,2015,5,tt12554822
Movie,Child of Earth,2015,4,tt12582634
Movie,Dans la Peau,2015,4,tt12631950
Movie,Dogpa,2015,-,tt12644794
Movie,Hasugjib,2015,2,tt12670892
Movie,Kerala Today,2015,11,tt12676122
Movie,Pimp,2015,10,tt12721150
Movie,Bhima cha Wagh,2015,12,tt12747860
Movie,Extremely Used Cars: There Is No Hope,2015,1,tt1276953
Movie,El Trailer De La Muerte,2015,-,tt12882728
Movie,Solace,2015,11,tt1291570
Movie,Mano a Mano,2015,9,tt1293805
Movie,Aseman-e Abi-e Madaram,2015,-,tt12952294
Movie,Longe Demais Não é Suficiente,2015,-,tt12958080
Movie,Dhangarwada,2015,-,tt12976154
Movie,Kizhakke Udhiththa Kaadhal,2015,1,tt13005126
Movie,Vettaiyadu,2015,1,tt13005130
Movie,Appavi Kateri,2015,1,tt13005138
Movie,Vishayam Veliye Theriya Koodadhu,2015,2,tt13005094
Movie,Thiru.Vi.Ka.Poonga,2015,1,tt13005074
Movie,Thavarana Pathai,2015,-,tt13010680
Movie,Manitha Kadhal Alla,2015,2,tt13010664
Movie,Aroopam,2015,1,tt13010646
Movie,Patra,2015,3,tt13010676
Movie,Mooch,2015,3,tt13010694
Movie,Vethu Vaettu,2015,3,tt13010712
Movie,K3,2015,2,tt13010684
Movie,Mandodari,2015,2,tt13010654
Movie,Kaala Kattam,2015,3,tt13010704
Movie,(Not) Perfect Human,2015,4,tt13017652
Movie,Kathamma,2015,6,tt13045380
Movie,Lodukku Pandi,2015,6,tt13045434
Movie,Nathikal Nanaivathillai,2015,3,tt13045272
Movie,Dhegam Sudukuthu,2015,6,tt13045336
Movie,Sarithiram Pesu,2015,3,tt13045286
Movie,Vandha Mala,2015,8,tt13045518
Movie,Paranjothi,2015,7,tt13045454
Movie,Nanbargal Narpani Mandram,2015,4,tt13045308
Movie,Maharani Kottai,2015,7,tt13045462
Movie,Manadhil Oru Maatram,2015,3,tt13045238
Movie,Guru Sukran,2015,7,tt13045474
Movie,Oru Thozhan Oru Thozhi,2015,7,tt13045452
Movie,Orae Oru Raja Mokkaraja,2015,7,tt13045460
Movie,Kalai Vendhan,2015,8,tt13045496
Movie,Iruvar Ondranal,2015,5,tt13045322
Movie,Needhane En Kovil,2015,4,tt13045298
Movie,Azhage Illatha Azhagana Kathai,2015,8,tt13045484
Movie,Puriyadha Anandam Puthithaga Arambam,2015,6,tt13045396
Movie,Kadhal Ilavasam,2015,5,tt13045304
Movie,Iru Kadhal Oru Kadhai,2015,6,tt13045416
Movie,Nirayutham,2015,8,tt13057386
Movie,Illaignar Paasarai,2015,-,tt13057592
Movie,Kaththukkutti,2015,10,tt13057496
Movie,Viraivil Isai,2015,10,tt13057614
Movie,Iniya Ulavaga,2015,11,tt13057618
Movie,Injimarappa,2015,11,tt13057632
Movie,Akila Muthalam Vaguppu,2015,8,tt13057380
Movie,Kring Kring,2015,11,tt13057624
Movie,Pokkiri Mannan,2015,9,tt13057404
Movie,Marappaachi,2015,10,tt13057512
Movie,Thiraipada Nagaram,2015,10,tt13057542
Movie,Thiruttu VCD,2015,9,tt13057476
Movie,Kathirvel Kaaka,2015,10,tt13057604
Movie,Sillunu Oru Payanam,2015,10,tt13057528
Movie,Jippaa Jimikki,2015,9,tt13057460
Movie,Chikkiku Chikkikichu,2015,10,tt13057574
Movie,Apoorva Mahaan,2015,10,tt13057554
Movie,Venmegam,2015,2,tt13070582
Movie,Dou Doost,2015,9,tt13096500
Movie,Stin kouzina,2015,11,tt13129170
Movie,Tabula Rasa,2015,11,tt13145168
Movie,Daimon o suteta otoko,2015,-,tt13156078
Movie,Om Sharanam Ayyappa,2015,12,tt13188774
Movie,Nigooda Rahasya,2015,12,tt13188762
Movie,Nan Love Track,2015,2,tt13187882
Movie,Greyscale,2015,11,tt1321390
Movie,Juzt Married,2015,8,tt13217908
Movie,Vilika Kowu,2015,11,tt13223740
Movie,Faith of Our Fathers,2015,7,tt1322393
Movie,Mr. Premi,2015,12,tt13230868
Movie,Prema Pallakki,2015,12,tt13230858
Movie,Saas Bahu,2015,8,tt13243758
Movie,Ondu Chance Kodi,2015,1,tt13275538
Movie,Khaidi,2015,4,tt13275958
Movie,Benki Patna,2015,2,tt13275658
Movie,Mutthina Maleyali,2015,3,tt13275916
Movie,Fashion,2015,7,tt13276028
Movie,Q,2015,-,tt13275904
Movie,Daksha,2015,4,tt13275980
Movie,Hingyake,2015,4,tt13275972
Movie,Just Maduveli,2015,4,tt13275948
Movie,Khushi Khushiyagi,2015,1,tt13275496
Movie,Raincoat,2015,3,tt13275890
Movie,Flop,2015,3,tt13275804
Movie,Male Nilluvavarege,2015,4,tt13275964
Movie,Katte,2015,4,tt13275938
Movie,Master Mind,2015,3,tt13275854
Movie,Mahakali,2015,4,tt13275990
Movie,Aarambha,2015,7,tt13276016
Movie,Prana Koduve Gelathi,2015,1,tt13275650
Movie,Paipoti,2015,1,tt13275502
Movie,Aata Paata,2015,6,tt13276008
Movie,Kaldogbitte,2015,3,tt13275928
Movie,Paataragitthi,2015,5,tt13276000
Movie,Goolihatti,2015,6,tt13276010
Movie,Shabarimale Yatre,2015,1,tt13275426
Movie,Geetha Bangle Store,2015,9,tt13282248
Movie,Cigarette,2015,12,tt13283966
Movie,Billa,2015,9,tt13282228
Movie,Neene Bari Neene,2015,9,tt13282352
Movie,Shirdi Sri Saibaba,2015,7,tt13284100
Movie,Dove,2015,10,tt13282610
Movie,Namakharam,2015,9,tt13282282
Movie,Aa Rathri,2015,9,tt13282380
Movie,Shh Eccharike,2015,8,tt13284046
Movie,Madam Helida Kathe,2015,11,tt13283080
Movie,Shree Sai,2015,11,tt13283442
Movie,Ring Master,2015,10,tt13282714
Movie,Drohi,2015,8,tt13281988
Movie,Kanchana,2015,10,tt13282848
Movie,Thippaji Circle,2015,10,tt13282996
Movie,Aadhya,2015,12,tt13283836
Movie,Baa Naale Baa,2015,11,tt13283628
Movie,Gowdrudugru,2015,12,tt13283724
Movie,Mana Mechhida Bangaru,2015,10,tt13282880
Movie,141,2015,9,tt13282004
Movie,Titlu Beka,2015,10,tt13282724
Movie,Pandith Bhagyavidhatha,2015,10,tt13282798
Movie,Pattabhisheka,2015,11,tt13283678
Movie,Flop Director,2015,12,tt13284028
Movie,7,2015,10,tt13282790
Movie,Kaada Haadiya Hoogalu,2015,10,tt13282810
Movie,Rakshasi,2015,11,tt13283346
Movie,Maanitha,2015,12,tt13283814
Movie,Red Alert,2015,7,tt13284124
Movie,Mane Thumba Bari Jamba,2015,7,tt13288604
Movie,Gharamat AlFaqr,2015,4,tt13304702
Movie,Dabba Ais Pais,2015,5,tt13311432
Movie,Saangati,2015,8,tt13312034
Movie,Te Don Diwas,2015,4,tt13311334
Movie,Guntha Mantri,2015,5,tt13311444
Movie,Thakracha Tukya,2015,6,tt13311506
Movie,Mungla,2015,10,tt13312170
Movie,Blackboard,2015,6,tt13311540
Movie,Laathi,2015,12,tt13312816
Movie,Ek Thriller Night,2015,11,tt13312632
Movie,Dagadabaichi Chaal,2015,10,tt13312256
Movie,Prem at First Sight,2015,4,tt13311314
Movie,Sarva Kahi Priye Fakt Tujhyasathi,2015,9,tt13312060
Movie,Shalee,2015,11,tt13313052
Movie,Waghi,2015,7,tt13311564
Movie,Shegavicha Yogi Gajanan,2015,8,tt13311972
Movie,Pilantrru,2015,12,tt13312750
Movie,Te Aath Divas,2015,10,tt13312550
Movie,Bai Go Bai,2015,12,tt13312978
Movie,Walang take two,2015,-,tt13316464
Movie,World to Come,2015,7,tt1339200
Movie,Beyond the 3rd kind,2015,2,tt13415078
Movie,Penguin High 2,2015,4,tt13417204
Movie,Vera's Sweet Farewell,2015,4,tt13527992
Movie,Yongju Valley,2015,-,tt13545344
Movie,Black Mass,2015,10,tt1355683
Movie,National Theatre Live: Behind the Beautiful Forevers,2015,3,tt13560160
Movie,Bangaru Padam,2015,12,tt13606016
Movie,O Cineasta,2015,6,tt13611760
Movie,Navin Saver,2015,2,tt13616652
Movie,Top Rankers,2015,1,tt13628992
Movie,Beasts of No Nation,2015,10,tt1365050
Movie,Deng xiaoping deng huang shan,2015,2,tt13653364
Movie,Fortune 500 Man,2015,4,tt1365458
Movie,Ich und Kaminski,2015,9,tt1369667
Movie,Bachelor of Love B.A. Fail,2015,3,tt13705314
Movie,Laborious Past,2015,12,tt13718320
Movie,Kus,2015,-,tt13723230
Movie,Al Omm,2015,1,tt13764952
Movie,Al Ab,2015,-,tt13765040
Movie,Dirty Face Angels,2015,10,tt13781988
Movie,Pumpapur Ki Ramleela,2015,-,tt13785842
Movie,Dilliwaliyaan,2015,-,tt13848418
Movie,Buddenbrooks 2014,2015,12,tt13890464
Movie,In the Heart of the Sea,2015,12,tt1390411
Movie,Al-Katiba 418,2015,10,tt13952002
Movie,Straight Outta Compton,2015,9,tt1398426
Movie,Figuras rotas,2015,4,tt13988668
Movie,Dau Huduni Methai,2015,11,tt14018206
Movie,Le prix de la trahison,2015,-,tt14041918
Movie,Raje Ek Kranti,2015,-,tt14103490
Movie,Feind Scout,2015,10,tt14117590
Movie,Bavaram Kon,2015,-,tt14137360
Movie,Missing Child,2015,8,tt1415282
Movie,Use the Eyeballs!,2015,6,tt14180292
Movie,Águas,2015,5,tt14191928
Movie,The Edge of Night,2015,6,tt14212172
Movie,Lalka Paag,2015,2,tt14278086
Movie,Fukanzen ningen,2015,-,tt14282066
Movie,The General,2015,-,tt14319192
Movie,O-neul Yeong-hwa,2015,8,tt14357742
Movie,Noite,2015,-,tt14363276
Movie,Auster,2015,8,tt14373906
Movie,Ferrugem,2015,-,tt14390616
Movie,Amaru,2015,9,tt1440729
Movie,Ilamveyil,2015,11,tt14434124
Movie,Namukkore Aakasham,2015,10,tt14434198
Movie,Vidooshakan,2015,10,tt14434164
Movie,Kattile Chinthakan,2015,12,tt14434104
Movie,Thaarakangale Saakshi,2015,8,tt14434394
Movie,Moonnaam Naal,2015,8,tt14434312
Movie,Kadhayulloru Pennu,2015,9,tt14434284
Movie,Nikkah,2015,10,tt14434152
Movie,Avtar Dharine Aavu Chu,2015,11,tt14490602
Movie,Night Out A Tale of Friendship & Love,2015,10,tt14490578
Movie,Saibo Maro Saat Janam No,2015,7,tt14502672
Movie,Kaydo,2015,5,tt14502682
Movie,America Street,2015,3,tt14505940
Movie,Anandam Malli Modalaindi,2015,3,tt14534572
Movie,Vaaradhi,2015,4,tt14535060
Movie,Thappatadugu,2015,3,tt14534632
Movie,Geuriwool Ryeon,2015,8,tt14540340
Movie,Anaganaga Oka Chitram,2015,12,tt14558904
Movie,Rajahmundry Ki 50 km Duram Loo,2015,5,tt14558964
Movie,Jatha Kalise,2015,12,tt14558872
Movie,Paddanandi Premalo Mari,2015,2,tt14563970
Movie,Red Herring,2015,10,tt1460646
Movie,Swaticha Kunku,2015,-,tt14654472
Movie,The Republic of Imbaba,2015,4,tt14690742
Movie,Fine Girl,2015,7,tt14702490
Movie,One Fine Day,2015,8,tt14702526
Movie,Delude,2015,11,tt14706510
Movie,Do Lake Abr,2015,-,tt14715828
Movie,El rapto,2015,-,tt14758364
Movie,Endurance,2015,8,tt14765900
Movie,Circonstance,2015,-,tt14780148
Movie,Cabe-Cabean,2015,6,tt14795522
Movie,Anak Kos Dodol,2015,2,tt14794162
Movie,3 Shades,2015,3,tt14807384
Movie,Florence: A Matter Between Detectives,2015,10,tt1482837
Movie,Emil,2015,4,tt14831490
Movie,Vice Versa,2015,7,tt14859454
Movie,Cigarette Sedbedi Preethi Madbedi,2015,12,tt14889036
Movie,I Saw the Light,2015,4,tt1490785
Movie,Modelos,2015,-,tt14923388
Movie,Zig zag,2015,12,tt15011976
Movie,Clown of a Salesman,2015,4,tt15106736
Movie,Mythili & Co,2015,-,tt15115144
Movie,Nicht weit von mir,2015,10,tt1512098
Movie,The First Lady,2015,10,tt15148808
Movie,Dough,2015,6,tt1517471
Movie,Territory 313 vs 734,2015,10,tt15273502
Movie,Sweet Lorraine,2015,4,tt1527837
Movie,Deception,2015,-,tt15360288
Movie,Open Marriage,2015,10,tt15428852
Movie,Since it's not late,2015,2,tt15435110
Movie,Marg Maza Aekala,2015,4,tt15516496
Movie,First Cut,2015,1,tt15574610
Movie,Ikogosi,2015,5,tt15613416
Movie,Ploque,2015,5,tt15618484
Movie,The Scarapist,2015,8,tt1564945
Movie,Stariki,2015,-,tt15699492
Movie,"Love, Guns & Christmas",2015,7,tt1573475
Movie,Collar,2015,-,tt1591469
Movie,The Big Short,2015,1,tt1596363
Movie,Z for Zachariah,2015,8,tt1598642
Movie,Beyond the Farthest Star,2015,8,tt1605791
Movie,Careful What You Wish For,2015,5,tt1629242
Movie,The Age of Adaline,2015,6,tt1655441
Movie,Freeheld,2015,5,tt1658801
Movie,Le grand partage,2015,12,tt1659611
Movie,Cinderella,2015,3,tt1661199
Movie,The Revenant,2015,1,tt1663202
Movie,Martyrs,2015,1,tt1663655
Movie,Legs,2015,-,tt1666823
Movie,Surviving Me: The Nine Circles of Sophie,2015,-,tt1671741
Movie,Finding Mabel,2015,1,tt1675432
Movie,Entourage,2015,6,tt1674771
Movie,Forgiveness,2015,2,tt1683051
Movie,No Way Out,2015,11,tt1683919
Movie,Bike Against the Wind,2015,-,tt1688698
Movie,Into the Grizzly Maze,2015,8,tt1694021
Movie,Catching the Sun,2015,4,tt1698654
Movie,Eisenstein in Guanajuato,2015,6,tt1702429
Movie,Every Thing Will Be Fine,2015,7,tt1707380
Movie,Elser,2015,1,tt1708135
Movie,Messina High,2015,8,tt1720161
Movie,Using,2015,2,tt1721503
Movie,The Eighth Sin,2015,-,tt1728977
Movie,Cats Dancing on Jupiter,2015,5,tt1731702
Movie,Ghost Shark 2: Urban Jaws,2015,6,tt1732651
Movie,"46, xx",2015,11,tt1733731
Movie,Ztraceni v Mnichove,2015,10,tt1734579
Movie,The Adderall Diaries,2015,3,tt1735907
Movie,Secret in Their Eyes,2015,3,tt1741273
Movie,Le Petit Prince,2015,7,tt1754656
Movie,Le grand tout,2015,9,tt1754331
Movie,Chloe & Theo,2015,6,tt1754736
Movie,The Weather Outside,2015,10,tt1761008
Movie,The Curse of Downers Grove,2015,8,tt1772261
Movie,Danny Collins,2015,6,tt1772288
Movie,Zigosana,2015,3,tt1773845
Movie,Single in South Beach,2015,11,tt1773687
Movie,Southpaw,2015,9,tt1798684
Movie,Little Boy,2015,4,tt1810683
Movie,Disposable,2015,1,tt1811313
Movie,Les derniers survivants,2015,11,tt1813458
Movie,God of Happiness,2015,12,tt1817294
Movie,Running Wild,2015,2,tt1822396
Movie,Chappie,2015,3,tt1823672
Movie,The Gambler,2015,-,tt1828325
Movie,The Last King,2015,4,tt1830848
Movie,A Royal Night Out,2015,11,tt1837562
Movie,Queen of the Desert,2015,4,tt1837636
Movie,Nobody Can Cool,2015,4,tt1836869
Movie,Hindsight 2020,2015,-,tt1837569
Movie,Not in My Backyard,2015,4,tt1836872
Movie,Ladygrey,2015,5,tt1847529
Movie,Remainder,2015,11,tt1847672
Movie,Crossroads,2015,-,tt1848834
Movie,Buddha's Little Finger,2015,9,tt1855977
Movie,Sizif K.,2015,1,tt1859546
Movie,An Act of War,2015,3,tt1861445
Movie,Crossing Blood Lines,2015,1,tt1869348
Movie,Glory Daze: The Life and Times of Michael Alig,2015,8,tt1871279
Movie,FM Andy,2015,-,tt1878933
Movie,Maggie,2015,5,tt1881002
Movie,Lars the Emo Kid,2015,7,tt1884338
Movie,The Barefoot Bandit Documentary,2015,6,tt1884273
Movie,The Archive,2015,-,tt1887891
Movie,Chasing Eagle Rock,2015,-,tt1891766
Movie,La Sargento Matacho,2015,10,tt1894486
Movie,The Southside,2015,4,tt1894622
Movie,Spotlight,2015,1,tt1895587
Movie,Silent Red,2015,6,tt1894620
Movie,Lacrime di San Lorenzo,2015,11,tt1920999
Movie,Un + une,2015,12,tt1918911
Movie,Waxie Moon in Fallen Jewel,2015,3,tt1925539
Movie,Chung seung wan siu,2015,2,tt1929433
Movie,Heroes of Dirt,2015,9,tt1934172
Movie,Beyond Paradise,2015,10,tt1937340
Movie,Radio America,2015,10,tt1943783
Movie,Stray,2015,9,tt1954854
Movie,Soul Ties,2015,-,tt1954839
Movie,Beneath the Olive Tree,2015,3,tt1954999
Movie,Everything's Gonna Be Pink,2015,-,tt1964608
Movie,Tag,2015,5,tt1967669
Movie,The Challenger,2015,9,tt1974382
Movie,Fala Sério!,2015,4,tt1974252
Movie,Final Dance,2015,1,tt1972657
Movie,Victor Frankenstein,2015,11,tt1976009
Movie,The Good Dinosaur,2015,11,tt1979388
Movie,No Weapon Formed Against Us,2015,11,tt1986084
Movie,Whispers,2015,3,tt1986202
Movie,Toxin,2015,1,tt1993396
Movie,Brash Young Turks,2015,2,tt1996200
Movie,The Item,2015,9,tt2004394
Movie,The 33,2015,8,tt2006295
Movie,Pain Is Beautiful,2015,1,tt2006809
Movie,Wazir,2016,1,tt0315642
Movie,American Pastoral,2016,12,tt0376479
Movie,The History of Love,2016,1,tt0443533
Movie,"Tak erkir, tsurt dzmer",2016,5,tt0470936
Movie,"Hail, Caesar!",2016,2,tt0475290
Movie,Silence,2016,2,tt0490215
Movie,Nina,2016,4,tt0493076
Movie,Retreat!,2016,8,tt0838194
Movie,Gangster Kittens,2016,12,tt0918520
Movie,The Legend of Tarzan,2016,7,tt0918940
Movie,The Man in the Silo,2016,1,tt0932667
Movie,Pelé: Birth of a Legend,2016,5,tt0995868
Movie,Alalá,2016,9,tt10005130
Movie,La notte è piccola per noi,2016,3,tt10006056
Movie,Le sang de la haine,2016,12,tt10011146
Movie,Saalaiyoram,2016,4,tt10011852
Movie,Waiting for the Boatman,2016,-,tt10023318
Movie,Deep Swimmer,2016,-,tt10023330
Movie,The Young Messiah,2016,3,tt1002563
Movie,The 45,2016,-,tt10037562
Movie,Wuzhumuqin de hai zi,2016,4,tt10049176
Movie,Jattan Diyan Dildariyan,2016,7,tt10062102
Movie,"Blizhe, chem kazhetsya",2016,2,tt10066788
Movie,The Unbendable,2016,-,tt10069972
Movie,"Taxi, Em Tên Gì?",2016,3,tt10075604
Movie,Csak még egyszer elöre,2016,11,tt10077134
Movie,Cho Em Dên Ngày Mai,2016,12,tt10078764
Movie,The Influence of Sex on Dieting,2016,11,tt10087490
Movie,Chasing a broken heart,2016,-,tt10101082
Movie,Emerald City: Live,2016,4,tt10111188
Movie,Jakkanna,2016,7,tt10127628
Movie,Liberty Equality Fraternity: Live,2016,8,tt10151102
Movie,Migranti 1950,2016,9,tt10152244
Movie,Romansa: Gending Cinta di Tanah Turki,2016,3,tt10173670
Movie,Aart,2016,5,tt10183490
Movie,Maturità,2016,4,tt10192466
Movie,Ye Kaisa Pal Do Pal Ka Pyar,2016,9,tt10225098
Movie,Volviendo a Casa,2016,11,tt10225354
Movie,Mazhi Tapasya,2016,4,tt10238510
Movie,Lakhanwadicha Raja,2016,9,tt10241186
Movie,Partee,2016,2,tt10241406
Movie,Kinbaku: Hana no Shô,2016,12,tt10280638
Movie,Koi Aane Parnavo,2016,10,tt10324212
Movie,The Fraud Love Group,2016,12,tt10349280
Movie,Wa'alaikumussalam Paris,2016,3,tt10357406
Movie,Jilbab Traveler: Love Sparks in Korea,2016,7,tt10356932
Movie,Nayanchampar Dinratri,2016,5,tt10366570
Movie,Dogs and Fools,2016,2,tt10401506
Movie,Che cos'è un manrico,2016,4,tt10411708
Movie,Ataraxia,2016,-,tt10451248
Movie,Jane,2016,5,tt7317404
Movie,Him,2016,-,tt10500398
Movie,Kosmonautensehnsucht,2016,4,tt10512636
Movie,Pociecha,2016,11,tt10515976
Movie,Aapne to chhie bindaas,2016,10,tt10533484
Movie,Die weiße Frau 3,2016,7,tt10583610
Movie,Stockholm,2016,-,tt10580458
Movie,Khoussouf,2016,3,tt10620492
Movie,Kya Fark Padta Hai,2016,-,tt10623250
Movie,Echoes of Love,2016,-,tt10633568
Movie,Nadsat,2016,6,tt10654090
Movie,Chetana,2016,7,tt10685470
Movie,Circle,2016,8,tt10690358
Movie,Twiin,2016,9,tt10690546
Movie,The Players,2016,12,tt10691608
Movie,Snakes & Ladders,2016,8,tt10690400
Movie,Switch,2016,10,tt10690596
Movie,Monotony's Lover,2016,11,tt10691788
Movie,Riktha,2016,11,tt10756546
Movie,Be My Slave,2016,-,tt10768010
Movie,Bai mao niu,2016,6,tt10772412
Movie,Showdown The Movie,2016,4,tt10816724
Movie,Sobre Mariposas e Borboletas,2016,8,tt10839304
Movie,Printsip Taliona,2016,8,tt10856376
Movie,New Queer Visions: Lust in Translation,2016,8,tt10889420
Movie,The wedding of Wolves,2016,-,tt10908172
Movie,L'amore rubato,2016,11,tt10910932
Movie,The Wait,2016,1,tt1091212
Movie,Infinite Gift,2016,3,tt10936938
Movie,Osenyu 41-go,2016,10,tt10993884
Movie,Tridev,2016,10,tt11012266
Movie,Tie Zhu into the city,2016,-,tt11015820
Movie,Truck Driver 2,2016,10,tt11012278
Movie,My Boyfriend is A Dog,2016,-,tt11015786
Movie,Las hijas del narco,2016,-,tt11020760
Movie,Page 4,2016,-,tt11024172
Movie,Saajan Chale Sasural 2,2016,7,tt11091984
Movie,From Nine to Nine,2016,-,tt11100652
Movie,Chhappar Phaar Kay,2016,10,tt11117442
Movie,Diu yang,2016,-,tt11137802
Movie,Please Stop... The Endless Gang Bang Hell of A Fallen Female TV Announcer Anri Kizuki,2016,6,tt11157644
Movie,Chuquiragua,2016,10,tt11163154
Movie,Pyar Daa Sandesh,2016,12,tt11210112
Movie,The City of Crosses,2016,3,tt11209962
Movie,AvA,2016,12,tt11231254
Movie,Nirahua Chalal Sasuraal 2,2016,5,tt11238000
Movie,Nayanvan Ke Baan,2016,11,tt11238010
Movie,Ye Mohabbatein,2016,6,tt11238106
Movie,Shi shui yuan 48 xiaoshi,2016,12,tt11240826
Movie,Free State of Jones,2016,9,tt1124037
Movie,Ram Lakhan,2016,8,tt11242840
Movie,Gharwali Baharwali,2016,11,tt11242726
Movie,Kacche Dhaagey,2016,11,tt11317454
Movie,Autumn,2016,3,tt11329022
Movie,Tobu Aporichito,2016,9,tt11340822
Movie,Rambha Urvasi Menaka,2016,-,tt11344146
Movie,L'ultimo passo del perdono,2016,12,tt11357008
Movie,The Merchant of Venice,2016,8,tt11448020
Movie,The Lost Color,2016,4,tt11467002
Movie,The Bronx Bull,2016,1,tt1148205
Movie,Maho,2016,2,tt11487894
Movie,Kotei no hebi,2016,2,tt11488042
Movie,Bundesuriga,2016,2,tt11487996
Movie,Wnyki,2016,12,tt11538590
Movie,London Love Story,2016,2,tt11644218
Movie,Dil Dosti Dushmani,2016,-,tt11646554
Movie,Dreams,2016,3,tt11656952
Movie,Melbourne Rewind,2016,11,tt11656988
Movie,Poison,2016,-,tt11736692
Movie,Steadfast,2016,-,tt11750670
Movie,10 Cloverfield Lane,2016,3,tt1179933
Movie,Phire Dekha,2016,12,tt11841254
Movie,Pure Aspen Street,2016,12,tt11896670
Movie,Wings Given by Mother,2016,9,tt12015018
Movie,12 Days,2016,11,tt12038098
Movie,Jajabor,2016,12,tt12036926
Movie,Vo Oi ... Em O Dau?,2016,3,tt12097768
Movie,Royahaye Abie Man,2016,-,tt12106114
Movie,Deliverers,2016,-,tt12106194
Movie,Janaki Ramudu,2016,1,tt12111454
Movie,Why I Eat Bread,2016,11,tt12115158
Movie,The Lost City of Z,2016,4,tt1212428
Movie,Gravity of Acting,2016,7,tt12138638
Movie,Look Back in Anger,2016,-,tt12174244
Movie,Aamchya Nadi Lagu Naka,2016,2,tt12187114
Movie,Life According to Rasheada II,2016,5,tt12212078
Movie,Ada Cinta Di SMA,2016,10,tt12224378
Movie,Insecta,2016,2,tt12256884
Movie,Atm,2016,6,tt12268902
Movie,Cambio destinazione d'uso,2016,-,tt12273670
Movie,Swallows and Amazons,2016,8,tt1227183
Movie,Rémora,2016,-,tt12286416
Movie,The Merchant of Venice,2016,5,tt12291712
Movie,Moya babusya Fani Kaplan,2016,4,tt5017008
Movie,Balam Ji Jhooth Na Boli,2016,7,tt12313872
Movie,Kismat 2,2016,10,tt12318790
Movie,A Round Trip to Love,2016,9,tt12331732
Movie,Dark Rainbow Part 3,2016,2,tt12332784
Movie,DaZe: Vol. Too (sic) - NonSeNse,2016,9,tt1235192
Movie,Mi Amor,2016,-,tt12390712
Movie,Kavkazskoe trio,2016,12,tt12397966
Movie,La notte delle verità,2016,8,tt12435316
Movie,Chhupam Chhaai,2016,7,tt12451380
Movie,Rainbow age,2016,4,tt12495366
Movie,Fanatic Love,2016,4,tt12497992
Movie,The Racoon,2016,4,tt12498118
Movie,A Round Trip to Love 2,2016,9,tt12501714
Movie,Han Zi Gao: The Male Queen,2016,7,tt12504036
Movie,The Brother,2016,11,tt12506248
Movie,Parmida,2016,-,tt12515342
Movie,A Portrait Asunder,2016,10,tt12524144
Movie,South Africa Factory,2016,-,tt12544052
Movie,Inaiya Thalaimurai,2016,5,tt12566726
Movie,The Road to Elsinore,2016,4,tt12660650
Movie,Day of Salvation,2016,4,tt12708168
Movie,A different me,2016,11,tt12753578
Movie,Avan Aval,2016,4,tt12771854
Movie,Agantuk,2016,8,tt12831086
Movie,Akshathe,2016,7,tt12839796
Movie,SP Zero 15,2016,9,tt12886568
Movie,Frank & Lola,2016,12,tt1290138
Movie,How to Be Single,2016,2,tt1292566
Movie,What a Good Secretary Wants,2016,5,tt12937528
Movie,Jeolmeun eomma 4,2016,4,tt12945368
Movie,Thigilodu Vilaiyaadu,2016,1,tt12960708
Movie,Endru Thaniyum,2016,3,tt12961090
Movie,Kurangu Kaila Poo Maalai,2016,1,tt12960554
Movie,Anbudan Anbarasi,2016,3,tt12960526
Movie,Andha Kuyil Needhana,2016,8,tt12960520
Movie,Enna Pidichirukka,2016,3,tt12961022
Movie,Meenakshi Kadhalan Ilangovan,2016,1,tt12960540
Movie,Kathiravanin Kodai Mazhai,2016,3,tt12961074
Movie,Guhan,2016,4,tt12961180
Movie,Kanden Kadhal Konden,2016,4,tt12961194
Movie,Mudhal Thagaval Arikkai,2016,4,tt12961098
Movie,Pakki Payaluga,2016,3,tt12960944
Movie,Naalu Per Naalu Vidhama Pesuvaanga,2016,1,tt12960740
Movie,Nijama Nizhala,2016,4,tt12961116
Movie,Vennilavin Arangetram,2016,2,tt12960874
Movie,Yokkiyan Varan Somba Thooki Ulla Vai,2016,4,tt12961162
Movie,Irandu Manam Vendum,2016,2,tt12960808
Movie,Kizhakku Chandu Kadhavu En 108,2016,7,tt12969330
Movie,Adhiran,2016,12,tt12969310
Movie,Nenjukkulla Nee Neranjirukka,2016,10,tt12969228
Movie,Merku Mogappair Kanaka Durga,2016,9,tt12969154
Movie,Vendru Varuvaan,2016,8,tt12969116
Movie,Thalaiyatti Bommai,2016,-,tt12969314
Movie,Joreopjeung,2016,-,tt12970166
Movie,Edaal,2016,-,tt12969318
Movie,Aasi,2016,9,tt12969224
Movie,Thirumaal Perumai,2016,9,tt12969212
Movie,Andaman,2016,12,tt12969306
Movie,Anjukku Onnu,2016,11,tt12969296
Movie,Kagitha Kappal,2016,10,tt12969240
Movie,Kallathoni,2016,6,tt12969322
Movie,Nee Enbathu,2016,10,tt12969248
Movie,Kollidam,2016,9,tt12969200
Movie,Kodambakkam Kokila,2016,7,tt12969340
Movie,Azhahendra Sollukku Amudha,2016,12,tt12969298
Movie,Thagadu,2016,9,tt12969146
Movie,Ini Avanea,2016,11,tt12969264
Movie,Kaifiyat,2016,2,tt12981428
Movie,School teacher,2016,1,tt12982712
Movie,Suddenly Komir,2016,11,tt12982188
Movie,Sandikuthirai,2016,8,tt13005038
Movie,Megamoottam,2016,7,tt13004830
Movie,Onbathilirindhu Pathu Varai,2016,7,tt13004856
Movie,Thanu Vachenanta,2016,10,tt13004720
Movie,Araku Road Lo,2016,12,tt13004790
Movie,Vellikizhamai 13 am Thethi,2016,7,tt13004876
Movie,Romance with Finance,2016,3,tt13004524
Movie,Nenosta,2016,12,tt13004800
Movie,Ennama Kadha Vudranunga,2016,8,tt13005044
Movie,Veeri Veeri Gummadi Pandu,2016,2,tt13004480
Movie,Summave Aaduvom,2016,7,tt13004870
Movie,Aavu Puli Madhyalo Prabhas Pelli,2016,11,tt13004752
Movie,Manalo Okkadu,2016,11,tt13004766
Movie,Ammayi Aaruguru,2016,3,tt13004650
Movie,Last Stop,2016,7,tt1303871
Movie,Naanaage Naanillai,2016,-,tt13057434
Movie,Lifu Super,2016,8,tt13057484
Movie,Ishtartha,2016,1,tt13098988
Movie,Thale Bachkolli Powder Hakkolli,2016,5,tt13099268
Movie,Dynamic,2016,1,tt13098974
Movie,Fearless,2016,1,tt1312235
Movie,Aakasamantha Prema,2016,8,tt13166670
Movie,Bliss!,2016,7,tt1316541
Movie,Siganduru Chowdeshwari Mahime,2016,4,tt13188700
Movie,Aham,2016,3,tt13188468
Movie,Ramabai,2016,4,tt13188718
Movie,Mareyalaare,2016,2,tt13188346
Movie,Red (Kannada),2016,4,tt13188732
Movie,U the end A,2016,2,tt13188296
Movie,Prakruthiya Madilu Banavasi,2016,2,tt13187742
Movie,400,2016,2,tt13188310
Movie,Koudi,2016,4,tt13188672
Movie,Dandu,2016,3,tt13188426
Movie,Mahaveera Machideva,2016,3,tt13188574
Movie,Apsare,2016,4,tt13188756
Movie,Chadurida Karmoda,2016,8,tt13188402
Movie,Half Mentlu,2016,4,tt13188658
Movie,Kala Bhairava,2016,3,tt13188610
Movie,Shivayogi Sri Puttayyajja,2016,2,tt13187698
Movie,Nanilde Nee Irtheeya,2016,2,tt13187684
Movie,Preethi Kithabu,2016,2,tt13188364
Movie,CBI Sathya,2016,3,tt13188484
Movie,Madhura Swapna,2016,2,tt13187786
Movie,Bheeshma,2016,3,tt13188548
Movie,Byadagi Mirchi,2016,3,tt13188592
Movie,Raj Bahaddur,2016,2,tt13188190
Movie,Matthe Shhh,2016,3,tt13188624
Movie,Supari Surya,2016,3,tt13188448
Movie,Sri Sathyanarayana,2016,3,tt13188500
Movie,The Actor,2016,3,tt13217640
Movie,Bilindar,2016,4,tt13230878
Movie,Mangaata,2016,5,tt13230900
Movie,Dress Code,2016,6,tt13231090
Movie,Yashogathe,2016,4,tt13230888
Movie,Brahma Vishnu Maheshwara,2016,6,tt13231042
Movie,Sakkath Risk,2016,5,tt13230914
Movie,Lehya Ajji Lehya,2016,5,tt13230982
Movie,Thandava,2016,5,tt13230966
Movie,Birth,2016,6,tt13231030
Movie,Raktha Shasana,2016,6,tt13231616
Movie,Bhujanga,2016,7,tt13231658
Movie,Beat,2016,6,tt13231490
Movie,Jothegathi,2016,6,tt13231506
Movie,July 22 1947,2016,8,tt13231704
Movie,Mathu Kathe,2016,7,tt13231630
Movie,Haaro Hakki,2016,7,tt13231668
Movie,1944,2016,7,tt13231740
Movie,Deal Raja,2016,7,tt13231678
Movie,Naada Rakshaka,2016,8,tt13231886
Movie,Jil Jil,2016,9,tt13231950
Movie,Jagruthi,2016,12,tt13243232
Movie,Seetha Nadhi,2016,10,tt13243106
Movie,Dieyana House,2016,12,tt13243208
Movie,Tharle Village,2016,12,tt13243284
Movie,Danger Zone,2016,9,tt13243042
Movie,Nataraja Service,2016,11,tt13243130
Movie,Naanu Mattu Varalakshmi,2016,12,tt13243382
Movie,NH 37,2016,12,tt13243430
Movie,Mandyada Hudugaru,2016,-,tt13243178
Movie,Just Aakasmika,2016,9,tt13243798
Movie,NH7,2016,12,tt13243396
Movie,Madha Mathu Manasi,2016,11,tt13243172
Movie,Yuva Samrat,2016,9,tt13243072
Movie,Mareyadiru Endendu,2016,11,tt13243152
Movie,Leela,2016,11,tt13243112
Movie,No Entry,2016,-,tt13243192
Movie,Avalucky,2016,12,tt13243300
Movie,John Jani Janardhan,2016,12,tt13243248
Movie,Ananthana Chellata,2016,9,tt13243792
Movie,Ballari Darbar,2016,12,tt13243412
Movie,One Time,2016,12,tt13243268
Movie,Kempammana Court Case,2016,9,tt13243782
Movie,Sri Omkara Ayyappane,2016,12,tt13243454
Movie,A Woman in the Shadow,2016,-,tt13249782
Movie,Rumble in Lüdenscheid,2016,12,tt13276754
Movie,The Devil and the Deep Blue Sea,2016,12,tt1330018
Movie,Morería 17,2016,1,tt13314024
Movie,Dum Laga Ke Haisha,2016,11,tt13322956
Movie,Icar,2016,-,tt13332646
Movie,Only a mad knows,2016,1,tt13381812
Movie,Élan Vital,2016,10,tt1340697
Movie,Iphigenia in Splott,2016,-,tt13424698
Movie,Eoneu yeoreumnal bame,2016,10,tt13430466
Movie,Oculta,2016,-,tt13433344
Movie,Grateful Films,2016,12,tt1344612
Movie,Across the Pampas,2016,-,tt13470644
Movie,Pequeno Segredo,2016,11,tt1352393
Movie,The Infiltrator,2016,9,tt1355631
Movie,Passengers,2016,12,tt1355644
Movie,V ozhidanii Charlotte Corday,2016,-,tt13605456
Movie,Ages of Sex,2016,-,tt13609624
Movie,Kirintilar,2016,-,tt13635536
Movie,Lowriders,2016,4,tt1366338
Movie,Secrets That Bonds Us,2016,10,tt13682002
Movie,Leviatan,2016,12,tt13698858
Movie,Shao nian zhu yuan zhang,2016,-,tt13705558
Movie,Quest of Uncertainty,2016,12,tt13710716
Movie,Los Diablos Azules (Au pays des diables bleus),2016,-,tt13730222
Movie,"Atr-e shirin, atr-e talkh",2016,-,tt13734564
Movie,Bivehaye Ghamgin Salar Jang,2016,7,tt13854326
Movie,When the Bough Breaks,2016,9,tt1389139
Movie,N.S.I.W.E,2016,8,tt13931970
Movie,Boyvachcha kuyov,2016,-,tt13938056
Movie,Chhaya,2016,-,tt13944838
Movie,Wild,2016,3,tt13950424
Movie,Dark Spotlight,2016,7,tt13964360
Movie,Raksasa Dari Jogja,2016,3,tt13997926
Movie,A Boy Called Po,2016,9,tt1401621
Movie,Jack & Miles,2016,12,tt14068724
Movie,Mi-haeng,2016,10,tt14084050
Movie,Daily Fright Night Blood Mirror,2016,2,tt14093112
Movie,Incomplete,2016,12,tt14098940
Movie,Chloe Lives,2016,-,tt14100914
Movie,Cuba libre,2016,-,tt14124480
Movie,Sunset at Noon,2016,5,tt14130352
Movie,Les Caprices,2016,1,tt14179598
Movie,Malamuri,2016,11,tt14182694
Movie,Boy,2016,2,tt14190424
Movie,Blue Velvet Lost Footage,2016,-,tt14197858
Movie,Faces and Mirrors,2016,-,tt14203118
Movie,Ishti,2016,11,tt14214652
Movie,Jashne Tavalod,2016,-,tt14283570
Movie,Invisible Cuffs,2016,2,tt14379472
Movie,Antarleen,2016,12,tt14398622
Movie,Sahel-e Amn,2016,-,tt14402336
Movie,Ai qing bu deng shi,2016,10,tt14403550
Movie,Perros rabiosos,2016,-,tt14422636
Movie,Ek Bija Mate,2016,3,tt14484620
Movie,Love U Baka,2016,2,tt14484662
Movie,Always Rahishu Saathe,2016,2,tt14484692
Movie,Lavari,2016,11,tt14484812
Movie,Duniya Jale to Jale,2016,8,tt14484730
Movie,Mangu Sayba Janmo Janam No Sath,2016,3,tt14484652
Movie,Half Ticket,2016,9,tt14484744
Movie,Jivan Sathi,2016,5,tt14484638
Movie,Ekko Badshah Rani,2016,9,tt14484766
Movie,Chor Na Bhai Ghanti Chor,2016,3,tt14484644
Movie,Patel Paachho Na Pade Thakor Koi Thi Na Dare,2016,12,tt14484630
Movie,3 DOBA: Three Mistakes of God,2016,3,tt14484716
Movie,Patel Ni Patlai Ane Thakor Nee Khandani,2016,10,tt14484824
Movie,Maa Ne Vahlo Dikaro Dikrane Vahali Maa,2016,9,tt14484750
Movie,Su Karisu,2016,4,tt14484726
Movie,Chhokri Vinanu Gam,2016,8,tt14484626
Movie,Fillam,2016,3,tt14484706
Movie,Premrang,2016,2,tt14484676
Movie,Alya Have Shu?,2016,8,tt14484738
Movie,College Bus,2016,9,tt14484754
Movie,Art of Murder,2016,11,tt14496252
Movie,Door,2016,3,tt14535980
Movie,Son of Sindhi,2016,1,tt14565882
Movie,3 Bittavaru Oorige Doddavaru,2016,5,tt14571378
Movie,Best of Luck,2016,10,tt14575170
Movie,Bablusha,2016,9,tt14578712
Movie,Buddhu,2016,2,tt14581180
Movie,Keerthigobba,2016,7,tt14586454
Movie,Moda Modala Maatu Chenda,2016,1,tt14586732
Movie,The Rain Stories,2016,2,tt14585066
Movie,Rasapuri,2016,8,tt14601588
Movie,Sikkapatte Istapatte,2016,9,tt14604510
Movie,Sri Chakram,2016,4,tt14604582
Movie,Desert Drifters,2016,5,tt14611588
Movie,Namagaagi,2016,4,tt14658290
Movie,Stalker,2016,2,tt14702510
Movie,Suru l' ere (Patience Pays),2016,2,tt14702504
Movie,Dakshayagna,2016,5,tt14703500
Movie,Paint It Black,2016,6,tt1472460
Movie,Bridget Jones's Baby,2016,9,tt1473832
Movie,Ironie fatale,2016,-,tt14754808
Movie,Mercado negro,2016,-,tt14763850
Movie,Turnabout,2016,-,tt1476425
Movie,Surat Untukmu,2016,8,tt14766540
Movie,Amar Prem,2016,12,tt14773928
Movie,Sa,2016,8,tt14773974
Movie,Sunyo Je Kol,2016,1,tt14773184
Movie,Mafiosa,2016,1,tt1477178
Movie,Rifle Ganj,2016,6,tt14780982
Movie,L'aveu,2016,-,tt14793000
Movie,Rangolu,2016,3,tt14835798
Movie,Tilineeru,2016,1,tt14842162
Movie,Orphelia,2016,-,tt14889648
Movie,Untuk Angeline,2016,7,tt14914930
Movie,"Shonen Mon, Hontono Namaewa Shiranai",2016,10,tt14923120
Movie,Bhanwari Ka Jaal,2016,12,tt14962412
Movie,Maslakh,2016,-,tt14968196
Movie,The Holy Man,2016,10,tt1503790
Movie,Przystanek do nieba,2016,7,tt15039592
Movie,Made in Harlem,2016,8,tt15054902
Movie,Cahaya Cinta Pesantren,2016,1,tt15092716
Movie,Tie Yi Chong Sheng,2016,10,tt15167288
Movie,El duende sátiro,2016,11,tt15179736
Movie,Ghararemon Park Shahr,2016,-,tt15215782
Movie,Vacant House,2016,-,tt1523575
Movie,American Street Kid,2016,8,tt1524931
Movie,Une saison pour Maurice Pons,2016,6,tt15334330
Movie,The Story of Our Home,2016,9,tt15368388
Movie,Sediae mano mishnavid,2016,-,tt15412926
Movie,Conditions Apply,2016,3,tt15516774
Movie,I and I,2016,7,tt15568016
Movie,Pepper Soup,2016,5,tt15576766
Movie,The Therapist,2016,-,tt15616868
Movie,One Fall,2016,9,tt1563740
Movie,On a Trip,2016,-,tt15649824
Movie,Fallen,2016,3,tt1564777
Movie,Hard Winter,2016,-,tt15656764
Movie,O caso Dora,2016,4,tt15660248
Movie,The Late Bloomer,2016,10,tt1588878
Movie,The Bleeder,2016,6,tt1610525
Movie,The Tommy Movie,2016,7,tt1615150
Movie,Jackie,2016,2,tt1619029
Movie,Bleed for This,2016,11,tt1620935
Movie,Tallulah,2016,7,tt1639084
Movie,Angels in Stardust,2016,3,tt1640483
Movie,Fate,2016,8,tt1648199
Movie,Wild Oats,2016,11,tt1655461
Movie,L'odyssée,2016,1,tt1659619
Movie,Darkness Into Light,2016,1,tt1659198
Movie,Everlasting,2016,2,tt1662500
Movie,The House That Wept Blood,2016,-,tt1661908
Movie,Their Finest,2016,4,tt1661275
Movie,A Real Vermeer,2016,11,tt1668016
Movie,Genius,2016,10,tt1703957
Movie,Message from the King,2016,5,tt1712192
Movie,A Family Man,2016,9,tt1718924
Movie,59 Seconds,2016,2,tt1720035
Movie,London Town,2016,10,tt1724597
Movie,Ethel & Ernest,2016,10,tt1725969
Movie,La muñeca fea,2016,10,tt1727333
Movie,Sole Proprietor,2016,8,tt1733729
Movie,Histórias de Alice,2016,3,tt1740495
Movie,Black Tar Road,2016,7,tt1742327
Movie,Dreaming Uphill,2016,3,tt1747993
Movie,Railway Spine,2016,10,tt1754194
Movie,Western X,2016,6,tt1754871
Movie,Mercury Plains,2016,2,tt1753786
Movie,Misdirection,2016,-,tt1765918
Movie,Teenage Cocktail,2016,1,tt1774591
Movie,Einstein's God Model,2016,5,tt1773389
Movie,Do As You Likey,2016,9,tt1776153
Movie,Hands of Stone,2016,8,tt1781827
Movie,Ice Scream,2016,-,tt1796739
Movie,Bad Santa 2,2016,11,tt1798603
Movie,Gold,2016,3,tt1800302
Movie,The Children of Hip Hop,2016,12,tt1842500
Movie,Encender el Corazón,2016,-,tt1843953
Movie,Deepwater Horizon,2016,9,tt1860357
Movie,The Edge of Seventeen,2016,11,tt1878870
Movie,Brimstone,2016,1,tt1895315
Movie,Sélection officielle,2016,5,tt1894487
Movie,True Crimes,2016,5,tt1901024
Movie,Gozo,2016,9,tt1913036
Movie,Da yu hai tang,2016,7,tt1920885
Movie,All Night Gaming,2016,-,tt1926980
Movie,All Out Dysfunktion!,2016,9,tt1928334
Movie,Le miroir d'Artaud,2016,-,tt1934180
Movie,Miss Peregrine's Home for Peculiar Children,2016,9,tt1935859
Movie,Blind,2016,8,tt1935089
Movie,Voyage of Time: Life's Journey,2016,6,tt1945228
Movie,City of Tiny Lights,2016,4,tt1966385
Movie,The Comedian,2016,2,tt1967614
Movie,Rules Don't Apply,2016,11,tt1974420
Movie,Mud Man,2016,3,tt1978483
Movie,Superpowerless,2016,10,tt1984261
Movie,Our Kind of Traitor,2016,6,tt1995390
Movie,Let Me Down Hard,2016,4,tt1997620
Movie,Glamour Dolls,2016,8,tt1998394
Movie,Greening of the Bronx,2016,-,tt1999886
Movie,Quan jia fu,2017,10,tt0087963
Movie,La telenovela errante,2017,9,tt0100275
Movie,Joe Finds Grace,2017,4,tt0137204
Movie,The Only Living Boy in New York,2017,8,tt0460890
Movie,Tulip Fever,2017,8,tt0491203
Movie,Suburbicon,2017,11,tt0491175
Movie,Rings,2017,2,tt0498381
Movie,Caravaggio and My Mother the Pope,2017,12,tt0825334
Movie,Krystal,2017,4,tt0835802
Movie,The Dot Man,2017,-,tt0874268
Movie,The Promise,2017,7,tt10013288
Movie,Egise Taara Juvvalu,2017,11,tt10017460
Movie,Ila Ayithe Ela,2017,-,tt10017546
Movie,Machiwarla Budha,2017,6,tt10025790
Movie,Ubuntu,2017,9,tt10034168
Movie,Tatva,2017,5,tt10034136
Movie,Pahil Paul Jivanch,2017,8,tt10033760
Movie,Mbretëria,2017,10,tt10036406
Movie,Barcley,2017,11,tt10042678
Movie,Inside the Walls,2017,-,tt10045134
Movie,When Rumi meets Francis,2017,7,tt10048976
Movie,La ola de crímenes,2017,11,tt10048408
Movie,3 Is a Crowd,2017,5,tt10076184
Movie,The Girl From Future,2017,12,tt10077598
Movie,Bingo,2017,3,tt10079798
Movie,49 Ngày 2,2017,2,tt10078676
Movie,One on One,2017,8,tt10101974
Movie,Undga,2017,8,tt10102296
Movie,Sem Raiz,2017,1,tt10106368
Movie,Blestyashchey zhizni lepestok,2017,3,tt10108286
Movie,Ruza,2017,4,tt10115300
Movie,Zygote,2017,6,tt10117046
Movie,Huntash,2017,11,tt10121852
Movie,Khayyum Bhai,2017,6,tt10133528
Movie,Danza de Luna,2017,12,tt10147214
Movie,Mobile Phone Control,2017,6,tt10160716
Movie,Khopa,2017,5,tt10161888
Movie,Marathon Zindagi,2017,4,tt10163206
Movie,A Mother's Story,2017,4,tt10167826
Movie,E Ee,2017,12,tt10169754
Movie,Shyamchi Shala,2017,2,tt10174300
Movie,The Ol' Amity Blues,2017,4,tt10182846
Movie,Funny Young World,2017,6,tt10189426
Movie,"Papa, Come Home",2017,12,tt10195216
Movie,Aitebaar,2017,-,tt10218948
Movie,The Perfect Mistress III.,2017,-,tt10215836
Movie,Tu Mera Chaand,2017,-,tt10218800
Movie,Le Blu,2017,4,tt10224178
Movie,[S.O.S] Sói Trang,2017,6,tt10230002
Movie,14 Tirmeh,2017,5,tt10269890
Movie,Zombe,2017,-,tt10285260
Movie,Kinbaku: Tsuki no Shô,2017,1,tt10295272
Movie,How Are You,2017,6,tt10314526
Movie,Rangeela (telugu),2017,12,tt10353010
Movie,Sunyo Theke Suru,2017,-,tt10394030
Movie,Cesare,2017,7,tt10399872
Movie,Crima si pedeapsa,2017,-,tt10399946
Movie,Terminal Behavior,2017,8,tt10405696
Movie,Camping,2017,11,tt10408220
Movie,O Pilla Nee Valla,2017,5,tt10433062
Movie,Cent anys després,2017,2,tt10436206
Movie,Only the Wind Knows,2017,10,tt10443764
Movie,GEN Hi8,2017,11,tt10448578
Movie,The Preparation,2017,11,tt10443780
Movie,Youth Dinner,2017,6,tt10453114
Movie,A Stray Goat,2017,3,tt10468098
Movie,Seita,2017,-,tt10472938
Movie,The Artist: Reborn,2017,3,tt10499432
Movie,The Eighth Day of the Week,2017,11,tt10505054
Movie,"Havana, Habana",2017,1,tt1051229
Movie,Nuestro silencio,2017,11,tt10509092
Movie,Omar Al Azrak,2017,11,tt10515202
Movie,Aisylu,2017,8,tt10515888
Movie,Wives on Strike: The Revolution,2017,12,tt10521028
Movie,Atenas,2017,2,tt10520882
Movie,Undying Youth,2017,4,tt10520868
Movie,I'm Rising,2017,8,tt10529494
Movie,Roehampton Guerrillas (2011-2016),2017,8,tt10533714
Movie,Uur Tsaigaasai (In the Dawn),2017,5,tt10540854
Movie,Match,2017,12,tt10546234
Movie,Shattered Waves,2017,4,tt10551082
Movie,Father. Mother. Me.,2017,4,tt10561056
Movie,Blood Brothers,2017,1,tt10577878
Movie,This Is You,2017,6,tt10607270
Movie,The Great Leader,2017,12,tt10623274
Movie,Transgression,2017,10,tt10626534
Movie,Circle of Fire,2017,-,tt10634152
Movie,Dark,2017,12,tt10690676
Movie,Evolution,2017,3,tt10691678
Movie,A Lonely lane,2017,8,tt10701758
Movie,A Lonely lane,2017,8,tt10702690
Movie,Care for Her like It's Your Body,2017,10,tt10706796
Movie,Sun's travelers,2017,8,tt10725042
Movie,The Traveler-mosafer,2017,3,tt10741426
Movie,Streets of a Scion,2017,-,tt10746456
Movie,Iraade,2017,12,tt10817772
Movie,GST - Galti Sirf Tumhari,2017,11,tt10825098
Movie,Amun,2017,9,tt10860344
Movie,New Queer Visions: Men from the Boys,2017,12,tt10887586
Movie,Rangeela,2017,11,tt10889058
Movie,Rabba Ishq Na Hove,2017,12,tt10889002
Movie,Arjun,2017,11,tt10889062
Movie,Sipahi,2017,11,tt10889078
Movie,Saiyaan Superstar,2017,12,tt10889026
Movie,Prem Pyar Me,2017,12,tt10889014
Movie,Pattern of Mothers,2017,8,tt10895514
Movie,Superstar,2017,2,tt10914894
Movie,Hot Boy Nôi Loan 2,2017,3,tt10912538
Movie,Du soleil dans nos yeux,2017,10,tt10919392
Movie,Back to Freeport,2017,-,tt10949238
Movie,Tehdy spolu,2017,6,tt10955182
Movie,Guilty,2017,-,tt10970494
Movie,Wu zui zhi cheng,2017,7,tt10980820
Movie,Kaaliyan,2017,9,tt10981694
Movie,The last midnight chapter 2: The Wicked Die Young,2017,12,tt10984600
Movie,Class Diaries,2017,9,tt10983808
Movie,Pretty Little Thing,2017,11,tt10999784
Movie,Mehandi Laga Ke Rakhna,2017,2,tt11012216
Movie,Hidden Summer,2017,-,tt11015702
Movie,Grew up,2017,-,tt11020252
Movie,Bloodthirsty Monster in the Demonic Realm,2017,-,tt11020284
Movie,Moy luchshiy Drug,2017,11,tt11027200
Movie,The Innovation of Loneliness,2017,4,tt11040970
Movie,Birani Sardar,2017,11,tt11041654
Movie,Tu Hi to Meri Jaan Hai Radha 2,2017,11,tt11091904
Movie,Bitiya Hamaray Zamanay Mein,2017,9,tt11117482
Movie,Boro Chele,2017,9,tt11127172
Movie,Love Is Cold,2017,4,tt11137384
Movie,Ta ke la ma gan de gu sheng,2017,4,tt11137810
Movie,Kebrite Sookhte,2017,7,tt11142578
Movie,Invisible Battalion,2017,11,tt11155372
Movie,Pawan Raja,2017,10,tt11157870
Movie,Yoddha Arjun Pandit,2017,10,tt11157910
Movie,Ihe Ba Pyar Ke Rang Hajar,2017,12,tt11157694
Movie,Baap Re Baap,2017,10,tt11157932
Movie,Tohare Me Basela Pran,2017,12,tt11157712
Movie,Main Sehra Bandh Ke Aaunga,2017,10,tt11157882
Movie,Gundey,2017,11,tt11157774
Movie,Balma Rangrasiya,2017,11,tt11157786
Movie,Sugna 2,2017,10,tt11157796
Movie,Muqaddar,2017,10,tt11157830
Movie,The Red Resurrection,2017,11,tt11167046
Movie,Los lobos del Este,2017,12,tt11188402
Movie,Hams Al-Maâ,2017,3,tt11192624
Movie,Voices of Faith,2017,2,tt11194598
Movie,Nirahua Hindustani 2,2017,5,tt11238062
Movie,Sanwariya Mohe Rang De,2017,6,tt11238348
Movie,Bairi Bhail Sajanwaa Hamaar,2017,7,tt11238384
Movie,Challenge,2017,7,tt11242846
Movie,Bhagya Na Jane Koi,2017,11,tt11242638
Movie,Rani Dilwar Jani,2017,-,tt11242720
Movie,Dilwala,2017,8,tt11242816
Movie,Hum Hai Lootere,2017,9,tt11242880
Movie,People Like Us,2017,9,tt11253764
Movie,Dhekrayet Porto Farina,2017,11,tt11269478
Movie,Rezk El-Bey Lik,2017,11,tt11269932
Movie,Giac Mo My,2017,12,tt11273780
Movie,Ke Trôm Chó,2017,10,tt11280592
Movie,Desert of No Return,2017,10,tt11291000
Movie,Mat Bien,2017,7,tt11295890
Movie,Mor Sangee,2017,-,tt11304308
Movie,Idyll Nights,2017,9,tt11315360
Movie,The Fox's Summer 2,2017,5,tt11317728
Movie,2:22,2017,7,tt1131724
Movie,Life as a young person,2017,-,tt11343614
Movie,Nani Bai Ro Mayro,2017,4,tt11355600
Movie,Gli spettatori,2017,5,tt11357156
Movie,Three the Movie,2017,10,tt11374404
Movie,The Public Enemy,2017,6,tt11377510
Movie,Daughters love,2017,1,tt11399478
Movie,Iqro: Petualangan Meraih Bintang,2017,1,tt11474936
Movie,Myujikku no kodomotachi,2017,3,tt11488110
Movie,Jousou kazoku,2017,3,tt11488260
Movie,The Body Tap Massacre,2017,-,tt11487824
Movie,Dhakad Lover,2017,11,tt11513870
Movie,Shaan,2017,10,tt11525730
Movie,Chakkar,2017,9,tt11526052
Movie,Khataara,2017,9,tt11525736
Movie,The Death Story of Sohrab,2017,12,tt11555166
Movie,Dead & Juicy,2017,-,tt11568398
Movie,Antareen,2017,5,tt11570770
Movie,La Medea,2017,1,tt11583516
Movie,We Meet Again,2017,-,tt11581320
Movie,Desert Drifters,2017,7,tt11607600
Movie,Richard III,2017,12,tt11610798
Movie,Missing Michael,2017,1,tt11616618
Movie,Don't Love Me,2017,4,tt11640552
Movie,London Love Story 2,2017,3,tt11644304
Movie,Promise,2017,1,tt11657044
Movie,Twin Flowers,2017,5,tt11657524
Movie,In My Father's Arms,2017,4,tt11724996
Movie,Run-Through,2017,-,tt11740040
Movie,The Ming Dynasty Assassin,2017,8,tt11780876
Movie,Agnidahan,2017,-,tt11835456
Movie,Loretta,2017,9,tt11857598
Movie,Beauty and the Beast,2017,-,tt11861230
Movie,A Dog's Life,2017,9,tt11911742
Movie,Fuori sede,2017,10,tt12006878
Movie,Entraña,2017,-,tt12020214
Movie,Hamlet,2017,11,tt12057442
Movie,La Traversée,2017,4,tt12072976
Movie,Bound,2017,-,tt12106146
Movie,Dur,2017,1,tt12131596
Movie,Alexander I: Into the Woods,2017,-,tt12159434
Movie,"Catherine the Great: Husbands, Lovers and Sons",2017,-,tt12159534
Movie,Kid Normal,2017,-,tt12161946
Movie,Corneador,2017,2,tt12171062
Movie,Naryaa,2017,-,tt12172390
Movie,Organic Motion Pictures (Production House),2017,12,tt12172456
Movie,Ghost in the Shell,2017,3,tt1219827
Movie,Residue,2017,4,tt12211802
Movie,Future King,2017,2,tt12211328
Movie,Skoro vsyo konchitsya,2017,9,tt12240682
Movie,Retina,2017,-,tt1225856
Movie,Am Fenster,2017,9,tt12256954
Movie,La Cicatrice,2017,7,tt12257006
Movie,My Mother's Friend: Her Sex Confession,2017,-,tt12263654
Movie,Yili hegu,2017,7,tt12264280
Movie,Alexander Jamieson,2017,9,tt1226736
Movie,Same Kind of Different as Me,2017,10,tt1230168
Movie,My Regret,2017,9,tt12306094
Movie,Oga,2017,6,tt12306118
Movie,Susurros del árbol,2017,7,tt12324404
Movie,El Suicidio,2017,-,tt12332126
Movie,The Wishing Tree,2017,6,tt1233600
Movie,Película,2017,3,tt12380038
Movie,Hosa Anubhava,2017,7,tt12392514
Movie,Le misanthrope,2017,2,tt12394686
Movie,Jugni hath kise na auni,2017,3,tt12404186
Movie,Death Note,2017,8,tt1241317
Movie,Bizim Küçük Günahlarimiz,2017,11,tt12445058
Movie,From London to Bali,2017,2,tt12492644
Movie,Naura & Genk Juara the Movie,2017,11,tt12497872
Movie,Swinging Blossom,2017,4,tt12531376
Movie,Ang lihim sa eskinita,2017,4,tt12541086
Movie,Tikim,2017,6,tt12542642
Movie,For Love Nor Money,2017,9,tt12566772
Movie,Glass,2017,1,tt12600806
Movie,Hombre,2017,-,tt12609790
Movie,Nana: A Tale of Us,2017,7,tt12611990
Movie,The Stud VS Eowoodong,2017,10,tt12625444
Movie,The Body Interview,2017,7,tt12625372
Movie,If Cain Were Able,2017,8,tt12624888
Movie,The Intruders,2017,12,tt1262914
Movie,Poottu,2017,3,tt12650314
Movie,Volcanic Heaven,2017,9,tt12656262
Movie,Tainted Love,2017,5,tt12684652
Movie,Más vivos que nunca,2017,-,tt12687730
Movie,Whisky e Hambúrguer,2017,7,tt12698970
Movie,Cinema Pyar Dies,2017,7,tt12716002
Movie,Elefantes,2017,-,tt12736172
Movie,Bhalobashi Ajo,2017,7,tt12740952
Movie,Faustus,2017,-,tt12739706
Movie,Pattanaje,2017,9,tt12747834
Movie,Based on Principle,2017,12,tt12764540
Movie,The Curiosity Shop,2017,11,tt12811028
Movie,Días Contados,2017,11,tt12833950
Movie,Aei Maatite (On This Land),2017,10,tt12837432
Movie,Cream,2017,-,tt12851238
Movie,Quand je serai grand,2017,7,tt12877688
Movie,Sand - The Love Without Trust,2017,2,tt12887212
Movie,Dorama tokubetsu kikaku 'temisu no ken',2017,-,tt12900612
Movie,Ghosts,2017,11,tt12914656
Movie,Sidney Hall,2017,3,tt1291566
Movie,Pragamiyam,2017,2,tt12916398
Movie,Peiyena Peiyum Kurudhi,2017,-,tt12916394
Movie,Ebar Goyenda Basab,2017,1,tt12929200
Movie,Sweet Sex,2017,7,tt12937574
Movie,Wife's Friend Reunion,2017,3,tt12945880
Movie,Beautiful Mom,2017,-,tt12945432
Movie,Lewdness Yoga Classroom,2017,-,tt12969364
Movie,Final Thesis,2017,4,tt13009530
Movie,Cleaner,2017,11,tt13024190
Movie,Indulekha,2017,7,tt13063144
Movie,Mombatthi,2017,11,tt13086116
Movie,Panipuri,2017,11,tt13086038
Movie,Smuggler,2017,12,tt13086288
Movie,Gowdru Hotel,2017,12,tt13086154
Movie,Dream Girl,2017,12,tt13086182
Movie,Illa,2017,12,tt13086538
Movie,Hani Hani Ibbani,2017,11,tt13086096
Movie,Upendra Matte Baa,2017,11,tt13086090
Movie,Anveshi,2017,12,tt13086208
Movie,Mooka Hakki,2017,12,tt13086590
Movie,Women's Day,2017,12,tt13086448
Movie,Roopa,2017,4,tt13099208
Movie,Real Police,2017,3,tt13099056
Movie,Mana Manthana,2017,2,tt13098996
Movie,Veera Ranachandi,2017,3,tt13099080
Movie,Melkote Manja,2017,2,tt13098992
Movie,Engineers,2017,4,tt13099250
Movie,Kalaberake,2017,3,tt13099116
Movie,Ajaramara,2017,3,tt13099134
Movie,Manasu Malligey,2017,3,tt13099156
Movie,Dhwani,2017,3,tt13099094
Movie,Preethi Prema,2017,2,tt13099016
Movie,Soundarya Nilaya,2017,4,tt13099230
Movie,Which Way There,2017,4,tt13111062
Movie,Thathana Thithi Mommagana Prastha,2017,8,tt13145126
Movie,E1,2017,8,tt13145140
Movie,Kadhal,2017,8,tt13145220
Movie,Parchandi,2017,8,tt13145362
Movie,Sneha Chakra,2017,8,tt13145178
Movie,Happy Journey,2017,9,tt13150070
Movie,Rajahamsa,2017,9,tt13150142
Movie,Krishna S/O C M,2017,8,tt13145716
Movie,Halli Sogadu,2017,9,tt13150118
Movie,Krack,2017,9,tt13150182
Movie,H Yarige,2017,9,tt13150082
Movie,5th Generation,2017,8,tt13145488
Movie,Maarikondavaru,2017,8,tt13145256
Movie,Lakshmi Narayanara Prapanchane Bere,2017,10,tt13151018
Movie,Sathya Harishchandra,2017,10,tt13151332
Movie,Thikla Kambaniya Kathe,2017,10,tt13151360
Movie,Sithara,2017,10,tt13151432
Movie,Haalu Thuppa,2017,11,tt13151074
Movie,Monalisa: A Tale of Lost Innocence,2017,4,tt13151454
Movie,April Na Himabindu,2017,10,tt13150862
Movie,Biko,2017,11,tt13151542
Movie,Kidi,2017,10,tt13150930
Movie,Once More Kaurava,2017,11,tt13151528
Movie,Nishyabda 2,2017,11,tt13151464
Movie,Gayatri,2017,10,tt13151444
Movie,Simha Hakida Hejje,2017,5,tt13155622
Movie,Kharabath,2017,11,tt13155412
Movie,Jayasurya,2017,11,tt13155394
Movie,Part-2,2017,4,tt13155530
Movie,Yudha Kanda,2017,4,tt13155540
Movie,Maasthi Gudi,2017,5,tt13155624
Movie,Raajaru,2017,11,tt13155504
Movie,Marali Manege,2017,5,tt13155580
Movie,Pokari Raja,2017,5,tt13155602
Movie,Nuggekai,2017,11,tt13155434
Movie,El secreto libre,2017,10,tt13173032
Movie,Don Giovanni,2017,4,tt13172970
Movie,Ee Kalarava,2017,6,tt13175162
Movie,Keetle Krishna,2017,5,tt13175106
Movie,Karaali,2017,5,tt13175076
Movie,Tab,2017,5,tt13175150
Movie,Sarkari Kelasa Devara Kelasa,2017,6,tt13175268
Movie,Jindaa,2017,6,tt13175548
Movie,Life 360,2017,-,tt13175232
Movie,Trigger,2017,7,tt13175774
Movie,Baragala,2017,7,tt13175902
Movie,Halli Panchayathi,2017,7,tt13175778
Movie,Nammoor Haiklu,2017,6,tt13175634
Movie,Nanobne Ollevnu,2017,6,tt13175736
Movie,Shwethaa,2017,6,tt13176170
Movie,Enendu Hesaridali,2017,2,tt13176306
Movie,Students,2017,6,tt13175682
Movie,Gapallondu Cinema,2017,7,tt13175728
Movie,Siliconn City,2017,6,tt13175672
Movie,Kolara,2017,7,tt13175800
Movie,Bhagavad Sri Ramanuja,2017,6,tt13175686
Movie,Yugapurusha,2017,6,tt13175660
Movie,Bannada Neralu,2017,2,tt13176380
Movie,Meenakshi,2017,7,tt13176070
Movie,Kireeta,2017,7,tt13176028
Movie,Toss,2017,7,tt13176220
Movie,Chowdhury Rajbari,2017,12,tt13186110
Movie,Portrait of an American Family,2017,1,tt1318527
Movie,How Do You Feel,2017,-,tt13212766
Movie,Awakening Love,2017,3,tt13206788
Movie,Akatho Puratho,2017,2,tt13219198
Movie,Style Raja,2017,2,tt13243800
Movie,Rush,2017,2,tt13243778
Movie,Lee,2017,1,tt13243484
Movie,Hai,2017,-,tt13243550
Movie,Mumbai,2017,1,tt13243538
Movie,Jalsa,2017,2,tt13243772
Movie,En Nin Problemmu,2017,1,tt13243506
Movie,Amaravathi,2017,2,tt13275486
Movie,White Chairs,2017,10,tt13339106
Movie,Sinandomeng,2017,7,tt13357862
Movie,Astracã,2017,-,tt13368290
Movie,Kamunggai,2017,7,tt13381740
Movie,Arman. When the angels sleep,2017,10,tt13385048
Movie,Mais Ar à Esquerda,2017,5,tt13390456
Movie,Baklad,2017,7,tt13399228
Movie,Ek Anokhi Dulhan - Saavi,2017,6,tt13407506
Movie,"Lixouri, antio",2017,11,tt13415492
Movie,The Great Eastern,2017,11,tt13415414
Movie,Horam,2017,1,tt13416838
Movie,Bethanie,2017,12,tt13429374
Movie,Markus Specht,2017,8,tt13493710
Movie,Befikar Besahare,2017,7,tt13493540
Movie,Invictus Basketball,2017,6,tt13502726
Movie,Thelivuppathaiyin Neesa Thooram,2017,-,tt13504026
Movie,An Affair: My Friend's Mom,2017,-,tt13519098
Movie,Dhondi,2017,-,tt13538460
Movie,Ek Maratha Lakh Maratha,2017,-,tt13538260
Movie,The Little Kings,2017,2,tt13551250
Movie,Behind the Wheels,2017,6,tt13557808
Movie,Day at Park,2017,-,tt13568754
Movie,Killa,2017,6,tt13624866
Movie,Naayikar Bhumikay,2017,2,tt13635916
Movie,Broken,2017,1,tt13652648
Movie,Com si fos ahir,2017,2,tt13658360
Movie,Das Beziehungskonto,2017,10,tt13676638
Movie,Eternal sleep,2017,-,tt13696578
Movie,Nammurali,2017,11,tt13702064
Movie,Reckless Soul,2017,12,tt13707014
Movie,Re-Birth,2017,9,tt13724392
Movie,The Beast Girls,2017,6,tt13734316
Movie,Drowning,2017,3,tt1379178
Movie,Blood Honey,2017,9,tt1380151
Movie,Limbo,2017,7,tt13860170
Movie,Shimmer Lake,2017,6,tt1386691
Movie,Downsizing,2017,1,tt1389072
Movie,Sevadi sevmaydi,2017,-,tt13938018
Movie,Todas Las Voces: El Coro Ciudadano De Providencia,2017,12,tt13950002
Movie,A Strange New Beauty,2017,-,tt13954154
Movie,Forget Me Not (Faithess Romance),2017,1,tt13989774
Movie,Gerasim,2017,10,tt14019840
Movie,The Talk,2017,3,tt14069324
Movie,Passer By,2017,6,tt14077282
Movie,Ghat,2017,12,tt14078926
Movie,Nirbhaya,2017,10,tt14079180
Movie,For Claire,2017,-,tt14102136
Movie,Near,2017,10,tt14111012
Movie,Azhagana En Charupriya,2017,2,tt14106854
Movie,Table 19,2017,3,tt1412528
Movie,Tukhor: Operation Club D,2017,7,tt14148320
Movie,Another Man Will,2017,1,tt14162640
Movie,Eleonora,2017,2,tt14188636
Movie,El-Funduq,2017,10,tt14236644
Movie,National Theatre Live: Consent,2017,5,tt14240648
Movie,Chalagaara,2017,5,tt14252664
Movie,Deal,2017,7,tt14252756
Movie,Chandrabhaga,2017,8,tt14267014
Movie,La fille de menage,2017,12,tt14270866
Movie,Tenmei no ko - cho shi minashigo,2017,-,tt14281082
Movie,Katinka,2017,-,tt14281786
Movie,Jitsuroku yakubutsu no daisho --sei ni oboreta on'na - 2,2017,-,tt14282018
Movie,The Actress,2017,10,tt14303386
Movie,Ozagin,2017,-,tt14319246
Movie,Hamroh,2017,-,tt14359152
Movie,Gingerella (RockaFela),2017,11,tt14382442
Movie,Figli come noi,2017,2,tt14399822
Movie,Badami Halwa,2017,1,tt14433510
Movie,Days of Tears,2017,4,tt14437332
Movie,Magic Lost in Transformation,2017,5,tt14447108
Movie,Footprints,2017,8,tt14449448
Movie,Saathi,2017,2,tt14465346
Movie,Yashoda,2017,9,tt14465930
Movie,Chimmanbhai Ni Chaal,2017,9,tt14465948
Movie,Love Story Ma Locho Padyo,2017,3,tt14465406
Movie,Jiv Thi Vali Mari Janudi,2017,8,tt14465910
Movie,Janu Mari Lakhoma Ek,2017,1,tt14465330
Movie,Love Virus,2017,2,tt14465356
Movie,Love Lafru Lagan,2017,4,tt14465424
Movie,Boss Have to Dhamaal,2017,9,tt14465970
Movie,Thun Thun Gopal,2017,2,tt14465378
Movie,Grand Hali,2017,1,tt14465318
Movie,Rok Tok,2017,7,tt14465896
Movie,Gujarat to Mumbai,2017,10,tt14466162
Movie,Lohi Ni Sagai,2017,10,tt14466118
Movie,Dikra Rakhje Vardini Laj,2017,8,tt14465906
Movie,Come on Baka,2017,8,tt14465924
Movie,World Tofauti,2017,12,tt14481952
Movie,Gujarat to Mumbai,2017,10,tt14484204
Movie,Jyare Bolavu Tyare Dodine Aavje,2017,11,tt14484578
Movie,Love You Yaar,2017,11,tt14484502
Movie,Saalada Magu,2017,1,tt14490332
Movie,Warna Cinta Impian,2017,1,tt14505964
Movie,Truth,2017,11,tt1454700
Movie,Abrindo as Janelas do Tempo,2017,-,tt14572502
Movie,Kidnap,2017,8,tt1458169
Movie,You & Me XXX,2017,8,tt14589416
Movie,Frissítés,2017,7,tt14589940
Movie,Celebrity Marriage,2017,11,tt14606524
Movie,The Women,2017,9,tt14606166
Movie,Dead of Winter,2017,5,tt14609956
Movie,Sasuchya Gharat Javyachi Varaat,2017,-,tt14654656
Movie,Attente,2017,2,tt14660160
Movie,Beyond Natural Eye,2017,4,tt14682946
Movie,The Silver Spoon,2017,9,tt14702306
Movie,Mr & Mrs: Chapter Two,2017,4,tt14702318
Movie,Chol Kuntal,2017,11,tt14773888
Movie,Shubham Karoti Kalyanam,2017,12,tt14773120
Movie,Laden Aala Re Aala,2017,10,tt14773780
Movie,Beep Beep Beep Lagi Gaya,2017,11,tt14773766
Movie,Comrade,2017,7,tt14773236
Movie,Baranda,2017,12,tt14773954
Movie,Adhunik,2017,11,tt14773724
Movie,Les liens de sang,2017,-,tt14780756
Movie,The Lost,2017,5,tt14811194
Movie,Abysmal the un-ending,2017,10,tt14834128
Movie,Une nuit d'enfer,2017,-,tt14834544
Movie,Princess Diana: The Quiet Revolution,2017,8,tt14854310
Movie,The Greatest Showman,2017,1,tt1485796
Movie,An Actor's Life (Less Ordinary),2017,5,tt1486556
Movie,Hybride,2017,1,tt14909076
Movie,All I Wish,2017,3,tt1492705
Movie,We Are Family,2017,7,tt1496040
Movie,Naa Seetha MahaLaxmi,2017,5,tt15036568
Movie,Salute!,2017,-,tt15056864
Movie,The Tribes of Palos Verdes,2017,12,tt1507571
Movie,Jungleland,2017,10,tt15084644
Movie,Perras de barrio 2,2017,-,tt15096360
Movie,The Other Side of the Wind,2018,11,tt0069049
Movie,Reverse Heaven,2018,11,tt0192528
Movie,To Chase a Million,2018,-,tt0276568
Movie,Aamaar Bhuvan,2018,12,tt0328810
Movie,Fahrenheit 451,2018,5,tt0360556
Movie,Nappily Ever After,2018,9,tt0365545
Movie,A Million Little Pieces,2018,12,tt0427543
Movie,Back Roads,2018,12,tt0972544
Movie,When I Became a Butterfly,2018,12,tt10004396
Movie,Turtle,2018,7,tt10010814
Movie,Forced Marriage,2018,2,tt10014042
Movie,Skvoznyye Shagi,2018,-,tt10016254
Movie,Lost Einstein,2018,-,tt10017502
Movie,Anuttara,2018,-,tt10022684
Movie,Saboa,2018,10,tt10027174
Movie,Stay,2018,4,tt10028708
Movie,A Short History of a Few Bad Things,2018,10,tt10035120
Movie,Oblepikhovoe leto,2018,11,tt10043732
Movie,Pur laine,2018,11,tt10049152
Movie,Thing I Don't Get,2018,11,tt10050722
Movie,The Age of Sebastian,2018,-,tt10050592
Movie,Tian Shang De Hai Zi,2018,-,tt10050404
Movie,Das Bürgermeistermädchen,2018,11,tt10056070
Movie,Antropofaga Makumba,2018,-,tt10063078
Movie,Agaton,2018,-,tt10066646
Movie,Taste of Friend Daughters,2018,6,tt10071262
Movie,Good Girlfriend,2018,12,tt10071230
Movie,Brother's Good Wife,2018,9,tt10075748
Movie,11 Niêm Hy Vong,2018,5,tt10078138
Movie,O Dây Có Nang,2018,1,tt10078822
Movie,Amalu,2018,2,tt10081380
Movie,The Secret of the River,2018,9,tt10085818
Movie,5 PM (Lima Penjuru Masjid),2018,5,tt10086164
Movie,MacGuffin,2018,12,tt10086764
Movie,Emilie,2018,8,tt10093086
Movie,Aim,2018,-,tt10093094
Movie,Terrolun and Lunlun,2018,8,tt10096224
Movie,Vremeto e nashe,2018,11,tt10102408
Movie,Double Twisting Double Back,2018,10,tt10107882
Movie,Hospicio,2018,10,tt10111576
Movie,Krymskaya Istoriya X,2018,12,tt10116482
Movie,Wasted Eggs,2018,11,tt10126230
Movie,Don't Tell Me You Can't Sing,2018,9,tt10141736
Movie,Chuzhaya zhizn,2018,9,tt10140912
Movie,Krocken,2018,3,tt10140138
Movie,Sacavém,2018,-,tt10153730
Movie,Parade,2018,1,tt10165168
Movie,DSPGaming: The Movie,2018,1,tt10166750
Movie,Han Guang,2018,9,tt10178258
Movie,Loro,2018,10,tt10182822
Movie,The Prison of Silence,2018,11,tt10196778
Movie,Ikinci pärdä,2018,11,tt10197354
Movie,The Come Up,2018,8,tt10198952
Movie,Me and Mrs. Jones,2018,12,tt10203806
Movie,El Año del Leon,2018,9,tt10203276
Movie,Shwe Kyar,2018,3,tt10204300
Movie,Wiren,2018,12,tt10217930
Movie,Fever...,2018,-,tt10224896
Movie,Aamrityu,2018,-,tt10224738
Movie,Feminin,2018,-,tt10233502
Movie,Abbas Abbas Send Help!,2018,-,tt10233504
Movie,Dangerous Dancing,2018,4,tt10235786
Movie,"Kakuga, mama",2018,11,tt10240752
Movie,The Land,2018,-,tt10243656
Movie,Dr. Huang Danian,2018,12,tt10250578
Movie,The Compact Density of Stone,2018,8,tt10255170
Movie,One without the other,2018,-,tt10263026
Movie,Aggrieved,2018,-,tt10285208
Movie,Il codice del babbuino,2018,5,tt10281564
Movie,Mujeres infieles 5,2018,-,tt10289196
Movie,The Outsider,2018,10,tt10289896
Movie,Scrapper,2018,12,tt10299658
Movie,Happy Days,2018,1,tt10304250
Movie,Jazz Club,2018,11,tt10305510
Movie,No maku bakuhai to,2018,10,tt10305194
Movie,Ako,2018,-,tt10307786
Movie,Qaranliq,2018,4,tt10309212
Movie,Befaam,2018,3,tt10314982
Movie,Half the Sky,2018,5,tt10331100
Movie,Dhaakad,2018,2,tt10328906
Movie,Il destino degli uomini,2018,12,tt10341226
Movie,Chidi Balla,2018,-,tt10341190
Movie,Anori,2018,10,tt10340820
Movie,Outline,2018,-,tt10342626
Movie,Suspiria,2018,11,tt1034415
Movie,My Dear Friend,2018,10,tt10350244
Movie,Fa Hai,2018,7,tt10353736
Movie,Oh! Squints III,2018,9,tt10358574
Movie,Temporary Visa,2018,11,tt10360544
Movie,There Will Be Ample Time,2018,12,tt10369580
Movie,Rangbirangi,2018,2,tt10370472
Movie,Dash Akol,2018,8,tt10385482
Movie,Aria,2018,11,tt10395046
Movie,Unbroken,2018,-,tt10402572
Movie,Bo-hee-wa Nok-yang,2018,5,tt10402898
Movie,Abbundanza,2018,11,tt10404934
Movie,Colour of Love,2018,11,tt10404916
Movie,Mitologia 2,2018,11,tt10404798
Movie,Mitologia 1,2018,11,tt10404228
Movie,Tian yan feng yun,2018,-,tt9876600
Movie,La Musa,2018,11,tt10405056
Movie,Solitudine 2,2018,11,tt10405008
Movie,Wooden Chair,2018,6,tt10413166
Movie,Chang Diao,2018,6,tt10414812
Movie,Tension Thai Gayu,2018,2,tt10415714
Movie,Judith,2018,1,tt10426974
Movie,Natsamrat,2018,8,tt10428316
Movie,Moan,2018,10,tt10433378
Movie,Asphyxia,2018,-,tt10437814
Movie,Fade Away Pastoral,2018,9,tt10443760
Movie,Obo no koe,2018,10,tt10442732
Movie,Nando,2018,11,tt10448770
Movie,Wish You Were Here,2018,4,tt10449116
Movie,Clinging with Hate,2018,-,tt10450770
Movie,Patrolman Baoyin,2018,12,tt10452046
Movie,Meo-ni-baek,2018,4,tt10452996
Movie,Je-ju-do ya-han-bam,2018,-,tt10456442
Movie,Blue Goldfish,2018,6,tt10462828
Movie,Buga,2018,11,tt10462006
Movie,The Imposible Mission,2018,-,tt10465998
Movie,IPC Section: Bharya Bandhu,2018,6,tt10467508
Movie,Young-ju,2018,11,tt10467460
Movie,Dragon Blade,2018,6,tt10467288
Movie,Child of the Kingdom,2018,5,tt10471750
Movie,Xiao gou nai ping,2018,2,tt10473368
Movie,El man del porno,2018,11,tt10474386
Movie,United,2018,5,tt10477214
Movie,Trushart,2018,6,tt10477938
Movie,Nariman i ego bratya,2018,-,tt10478834
Movie,Esperando la carnosa,2018,12,tt10492736
Movie,3 Days 2 Nights,2018,12,tt10490584
Movie,Scene and Life,2018,3,tt10489432
Movie,Hotel Auschwitz,2018,1,tt10489552
Movie,Dawning,2018,12,tt10500532
Movie,Wretches,2018,3,tt10500352
Movie,I am the Procurator,2018,9,tt10499430
Movie,Sem par nechistykh,2018,12,tt10505100
Movie,Iwol,2018,1,tt10505498
Movie,Tsukigime Otoko Tomodachi,2018,6,tt10505558
Movie,Ne chuzhie,2018,11,tt10505424
Movie,Pepo: La última oportunidad,2018,3,tt10505468
Movie,Simon,2018,12,tt10515944
Movie,The Dependence,2018,5,tt10525480
Movie,Zhong guo lan kui,2018,6,tt10533880
Movie,Heroz,2018,6,tt10534512
Movie,Bosc,2018,-,tt10541096
Movie,Mechanical Heart,2018,1,tt10544554
Movie,Swarna Khadgham,2018,7,tt10545446
Movie,Man Divaneh Nistam,2018,7,tt10545476
Movie,Barbara Blu,2018,8,tt10547830
Movie,Eve and Emily,2018,11,tt10549056
Movie,BlackRose,2018,2,tt10549360
Movie,The Righteous Path,2018,12,tt10565396
Movie,Lift,2018,10,tt10567498
Movie,Douch,2018,2,tt10580336
Movie,Cherry (A Stephanie James Film),2018,5,tt10579610
Movie,The Male Gaze: First Kiss,2018,11,tt10582738
Movie,Bhagat Singh Di Udeek,2018,2,tt10590478
Movie,13 Andares,2018,5,tt10588688
Movie,EL: The Movie,2018,5,tt10613796
Movie,Assalamualaikum Calon Imam,2018,5,tt10613684
Movie,Mata Dewa,2018,3,tt10613838
Movie,Kinetics,2018,10,tt10614074
Movie,Sedução da Carne,2018,-,tt10615388
Movie,Casos Complejos,2018,11,tt10622212
Movie,Mataindios,2018,-,tt10623116
Movie,Trigger,2018,6,tt10623980
Movie,Love story in XiangXi,2018,5,tt10628132
Movie,The Forgotten Island,2018,7,tt10635054
Movie,Envestigatè,2018,6,tt10648596
Movie,Phantom Islands,2018,-,tt10662176
Movie,Bagaavat,2018,9,tt10681916
Movie,Iye the others,2018,11,tt10681928
Movie,Walking in Your Shoes,2018,9,tt10702530
Movie,Reencuentro,2018,7,tt10706078
Movie,Tian Mu,2018,9,tt10709176
Movie,Light Wraps Me,2018,6,tt10703806
Movie,Nijanor Gaan,2018,2,tt10713992
Movie,Winchester,2018,2,tt1072748
Movie,8 Minutes and 19 Seconds,2018,3,tt10739144
Movie,Les démons de Ludivine,2018,-,tt10773026
Movie,A Royal Love Extended,2018,12,tt10779152
Movie,Cinema Fighters,2018,1,tt10780540
Movie,Uta Monogatari: Cinema Fighters Project,2018,6,tt10786026
Movie,Ills of Society,2018,-,tt10794648
Movie,Bella Danza,2018,10,tt10793100
Movie,Say Yes,2018,-,tt10811704
Movie,A Summer in Avignon,2018,4,tt10816054
Movie,A Summer in Avignon,2018,4,tt10816064
Movie,Love Promise,2018,5,tt10820724
Movie,Onnai: A story of Love and Sacrifice,2018,11,tt10820954
Movie,Bindhass Jeevan,2018,12,tt10827342
Movie,Janelas,2018,2,tt10845376
Movie,Anderanik,2018,4,tt10846014
Movie,Shopner Ghor,2018,5,tt10858032
Movie,Naagdev,2018,11,tt10883252
Movie,Love Ke Liye Kuchh Bhi Karega,2018,11,tt10883182
Movie,Shiv Mandir Wahi Banayenge,2018,12,tt10883136
Movie,Through a Boy's Eyes,2018,7,tt10887516
Movie,Lajjo,2018,7,tt10883304
Movie,Baadal,2018,6,tt10883328
Movie,La venganza de Ambar,2018,12,tt10884322
Movie,Naagraj,2018,8,tt10883290
Movie,Ishq To Pagalpanti Hai,2018,10,tt10883192
Movie,Rani Hum Ho Gaili Tohar,2018,9,tt10883284
Movie,Chana Jor Garam,2018,3,tt10888716
Movie,London Calling: Brit Shorts,2018,4,tt10887538
Movie,Gangstar Dulhania,2018,8,tt10888616
Movie,Maai Ke Biruwa,2018,4,tt10888700
Movie,Sakhi Ke Biyah,2018,5,tt10888658
Movie,Rudra,2018,1,tt10888966
Movie,Roots of Good Men,2018,-,tt10886732
Movie,Shapath,2018,9,tt10888628
Movie,Deewanapan,2018,2,tt10888746
Movie,Wanted,2018,5,tt10888642
Movie,Shaadi Karke Phas Gaya Yaar,2018,1,tt10888942
Movie,Pakistan Mein Jai Shree Ram,2018,1,tt10888888
Movie,Hitler,2018,2,tt10888866
Movie,Hamar Mission Hamar Banaras,2018,5,tt10888680
Movie,Mil Gayli Chandaniya,2018,4,tt10888692
Movie,La Grande Famille,2018,-,tt10900060
Movie,Lacrimosa,2018,12,tt10902206
Movie,Em Gái Mua,2018,6,tt10915948
Movie,Prison Guards: Pets,2018,-,tt10919518
Movie,Bamui muni yeolrinda,2018,8,tt10923084
Movie,The note,2018,2,tt10928090
Movie,Black,2018,10,tt8810748
Movie,Kurzgeschichten,2018,6,tt10954222
Movie,Theron Madison's Stymie,2018,10,tt8442304
Movie,Vash repetitor,2018,12,tt10971116
Movie,Wo shi hao ren,2018,1,tt10980814
Movie,Agony of a Sister,2018,-,tt10980670
Movie,Polar Lady Tied Up Beauty Wife Sono Six,2018,-,tt10986808
Movie,Puisque nous mourrons,2018,-,tt10995016
Movie,Mehandi Laga Ke Rakhna 2,2018,4,tt11006968
Movie,Border,2018,6,tt11007024
Movie,Awara Balam,2018,5,tt11007004
Movie,Karam Yug,2018,4,tt11006976
Movie,Balam Ji I Love You,2018,10,tt11011668
Movie,Hot Bread (Issiq Non),2018,12,tt11011540
Movie,Maa Tujhhe Salaam,2018,8,tt11011654
Movie,Mai Re Hamara Uhe Laiki Chahi,2018,4,tt11011660
Movie,Ghoonghat Mein Ghotala,2018,7,tt11011650
Movie,Inba Twinkle Lilly,2018,6,tt11011484
Movie,Raja Jani,2018,7,tt11011644
Movie,Raja,2018,10,tt11011904
Movie,Portal dos Sonhos,2018,12,tt11016580
Movie,Ivanov,2018,9,tt11018792
Movie,A Mysterious Date,2018,-,tt11020282
Movie,The Princess Dress,2018,-,tt11020280
Movie,The Prince of Pies,2018,7,tt11030836
Movie,"Ireesha, The Daughter of Elf-king",2018,9,tt11052142
Movie,The Silent Souls,2018,1,tt11056034
Movie,Laboratory,2018,5,tt11058056
Movie,Nane Kradod Kampaeng,2018,7,tt11062030
Movie,Pathis Gang,2018,8,tt11064912
Movie,Derechos del hombre,2018,11,tt11069454
Movie,"Liu A, Sing A, and Bi Hong",2018,10,tt11085980
Movie,Dil Ta Pagal Hola,2018,12,tt11092190
Movie,Hamaar Raju Superstar,2018,6,tt11092122
Movie,Balamua Tohre Khatir,2018,8,tt11092162
Movie,The Girls Are from Tianshui,2018,12,tt11137848
Movie,Zong heng qian li zhi tie feng huang,2018,12,tt11137830
Movie,Pani Bani,2018,6,tt11139448
Movie,Billiard Girl,2018,-,tt11137840
Movie,Pastarioni,2018,11,tt11142622
Movie,El Camino De La Rata,2018,11,tt11146514
Movie,Jangal Raj,2018,12,tt11149120
Movie,K.C.,2018,11,tt11147338
Movie,Krishnobibor the Black Hole,2018,12,tt11147962
Movie,For One of Us,2018,5,tt11148860
Movie,Tod De Dushman Ki Nali Ram Aur Ali,2018,10,tt11149730
Movie,Shiva Banal Don,2018,9,tt11149792
Movie,Khuddar,2018,10,tt11149514
Movie,Qahar,2018,9,tt11150224
Movie,Bidhana Nach Nachabe,2018,10,tt11149282
Movie,Yeh Ishq Bada Bedardi Hai,2018,6,tt11150406
Movie,Nache Nagin Gali Gali,2018,7,tt11150392
Movie,Platform No. 2,2018,6,tt11150414
Movie,Halfa Macha Ke Gail,2018,5,tt11150446
Movie,Kehu Ba Deewana Naihar Me,2018,7,tt11150362
Movie,Indian Viraz,2018,10,tt11149604
Movie,Dansh,2018,6,tt11153896
Movie,Suno Sasurji,2018,3,tt11157636
Movie,Young Sangye,2018,-,tt11156654
Movie,Kaise Kahi Kehuse Pyaar Ba,2018,5,tt11157264
Movie,Baaghi Ishq,2018,5,tt11157170
Movie,Hero,2018,5,tt11157182
Movie,Mohabbat Mith Lagela,2018,3,tt11157552
Movie,You'll Never Walk Alone,2018,5,tt11157776
Movie,Sarkai Lo Khatiya Jada Lage,2018,4,tt11157312
Movie,The Undoing,2018,8,tt11169628
Movie,Knockout,2018,-,tt11185008
Movie,Yeong-ha-ui ba-ram,2018,11,tt11193160
Movie,The Outsiders,2018,8,tt11205260
Movie,Single Day,2018,10,tt11209690
Movie,Swieta Faustyna w blasku milosierdzia,2018,10,tt11235058
Movie,Nirahua Hindustani 3,2018,11,tt11238050
Movie,Cam Bay - Hoi Tho Cua Quy,2018,1,tt11276644
Movie,Sertânia,2018,3,tt11275354
Movie,Farming,2018,10,tt1127881
Movie,Warm house,2018,10,tt11312056
Movie,The Job,2018,-,tt11322230
Movie,Rukuni Koina,2018,12,tt11328720
Movie,Antha V Chitram,2018,11,tt11330340
Movie,Daphnis & Chloé,2018,4,tt11348982
Movie,Tor Pyar Mein,2018,9,tt11356704
Movie,Vikas Ki Bahu,2018,6,tt11360912
Movie,A Better Family,2018,11,tt11370050
Movie,Om Alles,2018,11,tt11374002
Movie,Death Wish,2018,3,tt1137450
Movie,Entre Eu e Deus,2018,-,tt11395594
Movie,Boomerang,2018,-,tt11428618
Movie,Seema: The Story Untold,2018,-,tt11437738
Movie,Hojas verdes de Otoño,2018,-,tt11439662
Movie,The Felt Master and His Daughter,2018,10,tt11470368
Movie,Nijiiro no Asa ga Kuru made,2018,-,tt11478272
Movie,Kare Kasif,2018,7,tt11497444
Movie,Send Me Out,2018,12,tt11547120
Movie,Unheil,2018,11,tt11569310
Movie,"Asukhwala, the Pain Hawker",2018,2,tt11578282
Movie,Zvyozdy,2018,8,tt11591732
Movie,The Book of Job,2018,5,tt11608064
Movie,Xolomeo y Pitbulieta,2018,6,tt11611364
Movie,London Love Story 3,2018,2,tt11644348
Movie,Rozovoe ili kolokolchik,2018,1,tt11695864
Movie,Studium smogu,2018,2,tt11694716
Movie,Wanda's Wonderful World,2018,3,tt11697700
Movie,Chhutti Jashe Chhakka,2018,6,tt11719482
Movie,Como un Angel,2018,5,tt11718556
Movie,All the Pretty Horses,2018,-,tt11737768
Movie,Coco's,2018,-,tt11736952
Movie,River of Pearls,2018,-,tt11739316
Movie,Patent,2018,-,tt11744372
Movie,Leyla,2018,6,tt11767060
Movie,Shocking Kung Fu of Huo's,2018,6,tt11784470
Movie,Pixelia,2018,1,tt11791828
Movie,Baigal,2018,4,tt11799736
Movie,Running Again,2018,3,tt11808550
Movie,Yar Des Punjab Day,2018,7,tt11841862
Movie,Raju Gentleman,2018,11,tt11850926
Movie,Oyashirazu,2018,4,tt11855030
Movie,Best Friends 2018,2018,10,tt11879246
Movie,Torchlight,2018,9,tt11898764
Movie,Das Verlangen der Maria D.,2018,12,tt11897964
Movie,Gyoan,2018,7,tt11906298
Movie,Mugen Foundation,2018,8,tt11908406
Movie,Futsû wa hashiridasu,2018,11,tt11906988
Movie,Wozzeck,2018,8,tt11929916
Movie,Rebento,2018,-,tt11957168
Movie,Gracie,2018,3,tt1196939
Movie,Atharva,2018,7,tt11982766
Movie,The Choice,2018,9,tt12012590
Movie,Wiñay,2018,9,tt12064984
Movie,Hitboy,2018,5,tt12099230
Movie,Excuse me po,2018,5,tt12099366
Movie,Square,2018,3,tt12105546
Movie,Ding Feng Po,2018,10,tt12108482
Movie,Pesthauch der Menschlichkeit,2018,12,tt12116566
Movie,On the Rocks,2018,11,tt12120720
Movie,Alium,2018,3,tt12133620
Movie,First Man,2018,10,tt1213641
Movie,Indigo Children,2018,-,tt12153638
Movie,Operation Crucible,2018,-,tt12157938
Movie,Kid Normal and the Rogue Heroes,2018,-,tt12161960
Movie,Dhalinyaro,2018,-,tt12167458
Movie,Ghetto Bred,2018,6,tt12170640
Movie,Pang MMK,2018,10,tt12170328
Movie,Opgepast!,2018,4,tt12173960
Movie,If This Is My Story,2018,12,tt12200156
Movie,A Conscious Battle,2018,10,tt12211902
Movie,Sursum Radiografías del Postconflicto,2018,-,tt12226946
Movie,Vagrant,2018,10,tt12261314
Movie,Beautiful Boy,2018,11,tt1226837
Movie,Forget to Die,2018,9,tt12308424
Movie,Kitanaka suketchi,2018,7,tt12307938
Movie,Paralisis,2018,5,tt12309472
Movie,Cidade Dormitório,2018,8,tt12321014
Movie,Sex & Water,2018,11,tt12318844
Movie,The Curators of Dixon School,2018,-,tt12325320
Movie,ShobBahika,2018,-,tt12331044
Movie,Where Hands Touch,2018,5,tt1235187
Movie,Tune Out,2018,9,tt12379100
Movie,Trastornos del sueño,2018,10,tt12379824
Movie,Apocalypse Society,2018,8,tt12381750
Movie,Bravo 2: Machinima Heroes,2018,6,tt12395520
Movie,A Fold in Space,2018,-,tt12404002
Movie,Angels Inc,2018,-,tt12410016
Movie,Libertos: o preço da vida,2018,3,tt12482906
Movie,A fight to live 2,2018,1,tt12491528
Movie,A fight to live 1,2018,1,tt12491472
Movie,Solo,2018,-,tt12492582
Movie,A fight to live 3,2018,1,tt12492612
Movie,The Loft House,2018,6,tt12498852
Movie,Casa de fieras,2018,10,tt12530664
Movie,Ek Kassh,2018,5,tt12539226
Movie,Hume Jeene Do,2018,1,tt12539530
Movie,Devil's Chest,2018,7,tt12560552
Movie,Sef/chef,2018,-,tt12557760
Movie,Le Rideau pourpre,2018,5,tt12580412
Movie,Aleya,2018,6,tt12587636
Movie,Lodi,2018,-,tt12588030
Movie,Den of Thieves,2018,2,tt1259528
Movie,Badla Hindustani Ka,2018,8,tt12600358
Movie,Infinite.,2018,9,tt12617838
Movie,The Survive,2018,3,tt12665576
Movie,Schaum Und Sand (Ramel o Zabad),2018,8,tt12679550
Movie,3000,2018,3,tt12687332
Movie,1098,2018,6,tt12686702
Movie,Hell is Light,2018,11,tt12690012
Movie,A+,2018,10,tt12693352
Movie,Aa Ondu Dina,2018,2,tt12698702
Movie,Annam Parabrahma Swaroopam,2018,3,tt12708744
Movie,Opasnie tanci,2018,8,tt12730536
Movie,La cuarta dimensión,2018,-,tt12729688
Movie,Premi Diwana,2018,9,tt12739138
Movie,Maduve Dibbana,2018,4,tt12740988
Movie,Naanu L/O Jaanu,2018,2,tt12744706
Movie,Seventeen and A Half Years Old,2018,7,tt12746878
Movie,Nee Nanna Usiru,2018,7,tt12750026
Movie,Olu Munsami,2018,5,tt12750552
Movie,Preethiya Rayabhari,2018,3,tt12753404
Movie,6 To 6,2018,4,tt12753704
Movie,Devrantha Manushya,2018,2,tt12766730
Movie,Edakallu Guddada Mele,2018,5,tt12771318
Movie,Dirty Mind,2018,12,tt12788672
Movie,Jung Siyasat Ke,2018,8,tt12794750
Movie,Tansuiga no kiseki [Taipei-hatsu metoroshirizu tansuieki],2018,-,tt12841718
Movie,"Boku wa boku, kujira wa kujira de, oyoide iru.",2018,-,tt12838604
Movie,The Writer,2018,10,tt1284535
Movie,Kadhalargal Valibar Sangam,2018,5,tt12874618
Movie,18.05.2009,2018,5,tt12874624
Movie,A Roda da Vida,2018,9,tt12880790
Movie,Maya Bhavanam,2018,7,tt12881040
Movie,Puthiya Bruce Lee,2018,5,tt12881014
Movie,Roja Maaligai,2018,7,tt12881030
Movie,Pei Irukka Illaya,2018,5,tt12880998
Movie,Ondikatta,2018,7,tt12881054
Movie,The Cave,2018,2,tt12888470
Movie,The Guernsey Literary Society,2018,4,tt1289403
Movie,Parashat Onkelos,2018,-,tt12892286
Movie,Satya Gang,2018,4,tt12915964
Movie,Middonaito janaru kieta yukai-han o oe! Nanatoshi-me no shinjitsu,2018,-,tt12915940
Movie,Student Power,2018,11,tt12915988
Movie,Sainyam,2018,11,tt12916002
Movie,Thiru,2018,12,tt12916108
Movie,Junction Lo Jayamalini,2018,4,tt12915980
Movie,Soda Goli Soda,2018,2,tt12915928
Movie,Vanmurai Paguthi,2018,11,tt12916318
Movie,Yaagan,2018,10,tt12916388
Movie,Moonavathu Kann,2018,10,tt12916360
Movie,Adanga Pasanga,2018,10,tt12916378
Movie,Karthikeyanum Kaanamal Pona Kadhaliyum,2018,11,tt12916314
Movie,Semmari Aadu,2018,11,tt12916038
Movie,Raaga Thaalangal,2018,11,tt12916336
Movie,Kalavani Sirukki,2018,10,tt12916372
Movie,Sagavaasam,2018,11,tt12916306
Movie,Asathoma Sadhgamaya,2018,7,tt12921018
Movie,Rahashyavedi Basab,2018,1,tt12925262
Movie,Rusalki,2018,-,tt12942576
Movie,Big-chested Sisters,2018,7,tt12944960
Movie,Unlove Me,2018,-,tt12962506
Movie,Queen of the Sun,2018,-,tt12962724
Movie,Dove tutto ebbe inizio,2018,2,tt12970900
Movie,Gâden apâto,2018,3,tt12988090
Movie,The Outcast,2018,-,tt13012578
Movie,Kazhdomu svoyo,2018,-,tt13043058
Movie,Prison Architect,2018,-,tt13046514
Movie,Dobareh Zendegi,2018,11,tt13052070
Movie,The Chinese Widows,2018,1,tt13055304
Movie,Bi jukujo den'en furin-dzukushi,2018,-,tt13063028
Movie,Días Mejores,2018,12,tt13075580
Movie,Nuit blanche,2018,3,tt13079296
Movie,Ou est l'espoir?,2018,2,tt13082412
Movie,Fast Life: The Evolution,2018,-,tt13086048
Movie,Saint Nerry Marathi Medium,2018,6,tt13118874
Movie,Poya Velaya Patthukkittu,2018,5,tt13132326
Movie,Tridhara,2018,10,tt13138160
Movie,Zitta!,2018,11,tt13174960
Movie,The Man Who Killed Don Quixote,2018,7,tt1318517
Movie,"Coulda, Woulda, Shoulda",2018,-,tt1319706
Movie,Money Latino,2018,8,tt13209980
Movie,5K1,2018,4,tt1326219
Movie,The Serial Cheater,2018,5,tt13292432
Movie,Bori,2018,9,tt13322018
Movie,"Now, It's Tomorrow",2018,9,tt13328214
Movie,Who is the Champion?,2018,12,tt13336014
Movie,Ira (german),2018,9,tt13339384
Movie,A Promise That Was Broken,2018,5,tt13403618
Movie,A Promise That Was Broken,2018,5,tt13404012
Movie,Child of the occult,2018,1,tt13406040
Movie,Inbred,2018,9,tt13417218
Movie,The Trap,2018,7,tt13425148
Movie,Vegas Nights,2018,12,tt13442198
Movie,Janagana Mana,2018,2,tt13453144
Movie,Kanthri Boys,2018,2,tt13453402
Movie,Love Beat the Hell Out of Me,2018,2,tt13458492
Movie,Love You 2,2018,7,tt13460164
Movie,Kelavu Dinagala Nanthara,2018,6,tt13459460
Movie,Kattu Kathe,2018,6,tt13459450
Movie,La fête espagnole,2019,1,tt0011216
Movie,Sha Ou,2019,4,tt0083060
Movie,Mariette in Ecstasy,2019,11,tt0116991
Movie,Wo men fu fu zhi jian,2019,4,tt0339917
Movie,Motherless Brooklyn,2019,12,tt0385887
Movie,Danger Close: The Battle of Long Tan,2019,8,tt0441881
Movie,The Last Full Measure,2019,7,tt0783640
Movie,The Dirt,2019,3,tt0800325
Movie,Dirt Music,2019,10,tt0810836
Movie,Bolden,2019,5,tt0858419
Movie,Mistero di un Impiegato,2019,2,tt10001116
Movie,Adalat,2019,3,tt10003792
Movie,Krishnam,2019,3,tt10006156
Movie,Child of Wisdom,2019,-,tt10003990
Movie,Jagtsæson,2019,10,tt10006270
Movie,Pattabhiraman,2019,8,tt10002654
Movie,Ali the Blind Boxer,2019,10,tt10004074
Movie,Paradise,2019,4,tt10004574
Movie,He's My Daddy Too,2019,11,tt10006276
Movie,Barof 2019,2019,2,tt10005864
Movie,"In Their Own Words, Billy the Kid & The Lincoln County War",2019,12,tt10005378
Movie,Mesto!,2019,4,tt10007268
Movie,The Australian Dream,2019,8,tt10010368
Movie,Changing the Game,2019,6,tt10011320
Movie,Bull,2019,5,tt10008784
Movie,The Sholay Girl,2019,3,tt10011102
Movie,Family Obligations,2019,6,tt10009434
Movie,Lucky Grandma,2019,5,tt10011336
Movie,Encrypted: The Cyber Crime,2019,5,tt10009878
Movie,Death Whisper,2019,4,tt10015812
Movie,I Watched TV Show and Died from Blood,2019,3,tt10015644
Movie,Zabuti,2019,9,tt10014838
Movie,Kader Postasi,2019,12,tt10015248
Movie,Finals,2019,9,tt10019402
Movie,Ispade Rajavum Idhaya Raniyum,2019,3,tt10016532
Movie,The Purple Mist,2019,2,tt10017454
Movie,Gone Kesh,2019,3,tt10017956
Movie,Incursão,2019,8,tt10021754
Movie,Sucker for Love,2019,4,tt10022858
Movie,Nemesis,2019,8,tt10022974
Movie,Nedunalvaadai,2019,3,tt10023080
Movie,Dracula,2019,9,tt10025196
Movie,Katha Karana Heena,2019,3,tt10023506
Movie,Jack Lives Alone,2019,10,tt10031940
Movie,Piola,2019,3,tt10035478
Movie,Lucky One,2019,3,tt10033908
Movie,Mukherjee Dar Bou,2019,3,tt10034272
Movie,Death of a Traveling Life Insurance Salesman,2019,3,tt10036992
Movie,A fast passing angel,2019,1,tt10041300
Movie,Los atardeceres rojos,2019,3,tt10037428
Movie,Delta Byrd Sings,2019,7,tt10038080
Movie,Killer's Whisper,2019,7,tt10037836
Movie,Old Is Gold,2019,3,tt10039014
Movie,Flatmates,2019,7,tt10038708
Movie,Mle Kyu,2019,3,tt10037834
Movie,Muttayikkallanum Mammaliyum,2019,3,tt10039064
Movie,Perspectives of the Mind,2019,4,tt10040094
Movie,Suporter Masuk Pesantren,2019,3,tt10039546
Movie,Vinterrejse,2019,10,tt10041952
Movie,Between Maybes,2019,5,tt10044704
Movie,Butsaagui Amlalt,2019,3,tt10045266
Movie,Jiyan,2019,11,tt10043742
Movie,Humba Dreams,2019,7,tt10043746
Movie,Bumi Itu Bulat,2019,4,tt10044934
Movie,Kapi,2019,4,tt10045434
Movie,Sinner,2019,10,tt10046522
Movie,La vida en común,2019,11,tt10046208
Movie,Hang Ten,2019,12,tt10050004
Movie,Unarmed Man,2019,3,tt10049768
Movie,Ya podaryu tebe pobedu,2019,4,tt10048376
Movie,Arayakadavil,2019,3,tt10050614
Movie,Drama,2019,4,tt10050608
Movie,Brené Brown: The Call to Courage,2019,4,tt10050766
Movie,Black Fox: Age of the Ninja,2019,10,tt10052928
Movie,White Fish Season,2019,9,tt10052314
Movie,Reincarnation,2019,8,tt10050292
Movie,Milosc i milosierdzie,2019,3,tt10052290
Movie,Angel Sign,2019,11,tt10053058
Movie,Shiva's Daughter,2019,11,tt10054536
Movie,Mullapoo Viplavam,2019,3,tt10055762
Movie,Shell and Joint,2019,1,tt10052156
Movie,MeloDylan,2019,4,tt10056322
Movie,Dharmaprabhu,2019,6,tt10056510
Movie,Vellaipookal,2019,4,tt10055770
Movie,Arbëria,2019,12,tt10054940
Movie,Sale dovom daneshkadeh man,2019,10,tt10059236
Movie,Cocaine. Gangster. Talk.,2019,12,tt10058396
Movie,Best Wishes,2019,5,tt10057796
Movie,Lalji Qalandarr,2019,9,tt10063040
Movie,The Knight Before Christmas,2019,11,tt10060094
Movie,Windfall,2019,-,tt10061766
Movie,Khoon-e Khoda,2019,2,tt10059220
Movie,O Olho e a Faca,2019,6,tt10062650
Movie,Sasha's Hell,2019,4,tt10062704
Movie,Memoria,2019,8,tt10063192
Movie,Hot Gimmick: Girl Meets Boy,2019,12,tt10061256
Movie,Jaddi Sardar,2019,9,tt10064270
Movie,Ma nudité ne sert à rien,2019,1,tt10065750
Movie,Ningen shikkaku: Dazai Osamu to 3-nin no onnatachi,2019,9,tt10065976
Movie,Mantan Manten,2019,4,tt10066526
Movie,Lao shi · Hao,2019,3,tt10066162
Movie,Despair,2019,3,tt10066268
Movie,Innerscape,2019,12,tt10066560
Movie,The Mountain Minor,2019,10,tt10071352
Movie,Kuvana,2019,3,tt10073630
Movie,The Soul is What Remains,2019,12,tt10074700
Movie,Ting er zou xian,2019,8,tt10074486
Movie,Jie fang - Zhong ju ying jiu,2019,12,tt10074536
Movie,Manmadhudu 2,2019,8,tt10076106
Movie,A Passagem das Horas,2019,4,tt10079310
Movie,Historia Lizy,2019,11,tt10080052
Movie,Bernard,2019,3,tt10080062
Movie,Maanasi,2019,3,tt10081154
Movie,Tandav,2019,5,tt10081402
Movie,Kabilavasthu,2019,3,tt10081162
Movie,Unexpected Reunion,2019,9,tt10081574
Movie,Evvarikee Cheppoddu,2019,10,tt10081202
Movie,Saaral,2019,3,tt10081134
Movie,Sweater,2019,3,tt10080924
Movie,Aaviri,2019,11,tt10081210
Movie,Malli Malli Chusa,2019,10,tt10081238
Movie,Le retour de Richard 3 par le train de 9h24,2019,6,tt10081286
Movie,Vilambaram,2019,3,tt10081166
Movie,Gujarat 11,2019,11,tt10080996
Movie,Chandigarh Amritsar Chandigarh,2019,5,tt10084190
Movie,Blood on Her Name,2019,2,tt10085338
Movie,Dwikhondito,2019,3,tt10084684
Movie,Nerea,2019,3,tt10085298
Movie,Impossible to Imagine,2019,3,tt10086930
Movie,Neerthirai,2019,3,tt10084608
Movie,Neele Gagan Ke Tale,2019,1,tt10087852
Movie,My Angel My Teacher,2019,4,tt10084614
Movie,Vinara sodara veera kumara,2019,3,tt10084780
Movie,Kahi Kshan Premache,2019,4,tt10084358
Movie,Kizim Gibi Kokuyorsun,2019,7,tt10086502
Movie,Auerhaus,2019,12,tt10084688
Movie,Kagefumi,2019,11,tt10086648
Movie,John Light,2019,8,tt10086784
Movie,I Wanted Our Summer,2019,12,tt10085524
Movie,Highest Point,2019,-,tt10086836
Movie,Free Spirit,2019,4,tt10088006
Movie,Bed of Thorns,2019,3,tt10089152
Movie,"Mr. Hikita, I Am Knocked Up",2019,10,tt10091380
Movie,Raia 4,2019,12,tt10090744
Movie,Holiday Rush,2019,11,tt10091530
Movie,Rumput Tetangga,2019,4,tt10092860
Movie,Get Real,2019,5,tt10095498
Movie,Journey of Unity,2019,8,tt10094644
Movie,Song wo shang qing yun,2019,8,tt10097364
Movie,Di shi yi hui,2019,4,tt10097436
Movie,Arrhythmia,2019,-,tt10096850
Movie,Vermelha,2019,1,tt10097752
Movie,Chao ji de wo,2019,4,tt10097544
Movie,Shuang sheng,2019,4,tt10098374
Movie,Stranded,2019,4,tt10097816
Movie,Ni shi xiong shou,2019,11,tt10097530
Movie,Hui dao guo qu yong bao ni,2019,7,tt10097832
Movie,Finky,2019,7,tt10098472
Movie,Omar and Us,2019,10,tt10100506
Movie,Hitoyo,2019,11,tt10101846
Movie,Nadhoo Kha'n,2019,4,tt10102192
Movie,Chernobyl: Zona otchuzhdeniya,2019,9,tt10100620
Movie,In a New York Minute,2019,4,tt10107868
Movie,Dhumas,2019,4,tt10106734
Movie,La rivoluzione,2019,5,tt10105850
Movie,Common Creed,2019,10,tt10108074
Movie,BABA 'Bu Alem Bi Alem',2019,3,tt10109750
Movie,Island,2019,4,tt10111182
Movie,Bau Na Vichaar,2019,5,tt10112154
Movie,Solo no,2019,5,tt10112020
Movie,A Biopic from the Film Industry,2019,7,tt10111630
Movie,Smile Please,2019,7,tt10111568
Movie,Between Heaven and Earth,2019,12,tt10111746
Movie,A mano disarmata,2019,6,tt10115638
Movie,Mak lo yan,2019,9,tt10117402
Movie,Sag Du Es Mir,2019,10,tt10116488
Movie,Ragmork,2019,5,tt10115644
Movie,Chance,2019,5,tt10117554
Movie,Planted,2019,-,tt10118092
Movie,377 AbNormal,2019,3,tt10118064
Movie,Nra masin kam te inchpes na chvakhetsav arjits,2019,9,tt10124442
Movie,Chambal,2019,2,tt10122038
Movie,Cult,2019,10,tt10122846
Movie,Sur la peau,2019,7,tt10122334
Movie,Test Pattern,2019,2,tt10121508
Movie,Chhalawa,2019,6,tt10125662
Movie,Sapos,2019,4,tt10123034
Movie,In Search of Echo,2019,4,tt10121894
Movie,Frantsuz,2019,1,tt10124714
Movie,Post,2019,4,tt10126462
Movie,Mens,2019,1,tt10125774
Movie,Ru ying sui xin,2019,4,tt10126628
Movie,National Theatre Live: The Lehman Trilogy,2019,7,tt10127546
Movie,Shootout at Kanpur,2019,3,tt10127746
Movie,Reprint,2019,8,tt10127696
Movie,Swayamvada,2019,4,tt10133066
Movie,Boucan,2019,4,tt10134522
Movie,Kasaai,2019,10,tt10133680
Movie,Slugi wojny,2019,8,tt10133378
Movie,Greenfield,2019,10,tt10133278
Movie,Under the Weather,2019,3,tt10133856
Movie,Special,2019,6,tt10133076
Movie,A Death Perspective,2019,6,tt10132970
Movie,Las campañas de invierno,2019,4,tt10135960
Movie,Stuk kapel po steklu,2019,4,tt10135490
Movie,Valiyaperunnal,2019,12,tt10136880
Movie,Adwokat,2019,9,tt10136364
Movie,Fraemling,2019,10,tt10138312
Movie,Ana Zhan,2019,5,tt10136768
Movie,Realization,2019,4,tt10142050
Movie,Beer Conversations,2019,8,tt10140024
Movie,Kusumitar Gappo,2019,3,tt10141690
Movie,A Man Who Meets Himself,2019,4,tt10140632
Movie,Beneath the Scar,2019,3,tt10144160
Movie,Das perfekte Geheimnis,2019,10,tt10145122
Movie,Doberman,2019,5,tt10146204
Movie,Kerosin,2019,3,tt10146198
Movie,Wo he wo de zu guo,2019,9,tt10147382
Movie,Welad Rizk 2,2019,8,tt10151260
Movie,No Storybook Love,2019,4,tt10151286
Movie,313 Detectives,2019,10,tt10151318
Movie,Tujhich Re,2019,6,tt10152332
Movie,Jesusa,2019,4,tt10151630
Movie,In the Fish,2019,6,tt10151968
Movie,"Tinanjali, a song of life",2019,3,tt10151560
Movie,Felony Murder,2019,12,tt1015458
Movie,Cobra,2019,10,tt10152772
Movie,"Hello, Love, Goodbye",2019,7,tt10156112
Movie,Menka Urvashi,2019,3,tt10157796
Movie,Kudimagan,2019,4,tt10157446
Movie,La femme de mon frère,2019,6,tt10155342
Movie,Ave Rara,2019,7,tt10157748
Movie,Alva,2019,1,tt10153664
Movie,Da Story B4 Da Glory,2019,7,tt10155126
Movie,Ganesha Meendum Santhipom,2019,4,tt10157470
Movie,Holiday Heist,2019,11,tt10156020
Movie,Rahaei,2019,12,tt10160650
Movie,Rocky: The Revenge,2019,4,tt10156406
Movie,Jewel Thieves,2019,9,tt10160844
Movie,NT Live: Cyrano de Bergerac,2019,2,tt10160742
Movie,Benden Hikâyesi,2019,4,tt10163286
Movie,Voy por ti,2019,3,tt10166836
Movie,Yume no Oto,2019,3,tt10164640
Movie,The Power of Beauty,2019,10,tt10167590
Movie,Belle Douleur,2019,8,tt10176320
Movie,Mirrors,2019,-,tt10171578
Movie,Los días de Ayotzinapa (The 43s),2019,2,tt10177384
Movie,Miranda House,2019,4,tt10178860
Movie,Stanley,2019,4,tt10178056
Movie,Baalaa,2019,5,tt10178894
Movie,Equinox,2019,2,tt10178846
Movie,Ilk Adim: 1919,2019,-,tt10183862
Movie,"Hello, My Cat",2019,8,tt10181246
Movie,Kuttymama,2019,5,tt10183682
Movie,Love;Life,2019,4,tt10186096
Movie,Leela,2019,4,tt10183664
Movie,Tux and Fanny,2019,5,tt10187146
Movie,Sunrise/Sunset,2019,6,tt10187248
Movie,Thanh Pho Ngu Gat,2019,11,tt10187130
Movie,Thamaasha,2019,6,tt10187686
Movie,Prisoners of the Moon,2019,6,tt10189594
Movie,Finding You,2019,5,tt10188328
Movie,Lunana: A Yak in the Classroom,2019,4,tt10189300
Movie,Wo de chong wu shi da xiang,2019,4,tt10192320
Movie,La Fundación de Lucía,2019,8,tt10192976
Movie,Paradise - Una nuova vita,2019,10,tt10189540
Movie,Love Me Tender,2019,8,tt10189466
Movie,Squat32,2019,4,tt10192598
Movie,The last red house,2019,3,tt10194714
Movie,Zui hao de wo men,2019,6,tt10195976
Movie,Virupaa,2019,4,tt10196160
Movie,American Skin,2019,1,tt10195452
Movie,Küçük Seyler,2019,11,tt10196140
Movie,Yin he bu xi ban,2019,7,tt10195210
Movie,Ramprasad Ki Tehrvi,2019,1,tt10196464
Movie,Rahman 1400,2019,3,tt10196142
Movie,Wildflower,2019,7,tt10195832
Movie,Man & Wife,2019,5,tt10195336
Movie,Bad Girl,2019,4,tt10197650
Movie,Blackwell,2019,-,tt10198412
Movie,The Ten Virgins,2019,8,tt10200410
Movie,Les misérables,2019,2,tt10199590
Movie,Dylda,2019,2,tt10199640
Movie,Sailing Lessons 2,2019,2,tt10203960
Movie,The Dream Map,2019,4,tt10199336
Movie,What Colour is this World,2019,3,tt10200068
Movie,Adam,2019,7,tt10199664
Movie,Blue,2019,8,tt10203100
Movie,Atlantique,2019,2,tt10199586
Movie,Mirage,2019,12,tt10199588
Movie,Liberté,2019,9,tt10199670
Movie,Trois jours et une vie,2019,9,tt10204366
Movie,Chong ai,2019,12,tt10203982
Movie,The Last Session,2019,4,tt10204712
Movie,Donne-moi des ailes,2019,8,tt10204940
Movie,Three Nobunagas,2019,9,tt10206204
Movie,Ichigo no uta,2019,7,tt10206162
Movie,Chiisana koi no uta,2019,5,tt10206614
Movie,Waste,2019,9,tt10207346
Movie,"Family Romance, LLC",2019,7,tt10208194
Movie,Christmas a la Mode,2019,11,tt10210182
Movie,Gou yan kan ren xin,2019,4,tt10214198
Movie,Angel Fever,2019,2,tt10214872
Movie,Dark Blue,2019,5,tt10214900
Movie,Anxiety and Depression: Proof of Happiness,2019,4,tt10214162
Movie,Nado mnoyu solntse ne saditsya,2019,2,tt10217624
Movie,Three in One Room,2019,9,tt10218834
Movie,Ceniza negra,2019,3,tt10219406
Movie,Xiao xiao de yuan wang,2019,9,tt10219674
Movie,Chunjiang shuinuan,2019,8,tt10219146
Movie,Zhong guo ji zhang,2019,9,tt10218664
Movie,Lie huo ying xiong,2019,8,tt10218674
Movie,Edakkad Battalion 06,2019,10,tt10218838
Movie,Tu mérites un amour,2019,9,tt10223546
Movie,Karate Do,2019,8,tt10223114
Movie,Litigante,2019,11,tt10223552
Movie,Sem Seu Sangue,2019,5,tt10222752
Movie,The Desert River,2019,3,tt10225882
Movie,Ombathane Adbutha,2019,4,tt10225702
Movie,El Camino Hacia Mi,2019,5,tt10225730
Movie,Timelife,2019,4,tt10224912
Movie,Huo zhe chang zhe,2019,11,tt10225288
Movie,Vif-argent,2019,8,tt10224624
Movie,Koali & Rice,2019,4,tt10226012
Movie,From Sensei,2019,10,tt10227754
Movie,Por el dinero,2019,5,tt10228188
Movie,Perdrix,2019,7,tt10228204
Movie,Tlamess,2019,2,tt10228180
Movie,Against All Odds,2019,10,tt10229222
Movie,Brick,2019,-,tt10227710
Movie,A Quarta Parede,2019,5,tt10229588
Movie,Bagrut,2019,4,tt10230288
Movie,M.I.S.T.E.R (Made It Surviving Through Extreme Reality),2019,4,tt10230258
Movie,Pariban: Idola dari Tanah Jawa,2019,5,tt10230316
Movie,Jesús de Nazaret,2019,4,tt10233050
Movie,Opt-in,2019,4,tt10232800
Movie,Die Lehrerin,2019,6,tt10234992
Movie,Black Yellow,2019,-,tt10233908
Movie,"Spring, Again",2019,4,tt10237592
Movie,Nebaj,2019,6,tt10238748
Movie,Piove deserto,2019,5,tt10238520
Movie,Heaven's Hell,2019,5,tt10238712
Movie,Inseparable Bros,2019,5,tt10237612
Movie,ILU America (Land of America),2019,9,tt10239560
Movie,Me Without You,2019,9,tt10239580
Movie,Stand-Up,2019,5,tt10239154
Movie,Marksheet,2019,11,tt10241002
Movie,D-Day,2019,7,tt10239930
Movie,Broken/Together,2019,6,tt10240428
Movie,#Truth,2019,1,tt10240886
Movie,DU,2019,6,tt10244592
Movie,"Births, Deaths and Marriages",2019,7,tt10243608
Movie,Bad Honey,2019,11,tt10243774
Movie,Quase Livres,2019,7,tt10245362
Movie,Oishii kazoku,2019,9,tt10245616
Movie,Chopsticks,2019,5,tt10243678
Movie,Ang hupa,2019,7,tt10244756
Movie,Lillian,2019,3,tt10244754
Movie,Ghost Tropic,2019,1,tt10244760
Movie,Deutschland ist... Heim,2019,-,tt10243528
Movie,This Is Not About You,2019,4,tt10246332
Movie,Superstorm: A Love Story,2019,7,tt10245956
Movie,Sukep: The Movie,2019,5,tt10246058
Movie,Jwlwi - The Seed,2019,7,tt10247160
Movie,Saeng-il,2019,4,tt10248334
Movie,A Dose of Happiness,2019,11,tt10249780
Movie,66 Sadashiv,2019,5,tt10251300
Movie,Ek Hota Pani,2019,5,tt10251362
Movie,Muj pribeh,2019,1,tt10251962
Movie,Allahu Akbar,2019,-,tt10252928
Movie,Loafers,2019,5,tt10251576
Movie,La dea fortuna,2019,6,tt10256570
Movie,Urbano,2019,9,tt10256368
Movie,Voskresenye,2019,9,tt10256894
Movie,Ambu,2019,5,tt10256818
Movie,Gosti,2019,3,tt10260294
Movie,Tapeworm,2019,9,tt10259162
Movie,La berceuse d'Elphie,2019,12,tt10257148
Movie,Antigone,2019,8,tt10260042
Movie,Rakuen,2019,10,tt10261338
Movie,Anywhere Is Here,2019,5,tt10260810
Movie,Cranks,2019,9,tt10262632
Movie,Ek Gulelbaaz the Catapult,2019,-,tt10263986
Movie,Muna,2019,12,tt10264732
Movie,Jack,2019,5,tt10265934
Movie,Exit Point,2019,-,tt10268240
Movie,Tropical Abyss,2019,-,tt10268220
Movie,Ahora y siempre,2019,5,tt10269474
Movie,Passeggeri notturni,2019,5,tt10270344
Movie,"Io, Leonardo",2019,10,tt10270592
Movie,The Lawyers: Pokrol Bambu,2019,5,tt10270632
Movie,A Resistance,2019,2,tt10276054
Movie,Love Flower,2019,7,tt10275398
Movie,Falaises,2019,4,tt10275980
Movie,Eva: Stories,2019,5,tt10274638
Movie,Alone,2019,8,tt10274594
Movie,Lvx Æterna,2019,9,tt10272534
Movie,K-13,2019,5,tt10275440
Movie,Beshoot,2019,8,tt10276554
Movie,Talk to Me,2019,4,tt10277158
Movie,Witches of the Water,2019,12,tt10278386
Movie,Clean Break,2019,8,tt10279000
Movie,Libertins,2019,6,tt10278136
Movie,Away Bus,2019,-,tt10279092
Movie,Film Festival Film,2019,2,tt10277182
Movie,Güller,2019,6,tt10278276
Movie,Divaldo: O Mensageiro da Paz,2019,9,tt10278930
Movie,Nic nie ginie,2019,3,tt10283960
Movie,Broke,2019,8,tt10278584
Movie,Les deux crayons,2019,6,tt10279592
Movie,Ghost Writer,2019,6,tt10280220
Movie,Ne Olur Gitme,2019,5,tt10281468
Movie,Frau Stern,2019,8,tt10286140
Movie,Once in Trubchevsk,2019,7,tt10287616
Movie,The Good Old Days,2019,5,tt10287980
Movie,Si Doel the Movie 2,2019,6,tt10290062
Movie,Wallet Sized Photo,2019,2,tt10290322
Movie,Anhedonia,2019,5,tt10290998
Movie,Bullied,2019,5,tt10289708
Movie,Terminal Sud,2019,11,tt10292050
Movie,Take Over Zone,2019,9,tt10291648
Movie,Black Hand,2019,9,tt10292974
Movie,Coffee with God,2019,7,tt10294458
Movie,Sunburned,2019,7,tt10295834
Movie,Bittersweet Waters,2019,5,tt10293074
Movie,Down Swan,2019,5,tt10295526
Movie,Jyeshthoputro,2019,4,tt10294858
Movie,Regenwetter,2019,12,tt10295106
Movie,Kalavani 2,2019,7,tt10295824
Movie,Hemelrijken,2019,12,tt10295902
Movie,Thanthai Sol Mikka Manthiram Illai,2019,5,tt10295770
Movie,The Girl in a Tiny Room,2019,7,tt10296286
Movie,Así habló el cambista,2019,9,tt10298454
Movie,Singa,2019,5,tt10298052
Movie,V for Victor,2019,7,tt10298006
Movie,Runts,2019,5,tt10299640
Movie,Okate Life,2019,5,tt10300302
Movie,The Lovely Mrs. Mookherjee,2019,3,tt10301262
Movie,Kidnap,2019,6,tt10300662
Movie,Khananam,2019,5,tt10300564
Movie,Lynn + Lucy,2019,7,tt10300174
Movie,Jalsaghar,2019,5,tt10300634
Movie,Vedhamanavan,2019,5,tt10300334
Movie,Ego,2019,11,tt10302640
Movie,La Flor de Taboga,2019,5,tt10303516
Movie,Uyut,2019,3,tt10303954
Movie,Arctic Apocalypse,2019,9,tt10305328
Movie,Arid Cut,2019,-,tt10306104
Movie,B309,2019,11,tt10305920
Movie,Claire,2019,-,tt10306238
Movie,Silo,2019,10,tt10306516
Movie,Malaal,2019,7,tt10305616
Movie,Tasweerein,2019,5,tt10308026
Movie,Eorin uiroein,2019,5,tt10308634
Movie,Flower Boy,2019,5,tt10308538
Movie,Love Pain Sevdah,2019,5,tt10309362
Movie,Burû awâ ni buttobasu,2019,10,tt10309218
Movie,Winter Song,2019,12,tt10309574
Movie,Storozh,2019,6,tt10310222
Movie,Sadho,2019,8,tt10309910
Movie,Horizon,2019,2,tt10310010
Movie,Creation between Two Surfaces,2019,-,tt10312990
Movie,Me and Mr. Canadian,2019,5,tt10315060
Movie,Mr. Jasoos,2019,5,tt10314886
Movie,El Gobernador,2019,-,tt10313614
Movie,Me and Mr. Canadian,2019,5,tt10317856
Movie,Ashrunchi Zali Phule (Play),2019,-,tt10319320
Movie,The Human Voice,2019,-,tt10322278
Movie,Joyce,2019,5,tt10324438
Movie,Article 15,2019,9,tt10324144
Movie,Chihuo Quan Wang,2019,11,tt10322726
Movie,Password,2019,6,tt10323688
Movie,Magic,2019,7,tt10325662
Movie,Loving Martin,2019,3,tt10327946
Movie,Rabbit,2019,-,tt10326530
Movie,San Cipriano Road,2019,-,tt10326932
Movie,A Child of the King,2019,9,tt10328018
Movie,Mokalik (Mechanic),2019,9,tt10327136
Movie,From The Barrio to The Board Room,2019,-,tt10327990
Movie,Shaadi Ke Patasey,2019,7,tt10328288
