0,1,2,3,4
Short,Shulie,2015,4,tt0177220
Short,Rosie & Me,2015,-,tt10003786
Short,The Invite,2015,12,tt10005560
Short,Zöld fény,2015,6,tt10009920
Short,Memòries,2015,8,tt10008620
Short,Christmas for the Rest of Us,2015,12,tt10022526
Short,Jeremy,2015,12,tt10022366
Short,This Other American Life,2015,5,tt10033692
Short,Austin,2015,1,tt10047804
Short,The First Act,2015,12,tt10056262
Short,Islandia,2015,-,tt10062540
Short,Alchy,2015,12,tt10068190
Short,Kalós,2015,6,tt10069434
Short,Interno 8,2015,-,tt10076030
Short,Diner Noir Istanbul,2015,3,tt10081296
Short,"Un Film, Réclamé",2015,-,tt10086966
Short,Greener Grass,2015,11,tt10087070
Short,Ruis,2015,-,tt10090780
Short,1976,2015,5,tt10090762
Short,The Girl in Pieces,2015,7,tt10091854
Short,Real Nigga,2015,5,tt10127240
Short,I Disgraziati,2015,-,tt10127816
Short,Beurtkrag,2015,8,tt10137752
Short,After the Birds,2015,4,tt10140096
Short,Next Victim,2015,4,tt10137690
Short,D'Bushaischen,2015,2,tt10144242
Short,Northern Light,2015,1,tt10155774
Short,A Long Time Comin',2015,12,tt10154382
Short,Thicker Than Blood,2015,-,tt10160918
Short,Carousel,2015,7,tt10165022
Short,Thikana (Refuge),2015,9,tt10168760
Short,Maria Masle feat. Prince Myles - Dame Dame,2015,10,tt10170378
Short,Admirável Mundo Velho,2015,-,tt10172560
Short,Nightcall,2015,-,tt10187774
Short,Pele 1 Real,2015,11,tt10188570
Short,Golddiggers,2015,2,tt10192712
Short,Boedo 2108,2015,11,tt10195442
Short,I Don't Usually Imbibe on Libations,2015,4,tt10217100
Short,Down by the Lake,2015,-,tt10214636
Short,Le maelstrom,2015,-,tt10222644
Short,A Simple Hi,2015,7,tt10222254
Short,Memórias - Canal Mosaico,2015,-,tt10222498
Short,Summertime,2015,8,tt10228132
Short,Friends,2015,-,tt10228334
Short,Ta Da!,2015,3,tt10236290
Short,"Samir, Sheikh El Chabeb",2015,10,tt10235872
Short,La vallée,2015,1,tt10243918
Short,Élégie Nocturne,2015,1,tt10246508
Short,Eat the Rich,2015,12,tt10264222
Short,Li xiang zhuang tai,2015,7,tt10267480
Short,The Letter,2015,2,tt10270120
Short,"Winter, Fireworks and My Father",2015,4,tt10276172
Short,Nindu Chandrudu,2015,11,tt10281676
Short,Leguas,2015,-,tt10285118
Short,Dil Say,2015,12,tt10287770
Short,Go LaLa go II Title sequence,2015,12,tt10295170
Short,Vader,2015,5,tt10295740
Short,Quelques Gouttes Suffisent,2015,-,tt10308616
Short,And so do I,2015,1,tt10307898
Short,The Seventh Soul,2015,-,tt10310168
Short,Grace,2015,-,tt10313516
Short,Grade,2015,12,tt10318306
Short,Paraluman,2015,10,tt10318722
Short,Hotel Esplanad,2015,9,tt10323458
Short,Affekt,2015,10,tt10322654
Short,Leaving,2015,4,tt10323016
Short,Religame,2015,2,tt10325386
Short,Ghanta (PSA),2015,-,tt10345352
Short,Filling in the Blanks,2015,-,tt10356570
Short,Whence Cometh Evil?,2015,6,tt10360144
Short,Glitter and Smoke,2015,5,tt10360018
Short,The Appointment,2015,6,tt10361306
Short,Plyaska smerti,2015,4,tt10375772
Short,Brick,2015,5,tt10379444
Short,Ponty,2015,6,tt10389966
Short,Dirty Picture,2015,12,tt10394450
Short,Abduction,2015,2,tt10394334
Short,Incapaz,2015,-,tt10395124
Short,Cariño Mío,2015,-,tt10398542
Short,23: Sen cavabla,2015,5,tt10403490
Short,The moment,2015,6,tt10413898
Short,"Like Father, Like Son.",2015,8,tt10414062
Short,Bullshit,2015,9,tt10415502
Short,O Curto Adeus,2015,9,tt10430116
Short,Grandma's Stove,2015,2,tt10432426
Short,The Return of the Pink Triangle,2015,5,tt10441088
Short,Tag X,2015,10,tt10454034
Short,I am Rebel,2015,11,tt10472402
Short,Debut,2015,11,tt10476438
Short,Tralala,2015,-,tt10477872
Short,Proud,2015,4,tt10482874
Short,Steg,2015,4,tt10483558
Short,Ghost Star,2015,-,tt10506560
Short,Das Gewitter,2015,-,tt10515112
Short,Macapá,2015,6,tt10515948
Short,Angela,2015,12,tt10515880
Short,Dragging It Out,2015,5,tt10529504
Short,Conditioned,2015,12,tt10525886
Short,And Afterwards,2015,12,tt10525870
Short,An Indigo,2015,12,tt10529586
Short,Where's the Head?,2015,12,tt10528018
Short,Two of Us,2015,12,tt10529638
Short,Am Bahnhof Zoo,2015,-,tt10533620
Short,Om vägar,2015,12,tt10538862
Short,The Curfew,2015,4,tt10549164
Short,Sporazum,2015,3,tt10552072
Short,Disconnected,2015,1,tt10562440
Short,Proxy,2015,-,tt10573670
Short,Froggy Night,2015,9,tt10584778
Short,Cold,2015,6,tt10592998
Short,A Rude Awakening,2015,7,tt10597900
Short,Go Far,2015,2,tt10602324
Short,Secret Video,2015,1,tt10623216
Short,Domani,2015,12,tt10638598
Short,Maa,2015,-,tt10639080
Short,Dear Pearl,2015,-,tt10657514
Short,Stay,2015,4,tt10667310
Short,Picture Perfect,2015,11,tt10712492
Short,Exánimes,2015,9,tt10725210
Short,Stegna,2015,-,tt10740140
Short,Love at First Sight,2015,-,tt10741568
Short,Breaking News,2015,-,tt10746538
Short,Cartas a la Memoria,2015,10,tt10749680
Short,Madre,2015,6,tt10749696
Short,A Glory Revealed,2015,-,tt10771908
Short,Midnight Brawl,2015,11,tt10771440
Short,Other Side,2015,9,tt10782258
Short,Crossing,2015,5,tt10783148
Short,Mi memoria está llena de gatos,2015,5,tt10786860
Short,The Glance,2015,6,tt10792714
Short,"Blink, A Tragic Tale",2015,12,tt10796258
Short,Enceladus,2015,11,tt10801402
Short,Romeo Reboot,2015,7,tt10804848
Short,Housewarming,2015,4,tt10808606
Short,Ayzebel,2015,4,tt10810616
Short,Joanna,2015,7,tt10815806
Short,"Find Me, Keep Me, Love Me",2015,-,tt10812654
Short,Et gammelt piano,2015,6,tt10825514
Short,Sleepless,2015,10,tt10828216
Short,Haunters,2015,12,tt10842534
Short,Revolution C,2015,12,tt10851740
Short,Diamond in the Rough,2015,4,tt10871390
Short,Catharsis,2015,10,tt10886542
Short,Exílio,2015,9,tt10889398
Short,Syringa,2015,12,tt10893612
Short,The Lost Sons,2015,4,tt10899082
Short,Carcosa,2015,10,tt10901906
Short,Engrossed,2015,-,tt10918192
Short,Mancha de Sangue no Porcelanato,2015,8,tt10915188
Short,O Voo da Borboleta,2015,-,tt10916474
Short,Fora de Quadro,2015,12,tt10918722
Short,A Dog Day Night,2015,9,tt10919238
Short,Evenimentul Zilei,2015,11,tt10921374
Short,Renacimiento,2015,5,tt10924280
Short,The Artist,2015,6,tt10930566
Short,"C'est rien, je suis tombée",2015,10,tt10930668
Short,Neurotic,2015,2,tt10930982
Short,Casting Call,2015,6,tt10935440
Short,Mensajes de Antonio,2015,7,tt10936994
Short,Punto de Partida,2015,8,tt10937946
Short,Taxi,2015,12,tt10954270
Short,Ma lionne,2015,-,tt10953890
Short,Para Minha Mãe,2015,6,tt10952686
Short,Osculum Mortis,2015,12,tt10965338
Short,Railway,2015,-,tt10967828
Short,Home Again,2015,2,tt10978592
Short,Dushchakra: Vicious Circle,2015,3,tt10993578
Short,Mia,2015,7,tt11006644
Short,Bon-zo,2015,6,tt11005932
Short,Horizont,2015,6,tt11011038
Short,Infidèle,2015,11,tt11022168
Short,Five Days,2015,3,tt11024208
Short,Mr Zhang Comes to Australia,2015,1,tt11044150
Short,Maminko,2015,5,tt11048396
Short,Date #1: Heart,2015,-,tt11051696
Short,Forgotten,2015,12,tt11053252
Short,Black Mountain,2015,-,tt11054586
Short,Kalakal,2015,5,tt11086502
Short,Falling as we Grow,2015,7,tt11083520
Short,The Butterfly,2015,12,tt11096948
Short,Joey,2015,-,tt11102974
Short,Relapse,2015,6,tt11111984
Short,Morpheum,2015,9,tt11115164
Short,Edad Ante Mente,2015,9,tt11116152
Short,Soch,2015,11,tt11133264
Short,Moments,2015,7,tt11136894
Short,Imaginary Friend,2015,7,tt11146930
Short,Sound of Silence,2015,7,tt11152062
Short,Purple,2015,6,tt11166618
Short,A Grimm Tale,2015,-,tt11171222
Short,The Gates,2015,8,tt11180056
Short,Ont est ensemble,2015,2,tt11182600
Short,Cenycienta 2014,2015,1,tt11188554
Short,Tornar,2015,4,tt11194060
Short,I'm Trying vol. 1,2015,12,tt11196450
Short,Deja Vu,2015,6,tt11222918
Short,Hidrofobia,2015,8,tt11244476
Short,Dans ton regard,2015,-,tt11248256
Short,Tear Down and Rebuild,2015,9,tt11261696
Short,Atenção: Isto pode ser um Poema,2015,3,tt11269310
Short,La Perla,2015,5,tt11271296
Short,Stand for It,2015,10,tt11282264
Short,"Ai Con Song, Gio Tay Len!",2015,11,tt11285652
Short,Harvest,2015,6,tt11322368
Short,O Almoço,2015,4,tt11330546
Short,Lmuja,2015,11,tt11346958
Short,Lonely Fighter in the Zone,2015,11,tt11347100
Short,En Dehors de La Ville,2015,11,tt11347246
Short,La Douloureuse,2015,11,tt11348834
Short,Fragile,2015,9,tt11348534
Short,Dilemmas,2015,1,tt11369206
Short,The Salesman,2015,7,tt11377028
Short,Schiavo d'amore,2015,11,tt11376610
Short,Beyond the River,2015,2,tt11385866
Short,Firefly,2015,3,tt11386452
Short,Lapsus,2015,5,tt11389586
Short,Sinking,2015,9,tt11402052
Short,K9,2015,9,tt11405822
Short,Cornered,2015,12,tt11409944
Short,Dudas,2015,-,tt11416092
Short,Un Conte Contemporain,2015,7,tt11416552
Short,El humo denso que nos oprime el pecho,2015,10,tt11438008
Short,Beyond Paradise,2015,3,tt11442878
Short,Loun El-Barka,2015,4,tt11445406
Short,Verse,2015,7,tt11445734
Short,Kod,2015,6,tt11450090
Short,Take Care,2015,8,tt11454082
Short,A Divine Coincidence,2015,-,tt11464262
Short,Chocolate Pudding,2015,5,tt11469108
Short,Nemoj mi otici,2015,6,tt11492310
Short,Bez Emocija,2015,4,tt11492068
Short,Kaous Kouzah,2015,11,tt11499292
Short,Las Tormentas son para el verano,2015,-,tt11501722
Short,Tina Karol: I still love,2015,1,tt11519648
Short,Tina Karol: You'll always have time to surrender,2015,11,tt11519608
Short,Student Body,2015,2,tt11534926
Short,Lilly,2015,3,tt11538776
Short,Wander,2015,-,tt11554556
Short,One Day,2015,6,tt11559946
Short,Wyznania piekarza,2015,10,tt11570646
Short,Le port,2015,-,tt11575454
Short,Unfinished Bussiness,2015,4,tt11607218
Short,Do You Love Me Now?,2015,-,tt11614850
Short,Graduating: Film admissibles ESSEC,2015,7,tt11616506
Short,No me mueve mi Dios para quererte,2015,-,tt11621238
Short,Honest Lies,2015,1,tt11624360
Short,Hate Crime,2015,-,tt11628750
Short,Chicken,2015,8,tt11644122
Short,Nowhere does the Sun Shine,2015,12,tt11646368
Short,The Halloween That We Broke,2015,11,tt11646356
Short,Anatta,2015,12,tt11650568
Short,A Man Who Fell in Love with an Island,2015,6,tt11656162
Short,Curtains,2015,9,tt11657674
Short,Lucky_,2015,-,tt11657480
Short,El mirador,2015,12,tt11657900
Short,"No Justin, No peace",2015,-,tt11663348
Short,Nano: Perfect Melody,2015,9,tt11676136
Short,Der Tod ist ein freundlicher Mann,2015,7,tt11675744
Short,Between Me and You,2015,1,tt11679942
Short,Gazpacho,2015,11,tt11685078
Short,Action equals Reaction,2015,12,tt11685652
Short,The Locket,2015,11,tt11690228
Short,Godmodern,2015,6,tt11725854
Short,Ceos/Phoebe,2015,6,tt11732590
Short,A Fleur De Peau,2015,3,tt11740046
Short,Escape,2015,-,tt11737952
Short,Chtar 50,2015,2,tt11758874
Short,Sudèst,2015,-,tt11760780
Short,Metamorphosis,2015,-,tt11760740
Short,Araf,2015,5,tt11766978
Short,"Light My Fire, Tel Aviv",2015,6,tt11768446
Short,Le Pélican,2015,-,tt11778032
Short,Ek Din,2015,8,tt11781068
Short,Aislados,2015,3,tt11779886
Short,In Vivo,2015,6,tt11786178
Short,Repossession,2015,5,tt11791800
Short,Why did she stay?,2015,5,tt11792944
Short,Inmersos,2015,9,tt11808182
Short,A Sorry Business,2015,10,tt11809340
Short,Eunhee,2015,-,tt11835064
Short,A Streetcar Named Desire,2015,5,tt11847562
Short,Le photographe,2015,-,tt11863996
Short,Mai una gioia,2015,5,tt11870418
Short,The Last Walk,2015,4,tt11873686
Short,Drowning Daylight,2015,-,tt11883704
Short,Meditation,2015,2,tt11891500
Short,Dream,2015,7,tt11896016
Short,Fish Climbing Trees,2015,8,tt11903466
Short,Immortal,2015,8,tt11908402
Short,Bandhan,2015,8,tt11911916
Short,The Commander,2015,8,tt11921156
Short,Belated SMS,2015,-,tt11932400
Short,Vibrate,2015,5,tt11935196
Short,I Walk with My Brother,2015,6,tt11943736
Short,Mar Mahi Foroosh,2015,2,tt11944446
Short,Charles,2015,4,tt11952752
Short,Action Man: Battlefield Casualties,2015,6,tt11967906
Short,Desencanto (Disenchantment),2015,11,tt12001972
Short,Uri jip,2015,-,tt12002900
Short,Swelteo,2015,-,tt12003156
Short,Bella mia,2015,-,tt12010150
Short,The Clown,2015,6,tt12019212
Short,Must Black,2015,6,tt12025918
Short,Mr. Sunday,2015,-,tt12032498
Short,Accompaniment,2015,12,tt12070382
Short,Robby Valentine: Black Rain,2015,3,tt12078202
Short,Les jumeaux contre Jean-Claude,2015,-,tt12094132
Short,Remember Our Days,2015,6,tt12098710
Short,Hers,2015,7,tt12106640
Short,Lolly in Marseille,2015,9,tt12110228
Short,Binamor,2015,12,tt12115276
Short,Patha Vechitiye Parratai,2015,3,tt12117362
Short,Blind,2015,5,tt12116880
Short,Technicolor Angst,2015,12,tt12123316
Short,What Was Lost,2015,5,tt12131466
Short,The White Room,2015,6,tt12132326
Short,Achter de lamellen,2015,5,tt12136742
Short,Theory (Baturhan Bilgin),2015,2,tt12138336
Short,Nocturne,2015,12,tt12156988
Short,The Neighbourhood,2015,3,tt12202764
Short,Harmoni,2015,6,tt12222952
Short,Pute no.2,2015,2,tt12220976
Short,The 'Right' Glass,2015,11,tt12227050
Short,Life of Fiction,2015,-,tt12228134
Short,Eden's Garden Series,2015,1,tt12238994
Short,Negligee,2015,6,tt12239408
Short,Today,2015,-,tt12239198
Short,Verses,2015,12,tt12249114
Short,Shattered,2015,1,tt12259104
Short,A Lullaby for Yuki,2015,11,tt12259854
Short,Punishment House,2015,-,tt12265282
Short,Ghostwriter,2015,-,tt12265470
Short,Bienaventurados,2015,-,tt12267728
Short,Lavomatic Blues,2015,9,tt12276314
Short,La Huida,2015,9,tt12313272
Short,Into Oblivion,2015,6,tt12313284
Short,The Pact,2015,4,tt12317020
Short,A Need to Vent,2015,3,tt12320056
Short,"Ziegfeld Midnight Frolic - The Pact, Epilogue",2015,5,tt12324684
Short,58/52,2015,9,tt12335008
Short,El Hijo,2015,7,tt12334728
Short,Save Aleppo,2015,2,tt12338146
Short,Open Misere,2015,-,tt12345040
Short,Sam I Am,2015,12,tt12343938
Short,Dar daca,2015,5,tt12352654
Short,Som Guia,2015,10,tt12354268
Short,Antoine,2015,7,tt12357848
Short,Veyyi Varahaalu,2015,2,tt12363942
Short,For Keira,2015,8,tt12397696
Short,Satu Nota Satu Fragmen,2015,10,tt12398440
Short,Ausência,2015,10,tt12400882
Short,Day One,2015,7,tt12404024
Short,17 Minutes,2015,10,tt12404774
Short,O Assalto,2015,11,tt12409670
Short,Spoiled Milk,2015,11,tt12410154
Short,To Let,2015,-,tt12427606
Short,In Heat,2015,5,tt12440098
Short,Suicide Angle,2015,3,tt12467432
Short,Cuatro en Uno,2015,3,tt12487126
Short,Just a simple question -or maybe not!,2015,9,tt12491992
Short,Fight Shy,2015,-,tt12490786
Short,Hoook,2015,12,tt12498444
Short,Why Mumbai?,2015,11,tt12507210
Short,The Ring,2015,2,tt12507602
Short,Come fossi solo: Booktrailer,2015,3,tt12508680
Short,Speak,2015,6,tt12517418
Short,Dear Dr. Alois A.,2015,1,tt12518292
Short,Alas y Neones,2015,10,tt12531294
Short,God Bless the Creators of Yourself,2015,11,tt12540044
Short,Io non sono grande,2015,12,tt12543140
Short,Ilza,2015,11,tt12546512
Short,La Liberté,2015,9,tt12551886
Short,O Crime do Beco dos Gatos,2015,-,tt12565976
Short,A La Orilla,2015,8,tt12608124
Short,Waiting,2015,10,tt12617698
Short,He Was an Imposter,2015,-,tt12618310
Short,Gerreta,2015,-,tt12619754
Short,A Better Life,2015,12,tt12630302
Short,Peter Pan Museum,2015,3,tt12642078
Short,Resistance,2015,-,tt12643070
Short,Louisiana Purchase,2015,-,tt12643240
Short,Two Days,2015,10,tt12649500
Short,Le Chemin,2015,-,tt12657402
Short,Passeio,2015,10,tt12712488
Short,Hausen,2015,5,tt12715308
Short,Los locos no se ocultan,2015,5,tt12729700
Short,Elle avait l'air de sourire,2015,10,tt12736810
Short,Ramaniyechiyude Namathil,2015,7,tt12740832
Short,Kaanada Kadalu,2015,10,tt12740010
Short,Sleepman,2015,3,tt12760128
Short,Telephone Me,2015,2,tt12786630
Short,Love Forever,2015,-,tt12800322
Short,Real and Digital,2015,7,tt12803928
Short,Free Pizza,2015,2,tt12819272
Short,Bir Zamanlar Bir Köyde,2015,11,tt12833120
Short,Are You Anywhere?,2015,6,tt12841084
Short,Hostage,2015,2,tt12844490
Short,Let Go,2015,7,tt12844432
Short,Perfect Imperfections,2015,2,tt12845332
Short,A+B=C,2015,6,tt12848418
Short,Under My Skin,2015,11,tt12854904
Short,Labels,2015,12,tt12854940
Short,María,2015,3,tt12876876
Short,Computer Boy,2015,5,tt12887270
Short,El Dilema del Erizo,2015,11,tt12899686
Short,Paid in Full,2015,-,tt12908036
Short,The Truth About Filmmaking,2015,4,tt12921490
Short,Última Noite,2015,-,tt12925012
Short,+K-ras,2015,1,tt12927922
Short,Urdimbre,2015,12,tt12926160
Short,Kshitij,2015,10,tt12939108
Short,The Membrane,2015,12,tt12955476
Short,Ethereal,2015,9,tt13017150
Short,Blue Spring,2015,5,tt13051032
Short,The Horde: Desolation,2015,2,tt13062542
Short,"66,11",2015,11,tt13075342
Short,Cirrus,2015,10,tt13080350
Short,No hay nadie nuevo cerca de ti,2015,2,tt13107966
Short,Ricominciare,2015,2,tt13108314
Short,Dietro un velo,2015,-,tt13107234
Short,Ciao bella,2015,9,tt13191850
Short,Besøg,2015,3,tt13195254
Short,The Cheater,2015,-,tt13206444
Short,Näljanädal,2015,6,tt13227390
Short,Liblikmees,2015,6,tt13227128
Short,Valse dans les ténèbres,2015,10,tt13238924
Short,Yellow Nights,2015,-,tt13247100
Short,Cuddling A Monster,2015,5,tt13269876
Short,New,2015,8,tt13269848
Short,Over,2015,10,tt13269780
Short,Je suis là,2015,4,tt13280080
Short,Under the Bridge,2015,12,tt13283362
Short,The Rabbit,2015,10,tt13300820
Short,The Pleasure Pit,2015,4,tt13298888
Short,O Silêncio de Lara,2015,5,tt13312734
Short,Home robot for lonely people,2015,-,tt13332148
Short,Awake,2015,-,tt13332258
Short,Reflections,2015,6,tt13346102
Short,Blood Wine,2015,2,tt13354860
Short,Aja,2015,5,tt13357074
Short,La esperanza,2015,9,tt13374454
Short,Tekkies vir Trevor,2015,8,tt13394168
Short,Konata,2015,-,tt13410716
Short,Erreur sur la personne,2015,-,tt13410832
Short,De Terça Pra Quarta,2015,-,tt13428650
Short,It Was All A Dream,2015,9,tt13450298
Short,Terorism,2015,8,tt13465702
Short,Ewangelisci,2015,-,tt13469420
Short,Life Guards of the World,2015,5,tt13489542
Short,Marissa - A Brighton love story,2015,4,tt13527072
Short,Mirror Mirror on the Wall,2015,8,tt13526444
Short,Viola,2015,7,tt13537126
Short,Eine andere Welt,2015,8,tt13537414
Short,Blue Cranes,2015,-,tt13538082
Short,Inside,2015,3,tt13540334
Short,Priyamaina amma nannaku,2015,9,tt13575996
Short,Humanity,2015,6,tt13593184
Short,Sleep to Dream,2015,10,tt13605984
Short,Tokyo Gone,2015,11,tt13605360
Short,While you lower your head,2015,4,tt13619072
Short,Ritournelle,2015,-,tt13684378
Short,A Trip to the Wild Side,2015,12,tt13690472
Short,Home-less,2015,10,tt13690528
Short,I Am Me,2015,8,tt13694212
Short,Le Sandwich,2015,-,tt13701282
Short,Die Polizistin,2015,-,tt13710196
Short,Okay,2015,1,tt13705696
Short,Slumberness,2015,3,tt13710194
Short,Alienation,2015,-,tt13716610
Short,Intervenção,2015,-,tt13727594
Short,Entre Casas,2015,8,tt13734244
Short,Natan,2015,4,tt13746846
Short,Heart Breakers,2015,11,tt13747824
Short,Dead's Circus,2015,12,tt13749560
Short,A Voice from Infinity,2015,7,tt13783458
Short,Prije podne,2015,-,tt13785862
Short,Brand New Song,2015,8,tt13801974
Short,The Masterpiece,2015,6,tt13808930
Short,Finish Your Race,2015,4,tt13819184
Short,Yanilgi,2015,2,tt13845602
Short,Mickey,2015,5,tt13849630
Short,Napisto!,2015,-,tt13883710
Short,Ma Mae Loka,2015,9,tt13898054
Short,El amor de sísifo,2015,-,tt13906714
Short,Salam Festival,2015,-,tt13913560
Short,Aves de paso,2015,10,tt13935660
Short,Siesta,2015,10,tt13940178
Short,Tonic of Wildness,2015,12,tt13959756
Short,La duda (the doubt),2015,4,tt13963646
Short,Zeitnot,2015,8,tt13974456
Short,The Coldest Place in Rio,2015,10,tt13998792
Short,Post Rape,2015,3,tt14018536
Short,Post Dark,2015,3,tt14018534
Short,Alone?,2015,11,tt14018970
Short,N/aka,2015,12,tt14028586
Short,Damson Idris Reel,2015,4,tt14043492
Short,La profesora de inglés,2015,4,tt14043440
Short,Maraka,2015,11,tt14043314
Short,Noche Umbral,2015,1,tt14050496
Short,Las pérdidas,2015,-,tt14072652
Short,No Identity,2016,-,tt10010474
Short,Hum Kuchh Keh Na Sake,2016,4,tt10007790
Short,Miss Pepper 2016,2016,2,tt10016544
Short,Trade Off,2016,-,tt10027322
Short,Unfriended,2016,4,tt10029286
Short,The Account Balance,2016,2,tt10033854
Short,Bambina,2016,-,tt10037178
Short,No Phones In Class,2016,9,tt10037892
Short,Wistful life,2016,4,tt10048426
Short,Snatched,2016,5,tt10065960
Short,Den dag min ven ikke kom til fodbold,2016,12,tt10065412
Short,Crimson on the Tobacco Road,2016,5,tt10068110
Short,"Anyone, Anywhere",2016,-,tt10079626
Short,Crimson Rose,2016,10,tt10078804
Short,The Song Is Over,2016,7,tt10091730
Short,Son of Icarus,2016,6,tt10092854
Short,La lettre,2016,9,tt10094924
Short,"Domino Gold, Wichita",2016,10,tt10097194
Short,Chay,2016,-,tt10104556
Short,Her Dreams,2016,5,tt10106152
Short,31st plastinka VR,2016,12,tt10106402
Short,Il mare della tranquillità,2016,9,tt10107016
Short,Les choses simples,2016,1,tt10112052
Short,12 uslovnostey,2016,12,tt10115680
Short,The Chris Spike Story,2016,12,tt10117064
Short,More mogucnosti,2016,-,tt10117274
Short,La Parte Mancante,2016,4,tt10119028
Short,Roaming,2016,4,tt10121096
Short,A Game of Chess,2016,8,tt10122132
Short,Tell Me,2016,3,tt10125314
Short,Les alchimistes,2016,2,tt10126070
Short,Last Round,2016,6,tt10123674
Short,Dropouts and Kids,2016,-,tt10125552
Short,Make Up,2016,3,tt10125128
Short,Frosty.Warm,2016,2,tt10137256
Short,Calypso,2016,-,tt10137304
Short,Pijuni,2016,2,tt10140934
Short,Merk. Sny. Stoor.,2016,8,tt10148120
Short,The Glass Fortress,2016,4,tt10146432
Short,Arts,2016,8,tt10147948
Short,Even Roses,2016,4,tt10148100
Short,Nanaki,2016,5,tt10152102
Short,Tea & Therapy,2016,6,tt10162340
Short,Blues 72,2016,-,tt10181902
Short,Human Exposure,2016,5,tt10186130
Short,Ghost,2016,3,tt10195530
Short,Closing time,2016,-,tt10196712
Short,Overkill,2016,5,tt10197994
Short,For Julian,2016,12,tt10199290
Short,We are Vegans,2016,7,tt10204478
Short,Destino - Canal Mosaico,2016,-,tt10212896
Short,Chip N' Salsa,2016,-,tt10214616
Short,Bus Stop,2016,-,tt10215430
Short,Happy Mother's Day,2016,6,tt10220164
Short,Wake Up,2016,9,tt10228412
Short,Rocky's Sightline,2016,10,tt10242806
Short,7 Seconds in a Life Time,2016,2,tt10243542
Short,Maja,2016,-,tt10249186
Short,Les Temps Modernes,2016,8,tt10249680
Short,Fantasie Impromptu - a prologue,2016,5,tt10260650
Short,Mehboob 143,2016,2,tt10260530
Short,My Funeral,2016,1,tt10262314
Short,Falling,2016,9,tt10265932
Short,One Step,2016,2,tt10266594
Short,Credit,2016,9,tt10268156
Short,The Cradle of Icarus,2016,5,tt10273468
Short,Swan Song,2016,-,tt10269866
Short,Chit Chat,2016,12,tt10275536
Short,Bad Coffee,2016,-,tt10275386
Short,Vishala Hrudayada Kannadigaru,2016,12,tt10280866
Short,Ee Shruthi Lo,2016,11,tt10281518
Short,Off the Rails,2016,6,tt10282688
Short,Naimisham,2016,11,tt10287470
Short,To My Hero,2016,1,tt10286806
Short,Finir ma liste,2016,-,tt10288976
Short,Just a Cup of Coffee,2016,2,tt10294476
Short,Memories of a Lifetime,2016,8,tt10293844
Short,Staigmena,2016,12,tt10295932
Short,Voor de Vijand,2016,6,tt10295790
Short,Falling Apart,2016,2,tt10310994
Short,Between,2016,11,tt10314472
Short,Tremble,2016,4,tt10318606
Short,Guys Like Us,2016,12,tt10323152
Short,Inside,2016,12,tt10329466
Short,Come Home,2016,1,tt10332664
Short,"Adiós, hermano",2016,9,tt10334362
Short,Corazón,2016,8,tt10342674
Short,Right Here or Over There,2016,-,tt10348782
Short,As Vacas de Wisconsin,2016,10,tt10347156
Short,The Sister I Keep,2016,4,tt10369362
Short,Auzaar,2016,6,tt10370134
Short,Left or Right,2016,11,tt10380354
Short,The WOW!,2016,-,tt10380192
Short,The Seahorse,2016,11,tt10392350
Short,De Barrio,2016,3,tt10394554
Short,The Secret of the Violin,2016,-,tt10393004
Short,Samurai Two,2016,6,tt10401326
Short,"Lead Me, Father",2016,12,tt10413294
Short,Living the Dream,2016,2,tt10413930
Short,A Place to Stay,2016,7,tt10422954
Short,Coma,2016,1,tt10423458
Short,The Letter,2016,7,tt10421994
Short,Y yo a ti,2016,4,tt10426510
Short,En tus pupilas,2016,11,tt10428484
Short,Glód,2016,-,tt10426036
Short,The Shadow,2016,10,tt10433020
Short,Vedma,2016,1,tt10433930
Short,Reco,2016,3,tt10439042
Short,One Beautiful Morning,2016,4,tt10441478
Short,Renée,2016,10,tt10441928
Short,Chess,2016,2,tt10444490
Short,Souls,2016,12,tt10450862
Short,From Inside,2016,10,tt10462602
Short,"Paista, paista, päivänen!",2016,7,tt10460446
Short,1954,2016,12,tt10462800
Short,Luminiscencia,2016,5,tt10468256
Short,Kyra,2016,10,tt10474482
Short,Mie,2016,1,tt10483556
Short,Wicked Counsellor,2016,-,tt10500436
Short,Valetudinarian,2016,-,tt10506070
Short,"The River, a 48 Hour Episode in The Life of A Filmmaker",2016,-,tt10506362
Short,Dirt,2016,9,tt10504930
Short,Reach,2016,-,tt10505712
Short,Phase Eight,2016,-,tt10507048
Short,Exposed - Love Hate Blackmail,2016,9,tt10509140
Short,Test of Courage,2016,12,tt10516172
Short,Look Up: A Mini Film,2016,6,tt10519562
Short,Jour De Chance,2016,9,tt10521328
Short,First Day at Work,2016,12,tt10520828
Short,La oportunidad,2016,-,tt10529796
Short,Carcer,2016,-,tt10533794
Short,Anniversary,2016,12,tt10537372
Short,The Woods,2016,3,tt10540392
Short,One Click Away,2016,5,tt10544078
Short,Hailstone's Dance,2016,1,tt10546528
Short,Orange,2016,-,tt10543752
Short,Domingo,2016,7,tt10549682
Short,The Fighting Irish,2016,4,tt10551426
Short,Pravila igre,2016,3,tt10552260
Short,The Cost of Happiness,2016,11,tt10551466
Short,Love is Trap,2016,6,tt10551496
Short,Khun Pu,2016,-,tt10550708
Short,AA503,2016,4,tt10554084
Short,Tensions,2016,-,tt10558968
Short,Under the Chinese Banyan,2016,10,tt10573818
Short,Wypowiedzenie,2016,6,tt10598502
Short,Watch This Space,2016,8,tt10614022
Short,The Button,2016,2,tt10622430
Short,Three Comrades,2016,10,tt10623260
Short,How Can Education Best Prepare You for Your Future?,2016,7,tt10630254
Short,Ippathmuru 23,2016,7,tt10634518
Short,Quelle vie!,2016,8,tt10638560
Short,Tom King,2016,5,tt10649880
Short,Portrait,2016,11,tt10646480
Short,Black Magic,2016,-,tt10653488
Short,The City of Good Neighbors,2016,-,tt10656472
Short,My Grandma's House,2016,-,tt10656492
Short,The Blaise EP,2016,-,tt10656406
Short,Backpack,2016,-,tt10671564
Short,Mans Best,2016,9,tt10681084
Short,Goo/Gags of Officepur (TV Series),2016,-,tt10682760
Short,Conatus,2016,-,tt10696318
Short,AfterMath,2016,4,tt10708000
Short,Blame,2016,6,tt10712622
Short,Periwinkle,2016,11,tt10713300
Short,Mata,2016,8,tt10726546
Short,There is a figure in the mirror,2016,11,tt10729580
Short,One of Twins,2016,-,tt10736190
Short,Total entropi (Total Entropy),2016,11,tt10742958
Short,Chakra,2016,8,tt10749878
Short,A Short Story About Love,2016,2,tt10746244
Short,Alicia,2016,6,tt10746728
Short,Super Dad,2016,9,tt10745250
Short,The Story of Marie,2016,5,tt10751844
Short,Piccola storia di donna,2016,-,tt10752376
Short,Playa de las mujeres,2016,4,tt10754346
Short,Coming Home,2016,11,tt10756734
Short,Trembling Waves,2016,11,tt10761772
Short,Greater Lengths,2016,6,tt10761054
Short,The Life,2016,4,tt10768088
Short,Dissonante,2016,4,tt10777134
Short,All Under Heaven,2016,1,tt10786962
Short,Pan Rudnicki i samochody,2016,8,tt10790102
Short,A wonderful light,2016,12,tt10796162
Short,Reptilia,2016,11,tt10806948
Short,Concreto,2016,5,tt10810378
Short,Get out of frame,2016,-,tt10811374
Short,Falskar Nótur,2016,12,tt10814052
Short,The Sensible Indian,2016,4,tt10815954
Short,Voices,2016,3,tt10818096
Short,Beyond the Curtain,2016,5,tt10826136
Short,Bandeira,2016,1,tt10833022
Short,Imerso Em Teu Regaço,2016,4,tt10838340
Short,El faisán y el venado,2016,4,tt10839596
Short,Fortellingen,2016,11,tt10844636
Short,El Cuento de Antonia,2016,11,tt10865338
Short,Gudiya,2016,-,tt10914542
Short,Bicicleta,2016,2,tt10913542
Short,Apatia,2016,6,tt10917184
Short,Compta amb mi,2016,10,tt10925742
Short,Cánticos,2016,11,tt10924958
Short,Life On Paper,2016,4,tt10926568
Short,Jaago Re,2016,1,tt10930562
Short,And Love Me,2016,6,tt10936746
Short,Glass shell,2016,-,tt10935108
Short,Ló,2016,3,tt10937880
Short,Wild Fire,2016,-,tt10935090
Short,Under the Sun,2016,9,tt10939868
Short,Evidentiary Bodies,2016,11,tt10947280
Short,O Elogio da Loucura,2016,3,tt10947968
Short,Thomas,2016,10,tt10955118
Short,I klopi,2016,5,tt10955952
Short,Vetric,2016,-,tt10964524
Short,Necrolatria,2016,1,tt10965236
Short,Thread,2016,7,tt10973992
Short,I duschen tänker jag på det som mest,2016,-,tt10976928
Short,Ludis,2016,9,tt10974866
Short,Beautiful Dream,2016,4,tt10984972
Short,Parkoló,2016,5,tt10986232
Short,Buried Daughter,2016,10,tt10988658
Short,Jabu: The Beggining,2016,6,tt10996344
Short,1H35,2016,-,tt10999722
Short,The House at the End,2016,-,tt11001584
Short,Bhindi Yaad Rakhna,2016,11,tt11010124
Short,#socialparty,2016,4,tt11018058
Short,Camera (Notes on Film 10),2016,4,tt11024082
Short,Domenica,2016,-,tt11028472
Short,Tiger Lily,2016,-,tt11027480
Short,Vandana,2016,3,tt11041356
Short,Charlie Doesn't Order Pizza,2016,10,tt11063986
Short,Don't Stop,2016,10,tt11069416
Short,Atmiyo - The Soulmate,2016,11,tt11082570
Short,Tug,2016,12,tt11088344
Short,Rememory,2016,-,tt11090342
Short,I don't,2016,9,tt11097308
Short,Glicynia,2016,-,tt11100560
Short,L'autista,2016,-,tt11120816
Short,Oblivion,2016,4,tt11124522
Short,Way Out,2016,9,tt11131776
Short,Off-season,2016,10,tt11133580
Short,Nocturnal,2016,1,tt11136744
Short,Off-season,2016,10,tt11146572
Short,16 years,2016,2,tt11147210
Short,Laugh,2016,9,tt11146550
Short,Off-season,2016,10,tt11152312
Short,Nina,2016,1,tt11156148
Short,En el Nombre del Padre,2016,1,tt11161156
Short,Bodas de Papel,2016,9,tt11167960
Short,Le Missionaire,2016,10,tt11168254
Short,Bruciate Napoli,2016,-,tt11173476
Short,Brother,2016,9,tt11177194
Short,Axed (Halloween Horror),2016,10,tt11181270
Short,Khallina Hakka Khir,2016,10,tt11191106
Short,Prapak Doctor,2016,2,tt11195000
Short,The Door,2016,5,tt11213368
Short,Dueto,2016,9,tt11214012
Short,30 Rena Dagar,2016,9,tt11231024
Short,Mirror,2016,-,tt11235674
Short,The Deal,2016,4,tt11241532
Short,Saudade,2016,2,tt11244508
Short,Eyes Wide,2016,10,tt11248300
Short,Maria Stuart,2016,7,tt11249482
Short,Driving for A Change,2016,2,tt11271574
Short,Audire. Videre. Sentire.,2016,11,tt11272082
Short,All in Good Time,2016,6,tt11275324
Short,Ciegos,2016,-,tt11286584
Short,L'Immutabile Divenire - The Unchanging Become,2016,11,tt11302978
Short,Algo que ni siquiera buscábamos,2016,2,tt11310180
Short,On Mona's Birthday,2016,7,tt11315880
Short,Excuse Me I Love You!,2016,1,tt11315970
Short,Flight,2016,8,tt11320912
Short,Zone,2016,11,tt11324854
Short,Lila Kalba,2016,11,tt11323986
Short,Taliq,2016,11,tt11324048
Short,Walls,2016,11,tt11323582
Short,Rouge Sur Blanc,2016,11,tt11325148
Short,Sizo Seyks,2016,5,tt11327908
Short,Min Rahem Al-Sama,2016,11,tt11328866
Short,Al-Ghaybouba,2016,11,tt11328910
Short,The Mirage,2016,11,tt11338110
Short,Nochnaya smena,2016,3,tt11343696
Short,Korol Lir,2016,12,tt11344006
Short,Wild Animals,2016,6,tt11348308
Short,Sand,2016,11,tt11350174
Short,Mirror of the Clean India,2016,10,tt11356916
Short,The goodbye Wine,2016,12,tt11371330
Short,Around the Corner,2016,12,tt11380414
Short,Sentir Os Ombros,2016,-,tt11381702
Short,Terra Nuclear,2016,-,tt11381674
Short,L'hiver le plus froid,2016,5,tt11389632
Short,Just a feeling,2016,8,tt11389532
Short,Buenas noches dia,2016,1,tt11389524
Short,Raagam,2016,10,tt11394128
Short,Jallu,2016,4,tt11394516
Short,A Killing,2016,11,tt11402800
Short,Ninel,2016,1,tt11404252
Short,Apariencias,2016,-,tt11412970
Short,Hold,2016,12,tt11410092
Short,Inevitable,2016,-,tt11413666
Short,Dick Laurent is Dead,2016,10,tt11421170
Short,Perseidy,2016,-,tt11422286
Short,Sen o Warszawie,2016,-,tt11422272
Short,Unicef #Fairstart,2016,10,tt11423378
Short,The Steak of Aunt Margaux,2016,-,tt11426640
Short,"Nicht Hier, Nicht da - Not Here, Not There",2016,5,tt11428428
Short,Cry Room,2016,-,tt11428364
Short,Powrót,2016,10,tt11429974
Short,Comment par un beau matin d'avril,2016,2,tt11430562
Short,Status Update,2016,1,tt11438020
Short,Girls Revolution,2016,-,tt11438810
Short,Poke Go,2016,-,tt11442564
Short,A Loss,2016,5,tt11444074
Short,Bab Jedid,2016,11,tt11448766
Short,Kurage no Shokudou,2016,3,tt11452686
Short,Aquí Termina todo,2016,6,tt11458394
Short,Absence of Her,2016,5,tt11463352
Short,MSALA (Son),2016,-,tt11464344
Short,Brothers in Arms,2016,7,tt11465766
Short,University Life,2016,3,tt11482370
Short,C'est Pour les Grands,2016,-,tt11488660
Short,The Pianist,2016,1,tt11488390
Short,Ifigeneia en Lixourio,2016,2,tt11494580
Short,Náufragos,2016,-,tt11501736
Short,A Salvo,2016,4,tt11503542
Short,Tina Karol: Your sins,2016,8,tt11513698
Short,The Brink,2016,9,tt11523928
Short,Klincz,2016,-,tt11527818
Short,The Circus,2016,5,tt11536748
Short,Os Intrusos,2016,-,tt11541652
Short,El jardí de la Marta,2016,-,tt11552522
Short,Red fish blue fish,2016,-,tt11552398
Short,Cien,2016,-,tt11554864
Short,Dmitriy Korolev: The sky to us,2016,12,tt11555034
Short,Melody,2016,6,tt11553824
Short,Lost Eyes,2016,-,tt11554578
Short,De Glimlach,2016,5,tt11563118
Short,Shadows,2016,5,tt11569308
Short,¡Mais Duro!,2016,-,tt11573918
Short,The wall,2016,-,tt11581090
Short,Afflictio,2016,1,tt11584964
Short,Revenge Porn,2016,7,tt11596590
Short,Retratos do teu rosto,2016,9,tt11603624
Short,Je Suis Le Docteur,2016,10,tt11621694
Short,The Man who Fell from the Sky,2016,12,tt11625496
Short,The Star of David,2016,11,tt11628704
Short,A Crown Worth Fighting For,2016,1,tt11655970
Short,End Game,2016,7,tt11661740
Short,Consciousness,2016,-,tt11663262
Short,Mid Night,2016,-,tt11663116
Short,Guilt Trip,2016,5,tt11668116
Short,When Lucas met Eva,2016,10,tt11670016
Short,When Lucas met Eva (Cuando Lucas encontró a Eva),2016,10,tt11671976
Short,The Hustle,2016,8,tt11679758
Short,La Nuca Desnuda de Olivia,2016,-,tt11696568
Short,To Those Who Doubt,2016,6,tt11700272
Short,Cliché,2016,12,tt11701932
Short,New Blood: a wild chronicle of Beirut,2016,3,tt11708512
Short,Lightrapping,2016,1,tt11725038
Short,Mountain of the Mind,2016,6,tt11729450
Short,Je suis corps et âme,2016,-,tt11732250
Short,Disorder,2016,-,tt11734300
Short,Dust to Dust,2016,12,tt11736714
Short,Remotion,2016,11,tt11737008
Short,Gorjetas,2016,12,tt11741594
Short,Upstairs Neighbour,2016,4,tt11761240
Short,Uopstair's Neighbour,2016,4,tt11761232
Short,The Hidden Darkness,2016,4,tt11764304
Short,Fine,2016,10,tt11774486
Short,A Brothers Love,2016,8,tt11773904
Short,Alik,2016,8,tt11776578
Short,False Negative,2016,-,tt11777644
Short,Long Distance,2016,5,tt11785002
Short,Lo spettatore,2016,10,tt11786978
Short,A Message from Tar Creek,2016,1,tt11792206
Short,Disociación,2016,7,tt11791466
Short,Frankie15,2016,10,tt11797960
Short,Sabâa Arwah,2016,4,tt11800184
Short,The Whistle,2016,9,tt11800240
Short,Whisper to a Scream,2016,2,tt11807068
Short,Earth 2.0,2016,8,tt11814048
Short,Nova Blanc,2016,12,tt11816896
Short,Mütter,2016,-,tt11822126
Short,Dead Kids,2016,1,tt11864616
Short,Ebenda,2016,1,tt11867726
Short,Peculiar,2016,11,tt11878170
Short,La Calabaza Andante,2016,1,tt11879364
Short,Know When to Quit,2016,10,tt11885526
Short,Noir Blanc Et Rouge,2016,-,tt11884488
Short,The Mastermind,2016,11,tt11884504
Short,Prettyface,2016,9,tt1188735
Short,Berlin Can Wait,2016,3,tt11891122
Short,Un fils parfait,2016,-,tt11895080
Short,Ruby,2016,-,tt11917350
Short,Me You and the Mean Dream Jungle,2016,-,tt11929308
Short,A Monk Walks Into a Bar,2016,5,tt11934056
Short,Hitting the Books,2016,3,tt11943006
Short,Fightr,2016,12,tt11943436
Short,Carnicería humana,2016,8,tt11946266
Short,El último día en la tierra,2016,8,tt11957754
Short,En venta,2016,8,tt11957822
Short,La caja,2016,8,tt11957800
Short,Arthur,2016,8,tt11957570
Short,Sideral,2016,8,tt11957114
Short,Eden,2016,10,tt11968246
Short,The Last Sauna,2016,5,tt11992008
Short,Psyket!,2016,1,tt11997678
Short,"Gae, dwaeji",2016,-,tt12003072
Short,Eodumeseo bicci heulleonaoneun sori,2016,-,tt12003204
Short,Ireonagi,2016,-,tt12003330
Short,Agnese transitoria,2016,12,tt12004272
Short,Interrogation Room,2016,12,tt12014296
Short,Regret,2016,3,tt12019572
Short,Si c'était à refaire,2016,-,tt12028452
Short,The Confession,2016,-,tt12031048
Short,La vida por respirar,2016,12,tt12035136
Short,Tapi dans l'ombre,2016,12,tt12036786
Short,One Good Deed,2016,3,tt12056278
Short,Ritki zrak,2016,7,tt12060070
Short,Fatum,2016,3,tt12065856
Short,Newlyweds,2016,-,tt12070624
Short,White Flower,2016,1,tt12070808
Short,Sami,2016,7,tt12072064
Short,Labels,2016,2,tt12076594
Short,Rahaee,2016,12,tt12083944
Short,For Good,2016,-,tt12088562
Short,Serenata,2016,8,tt12103858
Short,Faith and Hope,2016,-,tt12106742
Short,"Feminist Yes, Feminazi No!",2016,7,tt12109198
Short,El pintor,2016,10,tt12116150
Short,La sentencia,2016,6,tt12116176
Short,Under the Sunshine,2016,-,tt12130852
Short,Moment,2016,1,tt12139846
Short,The Convert,2016,1,tt12144298
Short,Something Unorthodox,2016,10,tt12152804
Short,Where is Al Rabee?,2016,6,tt12153792
Short,Soch,2016,9,tt12155396
Short,Herds,2016,-,tt12157092
Short,Judy's Child,2016,6,tt4552106
Short,Injustice,2016,8,tt12161356
Short,Severance Package,2016,-,tt12157344
Short,Cycle,2016,12,tt12158936
Short,Dreamy illusions,2016,10,tt12172870
Short,Homo boeit geen flikker,2016,8,tt12173770
Short,This is Hit,2016,5,tt12177414
Short,Pananaw,2016,11,tt12192360
Short,Lakwatsa: The Things I Love About the Philippines,2016,11,tt12192314
Short,Repleksyon,2016,11,tt12192182
Short,It's Up to You,2016,11,tt12192450
Short,Monochrome,2016,11,tt12192484
Short,Ikaw/Ako,2016,11,tt12192338
Short,The Eternal Art of Seeing Is Like a Painted Flower It Never Wilts,2016,11,tt12192214
Short,Fuerza bruta,2016,-,tt12197748
Short,Hock Spit Vomit,2016,5,tt12205390
Short,Forget It,2016,2,tt12212796
Short,Terry the Serious Actor,2016,6,tt12215098
Short,Colin the Magnificent,2016,1,tt12215988
Short,Little Green Man,2016,12,tt12232068
Short,Off to the Side,2016,-,tt12253120
Short,Blower's Daughter,2016,5,tt12254246
Short,The lost dream,2016,10,tt12256604
Short,Award,2016,-,tt12265684
Short,"Guardami, cercami ed ora guardami davvero",2016,8,tt12263804
Short,Saving Christmas,2016,3,tt12269362
Short,Jude,2016,8,tt12269190
Short,Saving Christmas,2016,3,tt12269394
Short,First Robot,2016,-,tt12274960
Short,Bloqueo,2016,12,tt12279156
Short,The Ground Is Breathing,2016,5,tt12280950
Short,The Beauty of Fear,2016,3,tt12284488
Short,Blue Eyed Blues,2016,3,tt12287862
Short,Mezhdu volkom i sobakoy,2016,-,tt12292108
Short,Santità,2016,1,tt12297362
Short,Éter,2016,6,tt12297768
Short,Moleque,2016,8,tt12297744
Short,Alive,2016,6,tt12307088
Short,P.S.,2016,3,tt12307010
Short,Broken,2016,11,tt12313308
Short,La Voleuse Du Monde,2016,6,tt12313222
Short,NADA: Act 1,2016,6,tt12317012
Short,Without A Word,2016,2,tt12315394
Short,Kimi ga iru kara,2016,1,tt12329650
Short,Railroad,2016,3,tt12338028
Short,Emigrant (Mohager),2016,9,tt12338064
Short,The Wall of a Nation,2016,5,tt12338524
Short,"Ted, Fred & Deb",2016,-,tt12338982
Short,Beauty Queen,2016,3,tt12350636
Short,Rasse,2016,3,tt12345958
Short,Just the Two of Us,2016,6,tt12350744
Short,Inner Monologue,2016,3,tt12356932
Short,Afterparty,2016,11,tt12356978
Short,Bravo: Machinima United,2016,6,tt12362246
Short,Aus Liebe zum Alkohol,2016,9,tt12358538
Short,Sangre y Levadura,2016,8,tt12357866
Short,Client A,2016,4,tt12358504
Short,Cosmorama,2016,5,tt12360150
Short,Gojen,2016,4,tt12363802
Short,A Thousand Nights,2016,6,tt12368302
Short,Whistle,2016,5,tt12371980
Short,Chronicles of the Caste-Free - Chapter I,2016,11,tt12370416
Short,The Red Box - La Boîte Rouge,2016,-,tt12380188
Short,Reading Between the Lines,2017,10,tt0269768
Short,Ghost Walk: The Harvest Ball,2017,5,tt10004180
Short,Reverse,2017,-,tt10008810
Short,The Pursuit of Love,2017,7,tt10009896
Short,Afternoon Clouds,2017,5,tt10012542
Short,Value,2017,2,tt10009428
Short,Looking Away,2017,-,tt10016970
Short,First Kiss,2017,-,tt10016496
Short,Gusti,2017,6,tt10018590
Short,Freshman,2017,-,tt10020048
Short,Recherche,2017,4,tt10034738
Short,Wiem,2017,-,tt10039366
Short,Eskimo,2017,6,tt10043756
Short,Akrasia,2017,10,tt10041234
Short,Choose Your Misery Wisely,2017,3,tt10043786
Short,The Eye,2017,5,tt10044678
Short,The Strong Brothers,2017,3,tt10047764
Short,Le violon et l'aiguille,2017,6,tt10052034
Short,Chakope,2017,4,tt10056298
Short,Miesten juoma,2017,4,tt10056994
Short,De glace,2017,-,tt10058938
Short,The Bear,2017,6,tt10059428
Short,The Second Home,2017,12,tt10063116
Short,Where's Daddy?,2017,-,tt10060288
Short,Elevators,2017,1,tt10065744
Short,Krig,2017,8,tt10065248
Short,The Foreigner,2017,7,tt10071238
Short,Le spectre du fer,2017,12,tt10071770
Short,Disznóvágás,2017,1,tt10074568
Short,Perspective,2017,1,tt10075774
Short,The Bread Winner,2017,12,tt10078874
Short,Tiparu,2017,-,tt10083152
Short,Ride Away,2017,12,tt10086814
Short,Bandada,2017,12,tt10087718
Short,Krov,2017,6,tt10089084
Short,78.4,2017,-,tt10089818
Short,Missing,2017,6,tt10091264
Short,Encaisse,2017,5,tt10092750
Short,Road Kill,2017,11,tt10095810
Short,Orla,2017,12,tt10097276
Short,Venster,2017,8,tt10098896
Short,Take Your Birth Control,2017,10,tt10101624
Short,Lilac Wednesday,2017,-,tt10101604
Short,Cascaritas,2017,10,tt10105354
Short,Não Esquecerás,2017,11,tt10106158
Short,If Only You Were Mine,2017,10,tt10106838
Short,Mnemonics,2017,4,tt10110790
Short,Je Suis Un Coin À Champignon,2017,1,tt10118022
Short,Flicker,2017,12,tt10115754
Short,Susurro bajo la Tierra,2017,6,tt10117848
Short,Falso autostop,2017,8,tt10119726
Short,Ancien to Mahou no Tablet: Mou Hitotsu no Hirune Hime,2017,3,tt10121742
Short,Inner Flame,2017,12,tt10122694
Short,Don't Look,2017,-,tt10125548
Short,Nuclear Rainbow,2017,9,tt10127246
Short,Strings,2017,12,tt10122652
Short,A Date in the Park,2017,10,tt10126708
Short,Frammenti,2017,-,tt10125316
Short,Nausea,2017,12,tt10125030
Short,Zar Min HaCholot,2017,-,tt10126032
Short,Modern Lennon,2017,-,tt10125550
Short,Glabra,2017,-,tt10127362
Short,Verde,2017,11,tt10133468
Short,Boxing Two Step,2017,11,tt10132870
Short,Garage Heat,2017,4,tt10135630
Short,Au Nom Du Père,2017,11,tt10136560
Short,Parcialmente Nublado,2017,10,tt10137048
Short,L'esseulé,2017,12,tt10140160
Short,Sanctuary,2017,4,tt10141014
Short,Dance Revenge,2017,3,tt10144414
Short,Scrape,2017,12,tt10147852
Short,Caffè Cerutti,2017,10,tt10150148
Short,Secret,2017,10,tt10151110
Short,Mind's Eye,2017,3,tt10149864
Short,Suite 212,2017,-,tt10160022
Short,Short Cut,2017,5,tt10155934
Short,The Unknown,2017,3,tt10160564
Short,Forever,2017,7,tt10162470
Short,Red Hood Uprising,2017,12,tt10162544
Short,La desserte rouge,2017,-,tt10163214
Short,Lost,2017,6,tt10165638
Short,Love Forever,2017,2,tt10167058
Short,Skerm,2017,8,tt10168830
Short,Parallax,2017,-,tt10172650
Short,Colours of Life,2017,3,tt10177322
Short,Broken,2017,3,tt10177412
Short,Rêverie,2017,5,tt10178430
Short,Unforgotten,2017,5,tt10182418
Short,Time Irreversible,2017,4,tt10184496
Short,Goalkeeper,2017,3,tt10183734
Short,Abused Child,2017,8,tt10185228
Short,Seeking,2017,5,tt10187498
Short,Ma'am,2017,-,tt10192666
Short,Einmal zuviel,2017,10,tt10196008
Short,Bedsheet Man,2017,10,tt10198624
Short,Day 99,2017,9,tt10202284
Short,Ka zhu ren sheng,2017,10,tt10212060
Short,The Small Things,2017,-,tt10209856
Short,El Mal Amor,2017,2,tt10217442
Short,El Camino de los Perros,2017,-,tt10217346
Short,La Uva - The Grape,2017,10,tt10217242
Short,Stay a Little While,2017,3,tt10218488
Short,Hunter's Mercy,2017,6,tt10224208
Short,Aimée,2017,6,tt10228826
Short,Burn Bridge,2017,11,tt10228836
Short,Casse Noisette,2017,-,tt10229374
Short,Eternal holidays,2017,-,tt10229386
Short,Cypress Tree,2017,5,tt10229782
Short,Aator (Perfume),2017,10,tt10229772
Short,X,2017,10,tt10230628
Short,W.I.F.E,2017,8,tt10234234
Short,Chasing the GOAT,2017,8,tt10234086
Short,Death of the Dragonslayer,2017,12,tt10234304
Short,Doce,2017,6,tt10240348
Short,Grands sont les déserts,2017,-,tt10240600
Short,Talking Trees,2017,3,tt10241302
Short,Life in 2 Minutes,2017,4,tt10245890
Short,Dxgal,2017,7,tt10245782
Short,The Flame,2017,5,tt10245888
Short,Muñeca,2017,4,tt10249694
Short,Hacia el sur,2017,10,tt10249782
Short,Will,2017,12,tt10249814
Short,Jon & Joanne,2017,10,tt10249758
Short,Premonicion,2017,6,tt10254916
Short,The Resolve,2017,12,tt10261476
Short,Saturno,2017,7,tt10269742
Short,Midnight Tod,2017,6,tt10275476
Short,When We Meet Again,2017,12,tt6945002
Short,Forged Love,2017,6,tt10283144
Short,Animal,2017,11,tt10280916
Short,Eva,2017,1,tt10284900
Short,Cuando venga a por mi,2017,-,tt10286510
Short,Cena Familiar,2017,-,tt10289490
Short,Wilderness,2017,2,tt10293614
Short,Leap in the Dark,2017,-,tt10298586
Short,Domestic Violence,2017,6,tt10303060
Short,Disquiet,2017,6,tt10303118
Short,Heart On My Sleeve,2017,9,tt10303898
Short,Leo,2017,-,tt10305192
Short,Solo,2017,10,tt10305936
Short,One Way Street,2017,3,tt10309594
Short,Memories,2017,10,tt10314678
Short,IDK,2017,8,tt10313544
Short,Chicken Club,2017,3,tt10318504
Short,Supermodel,2017,11,tt10318710
Short,Ex,2017,6,tt10319082
Short,Melissa,2017,12,tt10323720
Short,Highland Shuffle,2017,4,tt10328966
Short,From the Outside,2017,9,tt10332868
Short,Last Regret,2017,6,tt10338206
Short,Violet & Mary,2017,9,tt10339510
Short,The Necklace,2017,1,tt10339356
Short,Those eyes,2017,-,tt10348968
Short,Um Terço de Mim,2017,4,tt10353918
Short,The Glendale Geek,2017,12,tt10354626
Short,Tel qu'en lui-même l'éternité le laisse,2017,2,tt10356408
Short,Darkroom,2017,5,tt10362216
Short,Liberté,2017,7,tt10362786
Short,Helena,2017,6,tt10364302
Short,Chinmoy,2017,1,tt10362126
Short,Working Wife,2017,4,tt10374448
Short,Johnny on the Moon,2017,9,tt10370902
Short,Limoncello,2017,9,tt10373680
Short,#VsyoPoka,2017,12,tt10375648
Short,Vezhdi ot pera,2017,7,tt10375778
Short,Time,2017,5,tt10375076
Short,Full Circle,2017,3,tt10379216
Short,Mane Oota,2017,11,tt10381150
Short,First Date,2017,3,tt10383714
Short,Los Ausentes,2017,10,tt10384202
Short,Letter from Maggie,2017,-,tt10384468
Short,Aldriland,2017,6,tt10385466
Short,Routine,2017,6,tt10388262
Short,Descenso,2017,3,tt10388024
Short,Ways,2017,5,tt10394630
Short,Awake in Paris,2017,12,tt10397708
Short,Bella (An Inner-City Filmmakers Production),2017,8,tt10403442
Short,Super héroes,2017,10,tt10407776
Short,Mestre,2017,5,tt10404388
Short,Emerger,2017,10,tt10408026
Short,Sisyphus,2017,-,tt10410242
Short,Wasted,2017,12,tt10413134
Short,Pseudo,2017,6,tt10413704
Short,True Colors,2017,9,tt10415506
Short,Alarme Falso,2017,3,tt10419060
Short,Once Upon a Time in Yogyakarta,2017,6,tt10419700
Short,Crying,2017,-,tt10426812
Short,Inimicus,2017,12,tt10426218
Short,Pani Bovary to ja,2017,-,tt10426022
Short,"Largo do Arouche, 127, 2A",2017,8,tt10432362
Short,Jano,2017,1,tt10426018
Short,Broken Earth,2017,3,tt10431550
Short,True Colors,2017,9,tt10434908
Short,Time,2017,7,tt10435934
Short,Lapse,2017,5,tt10438758
Short,The Send-Off,2017,-,tt10441800
Short,We Met Once,2017,12,tt10448938
Short,De Wereld Rond in Zeven Jaar,2017,5,tt10449484
Short,Jung,2017,5,tt10449566
Short,Fear,2017,8,tt10449638
Short,Taxi Driver,2017,12,tt10449496
Short,Rose,2017,1,tt10463102
Short,My Little Princess,2017,5,tt10467208
Short,Ecstasy,2017,-,tt10468018
Short,Sal,2017,3,tt10470742
Short,In Her Image (Be'Tzalma),2017,2,tt10476616
Short,On this day I die,2017,3,tt10481826
Short,You and Me,2017,9,tt10478860
Short,Secrets,2017,-,tt10480514
Short,Gåvan,2017,1,tt10482488
Short,Aurora,2017,10,tt10488310
Short,Toni Air,2017,6,tt10488264
Short,A Car Called Victory,2017,11,tt10497620
Short,Everlasting,2017,4,tt10498316
Short,Countdown//2017,2017,10,tt10498088
Short,Te suplico que no lo hagas Emilia,2017,5,tt10503274
Short,El rifle de Chéjov,2017,-,tt10508058
Short,Chinna,2017,12,tt10508664
Short,Harlem Blues,2017,5,tt10509020
Short,The Gift,2017,11,tt10509272
Short,Upstairs,2017,1,tt10509702
Short,Il viaggio di Sarah,2017,-,tt10510682
Short,A Hand-written Poster,2017,10,tt10510744
Short,Crossroads (MCTC Capstone),2017,5,tt10513372
Short,Reflect,2017,5,tt10514824
Short,The Attack of Kavocko,2017,7,tt10519994
Short,Lena at the Party,2017,10,tt10520432
Short,The Lack of Colour,2017,8,tt10519422
Short,The Spectators,2017,5,tt10519738
Short,Worth It,2017,1,tt10524750
Short,Prove pratiche per la possibilità de 'I fiori di menta',2017,5,tt10528270
Short,Frost Bite,2017,2,tt10534652
Short,The Salt of the West,2017,6,tt10539854
Short,Finger Talk,2017,12,tt10538800
Short,Mia,2017,12,tt10540298
Short,Kozhikal Illaatha Bhoomi,2017,7,tt10543948
Short,¿Vos me querés a mi?,2017,5,tt10545166
Short,Jalanin Aja,2017,8,tt10551524
Short,Moja draga Ana,2017,8,tt10547642
Short,Nova pravila,2017,3,tt10552424
Short,Stuck,2017,12,tt10553590
Short,Others,2017,11,tt10554064
Short,Stuck,2017,8,tt10556340
Short,Menarquia,2017,11,tt10560764
Short,Catch 22,2017,10,tt10564842
Short,Monica,2017,10,tt10569590
Short,Be Still,2017,11,tt10567100
Short,Hello,2017,5,tt10574048
Short,Lost Cemeteries,2017,5,tt10574200
Short,Victoria and Wilhelm Tell,2017,5,tt10574132
Short,Mischief,2017,7,tt10583346
Short,Being Bhai,2017,11,tt10580628
Short,Replicante,2017,6,tt10591186
Short,The Anniversary,2017,12,tt10590684
Short,Feeling of Guilt,2017,12,tt10593380
Short,Shadows,2017,5,tt10594560
Short,When You Leave,2017,7,tt10597576
Short,Mental: Aria,2017,1,tt10601420
Short,The Watch,2017,8,tt10602660
Short,No. Never. Stop,2017,12,tt10603170
Short,Prometta mi,2017,10,tt10604948
Short,Miguel's American Dream,2017,2,tt10607344
Short,Merrell Manifesto Film,2017,11,tt10610428
Short,Social Error,2017,6,tt10623358
Short,A Matter of Speaking,2017,6,tt10626540
Short,Adam Barfi,2017,2,tt10631320
Short,Man's Memory,2017,3,tt10632612
Short,Dreaming of Eli Silverman,2017,7,tt10635706
Short,Earth Caller: Crystal Death Album Teaser,2017,9,tt10639218
Short,Power to the People: The Yuri Kochiyama Story,2017,5,tt10644096
Short,Petits soldats,2017,-,tt10643162
Short,Heartbreak Hotel,2017,10,tt10644724
Short,L'ombra delle muciare,2017,-,tt10646120
Short,Lawn,2017,10,tt10646736
Short,The Artist Has Room,2017,9,tt10666212
Short,Self Tape,2017,-,tt10671500
Short,La mirada del hijo,2017,3,tt10679318
Short,Aztarnak,2017,11,tt10673986
Short,Love in Color,2017,2,tt10680688
Short,Alone and Beautiful,2017,3,tt10686320
Short,Bolero Negro,2017,-,tt10687118
Short,Paradise,2017,-,tt10686808
Short,Alte Poststrasse,2017,-,tt10696400
Short,Unreal Estate,2017,8,tt10701718
Short,Omega Alpha,2017,-,tt10699604
Short,La Última cita,2017,6,tt10701994
Short,Løgn,2017,7,tt10709956
Short,Cemile's Obsession,2017,4,tt10711014
Short,Minkä menetin,2017,11,tt10712542
Short,Rest in Resistance,2017,9,tt10708110
Short,Troubled Times for Titus,2017,1,tt10712794
Short,Paulo,2017,-,tt10713198
Short,Ailleurs,2017,9,tt10721968
Short,Tropos de Añoranza,2017,2,tt10724442
Short,Lula,2017,-,tt10725718
Short,Ready 2 Play Me!,2017,9,tt10726168
Short,Rivers Edge,2017,6,tt10727628
Short,Mutter,2017,6,tt10728566
Short,Behind The Lie,2017,5,tt10732776
Short,Someone Understands,2017,10,tt10732712
Short,The Impasse,2017,6,tt10738880
Short,Artificial Affection,2017,4,tt10737984
Short,Jack in the Box,2017,9,tt10741722
Short,Lucky,2017,-,tt10746512
Short,Zei Wei (Shanghainese for Goodbye),2017,9,tt10746506
Short,Pigs in a Bowl: Living the Nightmare,2017,12,tt10752068
Short,Stella Nova,2017,7,tt10752590
Short,Blurred Lights,2017,10,tt10754264
Short,Popayán me gustas!,2017,12,tt10756554
Short,Pretty Boy,2017,12,tt10754224
Short,Snow,2017,-,tt10764080
Short,Mind,2017,3,tt10765544
Short,Roommate Drama,2017,10,tt10765664
Short,Find You In The Crowd,2017,8,tt10766616
Short,The Moral Dilemma,2017,2,tt10765780
Short,Mysterious Agent,2017,10,tt10768164
Short,When We Were Together,2017,8,tt10767392
Short,Kisenge,2017,12,tt10767626
Short,Havik,2017,11,tt10768186
Short,You're So Full Of It,2017,7,tt10768104
Short,Donkey Hot,2017,6,tt10768640
Short,The Hunt,2017,7,tt10771934
Short,The Crucible,2017,12,tt10772146
Short,The Wallet,2017,2,tt10771634
Short,Livorno 32,2017,6,tt10777526
Short,Planície,2017,6,tt10778396
Short,Leben,2017,-,tt10782250
Short,Her First Draft,2017,10,tt10784300
Short,Switch Line,2017,9,tt10783904
Short,Lumberjacks,2017,2,tt10793910
Short,Kid,2017,11,tt10797934
Short,Drifting Away,2017,6,tt10799370
Short,To Be Inspired,2017,12,tt10800400
Short,To Die in Downtown,2017,-,tt10799208
Short,Touch Me Right,2017,5,tt10804190
Short,Folie à deux,2017,9,tt10804264
Short,Pabbahelgi,2017,12,tt10809260
Short,Upside Down,2017,10,tt10807018
Short,El Secreto,2017,2,tt10813666
Short,The Sound of Shadow,2017,7,tt10816462
Short,Rojava Calling,2017,3,tt10817192
Short,Dilli Vala Dost,2017,5,tt10825990
Short,A Deal (Maslaha),2017,1,tt10826660
Short,Green Apple,2017,2,tt10825930
Short,BIS,2017,7,tt10829866
Short,Can I Have This Dance?,2017,11,tt10835808
Short,And I tried to put my dad in a van,2017,1,tt10840702
Short,"Agora Se Vira, Meu Bem",2017,10,tt10839416
Short,Wake Up,2017,12,tt10839524
Short,S.u.g.a.r.,2017,8,tt10844370
Short,Choice,2017,12,tt10846302
Short,Quando a Gente Chegar Lá,2017,5,tt10851102
Short,Beyond Help,2017,11,tt10862632
Short,Hidden Dreams,2017,9,tt10861808
Short,Instinct,2017,11,tt10863458
Short,Seja Bem-Vindo!,2017,4,tt10862376
Short,Soldier,2017,11,tt10869322
Short,Blue Boy,2017,10,tt10868536
Short,Running Like Charizard Flies,2017,-,tt10869482
Short,Begegnung,2017,-,tt10871224
Short,Serious Man,2017,-,tt10869770
Short,The Doll,2017,6,tt10875914
Short,Black Rose,2017,5,tt10879418
Short,Man of the House,2017,11,tt10883632
Short,Johnny et la danseuse,2017,12,tt10886362
Short,Right Away,2017,11,tt10883920
Short,Gato Negro,2017,9,tt10883838
Short,Water,2017,4,tt10885790
Short,Monster,2017,10,tt10889538
Short,Loop,2017,11,tt10893614
Short,False Alarm,2017,11,tt10894644
Short,Meiman's Wonderful Breakfast,2017,2,tt10895816
Short,T' Hokje,2017,11,tt10912874
Short,Boyplay,2017,11,tt10913488
Short,Our Hearts! Our Hometown!!,2017,5,tt10913668
Short,Bittersweet,2017,-,tt10916414
Short,Annie,2017,10,tt10913802
Short,Champ,2017,11,tt10916866
Short,Choices,2017,11,tt10915428
Short,Faith,2017,11,tt10917346
Short,Bawan,2017,-,tt10923552
Short,Two Worlds,2017,11,tt10933790
Short,Binary,2017,11,tt10933960
Short,The Colors of life,2017,3,tt10933826
Short,Azaad Hoon Main,2017,12,tt10938244
Short,Topragin Üstünde,2017,10,tt10941046
Short,A Serious Talk,2017,5,tt10946682
Short,Death,2017,5,tt10943972
Short,My Field,2017,5,tt10948544
Short,Space Man Sam,2017,8,tt10947834
Short,Epifania,2017,-,tt10956530
Short,La Isla,2017,8,tt10960462
Short,In beating cells,2017,3,tt10959540
Short,Fumes,2017,9,tt10962984
Short,Something To Hold On To,2017,4,tt10968868
Short,DoubleFault,2017,12,tt10969578
Short,Float,2017,9,tt10969294
Short,Swipe Left,2017,5,tt10971594
Short,Fangst,2017,-,tt10974102
Short,Away,2017,11,tt10981156
Short,Parineeti 2017,2017,6,tt10986300
Short,Seventeen,2017,7,tt10990056
Short,The BTGM Movie II: David's Adventure,2017,7,tt10989264
Short,Hudson,2017,10,tt10999512
Short,Proceed with Caution,2017,4,tt11005946
Short,Downfall,2017,-,tt11005890
Short,Diário de uma Garota Qualquer,2017,-,tt11010302
Short,A Carta,2017,11,tt11010974
Short,Susan,2017,-,tt11020432
Short,Sophie,2017,-,tt11022312
Short,11/9,2017,5,tt11023368
Short,Memorie di un Santo in Agosto,2017,7,tt11029176
Short,Maya,2017,8,tt11029200
Short,Cielo y el Árbol - En el Valle de los Sueños,2017,4,tt11037966
Short,Mitat Neshika,2017,9,tt11044512
Short,Trust & Expectations,2017,1,tt11045412
Short,Hank,2017,8,tt11046074
Short,Millennia,2017,4,tt11052448
Short,Herring Road,2017,7,tt11053366
Short,The Last Four,2017,1,tt11053202
Short,Bare,2017,10,tt11055670
Short,Last Night,2017,10,tt11062492
Short,Nina,2017,8,tt11064174
Short,Operator II Twin Souls,2017,9,tt11064158
Short,When It Was Snowing...,2017,-,tt11064926
Short,154,2017,6,tt11070068
Short,I'm Too Nice,2017,7,tt11070146
Short,Bishop,2017,-,tt11075202
Short,Shattered,2017,10,tt11078618
Short,Sedation,2017,-,tt11078904
Short,Give Up the Dead,2017,7,tt11086050
Short,Pauranoia,2017,9,tt11086386
Short,La fille au ciré jaune,2017,8,tt11092212
Short,"De Vez Em Quando, Quando Eu Morro, Eu Choro",2017,12,tt11101250
Short,Abuelita,2017,12,tt11100574
Short,One Too Many,2017,2,tt11100504
Short,Algún Día Será,2017,7,tt11102996
Short,The Super Galactic Space Cadets,2017,5,tt11107404
Short,Sad Eyes,2017,11,tt11107262
Short,Blood,2017,-,tt11112422
Short,Mi amigo secreto,2017,5,tt11118976
Short,Sommerleben,2017,-,tt11121372
Short,Hindrance,2017,-,tt11120718
Short,The Wheelman,2017,12,tt11126106
Short,Gunner,2017,-,tt11129306
Short,Papalote,2017,11,tt11135920
Short,Arkona,2017,12,tt11138224
Short,Anjali,2017,12,tt11138298
Short,Brothers,2017,5,tt11136948
Short,Lady in Lavender,2017,-,tt11143326
Short,Day One,2017,5,tt11147018
Short,Kharosrota,2017,11,tt11146222
Short,Clic,2017,7,tt11146304
Short,Garbage,2017,6,tt11150402
Short,Traffic Light,2017,2,tt11150602
Short,Mental,2017,-,tt11151540
Short,Lost Ones,2017,8,tt11152188
Short,Fede Svin,2017,12,tt11153294
Short,The Hitchhiking Game,2017,5,tt11156104
Short,Lovely You,2017,-,tt11157290
Short,Sa candeur se fâne,2017,-,tt11157336
Short,Luz difunta,2017,7,tt11155566
Short,Libertad condicional final,2017,7,tt11161514
Short,Miss Atomic Bomb,2017,6,tt11165858
Short,Chai Coffee Mix,2017,3,tt11167500
Short,How to Give,2017,9,tt11166460
Short,Larry,2017,12,tt11167256
Short,Where We Left Off,2017,12,tt11171646
Short,Opportunist,2017,11,tt11173396
Short,Meri Aawaz Suno,2017,7,tt11173652
Short,Sweet 60,2017,10,tt11173460
Short,Stay,2017,8,tt11177090
Short,Thank You,2017,11,tt11192420
Short,Designated Drunk Driver,2017,10,tt11193142
Short,Retinas de Alquiler,2017,-,tt11194286
Short,3 fingers at arm's Length,2017,11,tt11193946
Short,Wash,2017,8,tt11198752
Short,The Day We (Un)Met,2017,1,tt11203510
Short,Pause,2017,12,tt11209382
Short,Joana D'arc,2017,7,tt11223118
Short,Cousins,2017,9,tt11223966
Short,15 Minutes,2017,6,tt11224004
Short,Coming Home,2017,12,tt11225366
Short,Arsénica,2017,5,tt11229248
Short,The Cipher,2017,5,tt11241666
Short,Inside Voices,2017,4,tt11251366
Short,Brokers,2017,10,tt11258136
Short,Cause to Play,2017,10,tt11261718
Short,Red Light Monk,2017,-,tt11266594
Short,Butterflies,2017,2,tt11269338
Short,Naked and Silent,2017,1,tt11268754
Short,Plattentausch,2017,10,tt11269638
Short,Here for Family,2017,10,tt11272062
Short,Kairós,2017,12,tt11270112
Short,Ghost of a Body,2017,8,tt11269942
Short,Daydream,2017,8,tt11273900
Short,Aquarium,2017,11,tt11280438
Short,Asrar Al-Rih,2017,11,tt11280030
Short,1999,2017,11,tt11280538
Short,Barzakh,2017,1,tt11279838
Short,Menace Commune,2018,10,tt10004294
Short,Kadogo,2018,10,tt10004232
Short,Neon Passion,2018,1,tt10004384
Short,Brotherly Love,2018,12,tt10005518
Short,A Bloc,2018,6,tt10006406
Short,Form 1,2018,5,tt10002400
Short,Fragments,2018,5,tt10006220
Short,At the Crossroads Down Yonder,2018,6,tt10010676
Short,Selflove,2018,7,tt10010502
Short,The Day Dreams,2018,-,tt10010672
Short,Half the Battle,2018,11,tt10007932
Short,C/o Krishnanagar,2018,11,tt10010378
Short,Akif,2018,7,tt10010330
Short,Dream Expo,2018,-,tt10010638
Short,Past Due,2018,10,tt10010994
Short,Flamboyante,2018,3,tt10011656
Short,22,2018,9,tt10010772
Short,Asphalt Saints,2018,-,tt10009344
Short,M Like Mobius,2018,12,tt10013176
Short,Endgame,2018,11,tt10014878
Short,The Cherry Orchard,2018,1,tt10015376
Short,The Greener the Grass,2018,-,tt10014612
Short,B-167-980-098,2018,7,tt10014890
Short,Honey,2018,3,tt10014710
Short,Turn the Switch Off,2018,-,tt10014556
Short,Day Out,2018,11,tt10016858
Short,Forget Me Not,2018,12,tt10021210
Short,Open House,2018,5,tt10021786
Short,Perfekte vegger,2018,-,tt10021610
Short,The Guide,2018,11,tt10026128
Short,My Brother,2018,9,tt10023224
Short,The Other Side,2018,2,tt10026098
Short,Rupkothar Kahini,2018,11,tt10026376
Short,I Love When You Sing to Me,2018,2,tt10022338
Short,Young Grandpa,2018,5,tt10026668
Short,100 Inscritos,2018,7,tt10022852
Short,Eddy,2018,11,tt10026970
Short,The Veil,2018,6,tt10026096
Short,A Story Told From The End,2018,12,tt10025230
Short,Clout,2018,9,tt10028230
Short,Runner,2018,12,tt10028626
Short,Shed,2018,9,tt10029026
Short,Treasure,2018,-,tt10028464
Short,Father 'n' Son,2018,-,tt10030282
Short,Beautiful World,2018,3,tt10031466
Short,Outfox,2018,12,tt10032238
Short,The Woman at the Other End of the Line,2018,12,tt10032780
Short,Cycle,2018,-,tt10037162
Short,The Accusation,2018,12,tt10037668
Short,La última oportunidad,2018,3,tt10037600
Short,The Best Man,2018,9,tt10042048
Short,The Drifting Post,2018,5,tt10037910
Short,Worship Me,2018,9,tt10039390
Short,Battue,2018,-,tt10040972
Short,Inertia,2018,-,tt10044994
Short,Bingo Night,2018,8,tt10042840
Short,Confessional,2018,-,tt10042006
Short,Incoming Calls,2018,6,tt10039134
Short,Sand. Rock. Palm.,2018,-,tt10042194
Short,Barco de Papel,2018,12,tt10041944
Short,Assunta,2018,8,tt10045172
Short,Audition,2018,12,tt10043400
Short,Picture Day,2018,-,tt10042008
Short,Believe Her,2018,3,tt10044544
Short,Land of Flat Dirt,2018,-,tt10048344
Short,Kindling,2018,2,tt10048330
Short,Blink,2018,7,tt10049944
Short,Alone Together,2018,6,tt10050036
Short,La cáscara,2018,4,tt10050784
Short,Odds & Ends,2018,8,tt10050096
Short,Journey of Three Worlds,2018,7,tt10054256
Short,The Man Behind the Glass,2018,5,tt10054306
Short,Due Date,2018,10,tt10050272
Short,Man,2018,6,tt10048730
Short,Searching,2018,11,tt10051290
Short,Gatita,2018,7,tt10055686
Short,L'intermediaire,2018,6,tt10052910
Short,They Live Outside,2018,11,tt10054606
Short,À bout de ressources,2018,10,tt10055142
Short,It's Who You Know,2018,10,tt10058854
Short,Affinity - The Series,2018,10,tt10055152
Short,Her Water Drum,2018,10,tt10061588
Short,She's Not for Me,2018,11,tt10060072
Short,Fever,2018,2,tt10062058
Short,Ajay,2018,-,tt10060776
Short,One More Meal,2018,5,tt10064004
Short,Woodside,2018,-,tt10063816
Short,You,2018,12,tt10066390
Short,From the Other Side,2018,10,tt10065230
Short,Les jours heureux,2018,7,tt10071600
Short,A Tap At The Window,2018,8,tt10071592
Short,Red Velvet,2018,4,tt10066102
Short,When I've Wanted to Die,2018,10,tt10068734
Short,Madal pilvelõhkuja/The Low Skyscraper,2018,5,tt10068142
Short,Emily's Hands,2018,11,tt10069254
Short,BÓXERS,2018,9,tt10072074
Short,Anhedonia,2018,12,tt10071200
Short,I'm Sorry Mum'ma,2018,9,tt10073524
Short,Whisper,2018,-,tt10073642
Short,4:13,2018,9,tt10074162
Short,Out in the Woods,2018,11,tt10074248
Short,Flow,2018,-,tt10074654
Short,Desiree,2018,5,tt10074682
Short,Green Dust,2018,6,tt10077038
Short,Ban Cùng Phòng,2018,10,tt10076854
Short,Última Noite em Viena,2018,11,tt10075034
Short,A Good Day,2018,7,tt10075046
Short,Triple Talaq,2018,1,tt10075048
Short,Miss Ella,2018,5,tt10078518
Short,Skewed Conception,2018,8,tt10078560
Short,Remember,2018,11,tt10078770
Short,My Megan,2018,-,tt10079754
Short,Mary's Wise Men,2018,-,tt10081990
Short,Kat,2018,-,tt10084828
Short,9 Am,2018,7,tt10085392
Short,Wake Up Girl,2018,-,tt10086848
Short,Billy's Restaurant,2018,11,tt10082838
Short,The Ghost of Hamlet's Father,2018,11,tt10086124
Short,Dream of Love,2018,-,tt10087450
Short,The Girl from Exarcheia,2018,-,tt10087074
Short,Nous sommes nuit ils sont jour,2018,11,tt10090594
Short,Anxiety,2018,10,tt10093720
Short,Fifteen,2018,5,tt10091222
Short,Hoe Dan?,2018,9,tt10092518
Short,Kolory Listopada,2018,10,tt10091694
Short,The Power of Inclusion,2018,5,tt10094128
Short,FORTY-EIGHT.ONE,2018,11,tt10092784
Short,Dar Açi,2018,-,tt10095310
Short,Leave Me with a Smile,2018,5,tt10097490
Short,The Power of Inclusion,2018,5,tt10097626
Short,Jane,2018,6,tt10099480
Short,Endotermia,2018,10,tt10099546
Short,The Veil,2018,2,tt10098886
Short,Lembra,2018,11,tt10098852
Short,Where is 'me'?,2018,-,tt10100686
Short,Dream of Blood and Soul,2018,11,tt10100142
Short,Greece,2018,10,tt10101686
Short,I Hope I'm Loud When I'm Dead,2018,9,tt10100994
Short,Extension,2018,11,tt10101198
Short,Vassileia,2018,-,tt10101786
Short,Cada cuarenta segundos,2018,-,tt10102502
Short,Ljetne jagode/summer strawberries,2018,12,tt10102516
Short,Beau,2018,-,tt10101838
Short,As a Woman,2018,7,tt10105138
Short,Show,2018,-,tt10105558
Short,Guardami ora,2018,-,tt10107440
Short,Rattled,2018,-,tt10107522
Short,The Unknown Outlaw,2018,1,tt10109930
Short,'Wag mo 'kong kausapin,2018,10,tt10111288
Short,La vie nous appartient,2018,1,tt10109724
Short,Baguio Address No. 10,2018,-,tt10111266
Short,Mercury on Fifth,2018,5,tt10111128
Short,Ludo,2018,7,tt10112128
Short,Madugo ang gabi,2018,-,tt10111538
Short,My Escape,2018,4,tt10110664
Short,Tembong,2018,11,tt10111530
Short,Balai,2018,-,tt10111534
Short,Sa among agwat,2018,11,tt10111532
Short,Gabi ng kababalaghan,2018,5,tt10111522
Short,Feed Me,2018,-,tt10115370
Short,Heart and Soul,2018,2,tt10116534
Short,Sadharan - a little thought,2018,9,tt10115740
Short,Closer to Heaven,2018,12,tt10115668
Short,Mar,2018,11,tt10116454
Short,Die Ongenooides,2018,8,tt10117214
Short,Lawrence and Bently,2018,5,tt10120758
Short,The Alchemist,2018,-,tt10118380
Short,Benjamin,2018,8,tt10117276
Short,The White Camera,2018,5,tt10120774
Short,Impact,2018,7,tt10122148
Short,Sophie,2018,11,tt10124004
Short,Click-Click,2018,12,tt10122926
Short,The Grave Digger of Kapu,2018,10,tt10126560
Short,The Edge With Us,2018,11,tt10125380
Short,The True History of Billie The Kid,2018,8,tt10126510
Short,Feathers,2018,3,tt10125038
Short,Gustaakh,2018,6,tt10122192
Short,Cruising,2018,-,tt10125554
Short,Bamboe,2018,10,tt10125414
Short,Our Ladies of 121st Street,2018,7,tt10125790
Short,Aquarium,2018,5,tt10129410
Short,Little Lights,2018,11,tt10131506
Short,Hourglass,2018,11,tt10131252
Short,Spider,2018,3,tt10132942
Short,Hot Milk,2018,8,tt10133210
Short,Without a Map,2018,6,tt10133626
Short,Smoker,2018,1,tt10133432
Short,15.7 km,2018,1,tt10135360
Short,MR.SOAP,2018,10,tt10136776
Short,3rd and 4th Chapters,2018,-,tt10136060
Short,Le Naufragé,2018,11,tt10136564
Short,Odgoj mladezi,2018,2,tt10139156
Short,Contre le Courant,2018,9,tt10139520
Short,Zoe,2018,12,tt10139300
Short,Magister,2018,9,tt10140538
Short,Colapso,2018,12,tt10140582
Short,Intet Svar,2018,8,tt10138514
Short,What Separates Us from the Beasts,2018,7,tt10141952
Short,Tuda,2018,4,tt10144828
Short,Prototypical,2018,9,tt10145226
Short,The Wild Women,2018,-,tt10149622
Short,Part Time,2018,-,tt10150362
Short,Ensaio Sobre a Morte,2018,-,tt10158446
Short,A Luz dos Dias Compridos,2018,-,tt10159176
Short,$7.32,2018,1,tt10153726
Short,Demolding a Daughter,2018,9,tt10157466
Short,O Mar Enrola na Areia,2018,-,tt10159090
Short,Subito,2018,11,tt10153574
Short,The Third Sorrow,2018,10,tt10153640
Short,Rádio Coração,2018,-,tt10157774
Short,"Black Girl, Magic",2018,8,tt10154166
Short,Personal Issues,2018,10,tt10155128
Short,Inner City,2018,8,tt10157592
Short,Eat Up!,2018,-,tt10160594
Short,mum & me.,2018,-,tt10156356
Short,All Call,2018,11,tt10161290
Short,Nostalgia,2018,3,tt10160758
Short,Delivery,2018,11,tt10161268
Short,Ngiti ni Nazareno,2018,7,tt10163256
Short,"Nagmamahal, Sal",2018,9,tt10163024
Short,Living Together,2018,-,tt10163132
Short,The Watcher,2018,10,tt10166824
Short,Remember,2018,-,tt10163526
Short,Trebuchet,2018,-,tt10165574
Short,Terima Kasih,2018,4,tt10164276
Short,Cat Cafe in LA! With SuicideGirls,2018,5,tt10165682
Short,Les choses du dimanche,2018,11,tt10168160
Short,Distraktion,2018,6,tt10168932
Short,Candle Magic,2018,8,tt10171026
Short,Oliver's Owl,2018,11,tt10172764
Short,Eunice,2018,6,tt10176236
Short,Addicted,2018,10,tt10176868
Short,The Program,2018,3,tt10172668
Short,Message Received,2018,6,tt10174184
Short,Byvshie,2018,9,tt10178058
Short,Abbasc',2018,4,tt10175890
Short,Welcome Home,2018,7,tt10181074
Short,No estoy aquí,2018,7,tt10181970
Short,Out of Frame/Hors Champ,2018,11,tt10183604
Short,Mindset,2018,8,tt10182096
Short,A Portrait of the Artist Angus Fairhurst,2018,-,tt10184296
Short,The Unnecessary Thing,2018,5,tt10183254
Short,Just One Bite,2018,-,tt10187994
Short,Agnès,2018,8,tt10187500
Short,Le Mime,2018,-,tt10186878
Short,When the Music Stops,2018,4,tt10187690
Short,In the Process of Losing Faith,2018,5,tt10188372
Short,The Hunt,2018,10,tt10191440
Short,The Unicorn,2018,-,tt10194786
Short,The bird fights its way out of the egg,2018,7,tt10195188
Short,A Dios,2018,12,tt10193204
Short,Cosmo,2018,-,tt10190804
Short,Schneidewege,2018,10,tt10196026
Short,GGW-0045,2018,5,tt10195672
Short,Le Flaneur,2018,11,tt10195440
Short,Permission,2018,2,tt10195320
Short,Angst,2018,-,tt10196510
Short,Selfie,2018,9,tt10196530
Short,Convergence,2018,5,tt10198168
Short,Rio Nova,2018,12,tt10197872
Short,Temporary,2018,6,tt10199148
Short,Baby Doll,2018,9,tt10201264
Short,Emily's Story,2018,5,tt10199128
Short,Quiet Denial,2018,3,tt10199030
Short,Ratas Nocturnas,2018,-,tt10198910
Short,Poddya Bidya,2018,7,tt10199830
Short,Manja: Kite Thread,2018,-,tt10200032
Short,Look at the sky,2018,-,tt10200026
Short,Dead Fish,2018,9,tt10204166
Short,Le mal de Mère,2018,3,tt10203992
Short,Grief,2018,3,tt10206886
Short,Two Young Men Thinking About Love,2018,7,tt10206904
Short,Rush to the Night,2018,5,tt10206878
Short,I'm Coming Isaline,2018,9,tt10209384
Short,Imminent,2018,8,tt10209302
Short,Jaded.,2018,8,tt10209004
Short,Pablo,2018,3,tt10210842
Short,The Way of Man,2018,10,tt10209966
Short,Isabella,2018,5,tt10207000
Short,Burans,2018,4,tt10209968
Short,Blessed Is the Man,2018,9,tt10213516
Short,Pachyderm,2018,8,tt10213900
Short,Tin,2018,10,tt10214744
Short,Huajiang Girls,2018,11,tt10214646
Short,I Belong,2018,3,tt10214498
Short,"Slowly, But Surely",2018,7,tt10214484
Short,Taboo,2018,11,tt10214460
Short,One Way Ticket,2018,6,tt10214534
Short,Off Target,2018,2,tt10217450
Short,Affogare,2018,10,tt10219034
Short,Peanuts,2018,-,tt10219076
Short,Mind Afloat,2018,1,tt10218868
Short,"Shakespeare in the Sphere: King Lear, Edmund",2018,5,tt10222260
Short,Not in Love,2018,12,tt10223832
Short,Amábile,2018,9,tt10223320
Short,Nýr dagur í Eyjafirði,2018,-,tt10226952
Short,De mooiste week van m'n leven,2018,10,tt10224748
Short,KAPOW,2018,5,tt10223646
Short,These Walls,2018,11,tt10224576
Short,Can Spring Be Far Behind?,2018,5,tt10228120
Short,Therapy,2018,-,tt10229514
Short,Full Stop,2018,-,tt10229656
Short,Meant To Be,2018,5,tt10229020
Short,Fool - Directors Cut,2018,10,tt10228242
Short,Prom Time!,2018,1,tt10228648
Short,God's Door,2018,4,tt10230488
Short,Boundaries,2018,3,tt10230328
Short,Eco de trompeta,2018,1,tt10233610
Short,Joy,2018,6,tt10233722
Short,Fine,2018,5,tt10233450
Short,1304 pasos,2018,12,tt10233412
Short,If It Ain't Got,2018,7,tt10235142
Short,To the Ends of the Earth,2018,9,tt10237652
Short,Short,2018,1,tt10239254
Short,Wild Gyal,2018,7,tt10240722
Short,Desarraigo,2018,10,tt10240990
Short,Conceiving,2018,12,tt10241248
Short,Mrs. Rozgonyi,2018,-,tt10241686
Short,Palos Verdes,2018,12,tt10240962
Short,Blood Money,2018,10,tt10241492
Short,Palidhje,2018,4,tt10244476
Short,Waiting for you,2018,-,tt10243012
Short,Cookie Jar,2018,-,tt10244164
Short,Fruit of May,2018,11,tt10245300
Short,Behind Closed Doors,2018,4,tt10244540
Short,Sátiro,2018,11,tt10244114
Short,When Saturn Returns,2018,10,tt10244230
Short,Lost and Found,2018,3,tt10246472
Short,Somebody's knocking - bussano,2018,4,tt10249634
Short,The Quiet Revolution,2018,9,tt10249404
Short,Cherish,2018,-,tt10249524
Short,Eve's Dinner,2018,5,tt10249688
Short,Alice,2018,9,tt10250464
Short,Stockholm Syndrome,2018,2,tt10250772
Short,Along Came Blue,2018,12,tt10255896
Short,Riscados pela Memória,2018,-,tt10253454
Short,Sparked,2018,10,tt10254896
Short,Desamparo,2018,12,tt10253014
Short,uBizo,2018,10,tt10252588
Short,El Rey,2018,-,tt10257970
Short,La Puntualidad del Sr. Martínez,2018,12,tt10256086
Short,Junior,2018,9,tt10255724
Short,By the Sea,2018,4,tt10259138
Short,The Last Chance,2018,-,tt10256018
Short,Codename 3838,2018,5,tt10259120
Short,Georgina Hedges - Because Of You,2018,5,tt10261010
Short,Wet,2018,8,tt10263546
Short,Supporting Role,2018,-,tt10264600
Short,A Hunger Artist,2018,4,tt10266330
Short,Scapegoat,2018,5,tt10261326
Short,The Apology,2018,-,tt10261606
Short,Breathe - Georgina Hedges,2018,5,tt10261750
Short,The Audacious Miracle of Christmas,2018,12,tt10264074
Short,Room Service,2018,3,tt10263420
Short,Adjournment,2018,5,tt10265842
Short,Erotica,2018,10,tt10265808
Short,Lily,2018,4,tt10264410
Short,Half Blood,2018,-,tt10261776
Short,Like Happy,2018,-,tt10266810
Short,Hoermanns,2018,-,tt10268028
Short,On my Way to the Cinema,2018,10,tt10266992
Short,The Sun is Going to Set,2018,10,tt10268350
Short,Damaged,2018,2,tt10267616
Short,Polaroid,2018,7,tt10267530
Short,Tragedy in Ten Scenes,2018,6,tt10267702
Short,Plum Raindrops,2018,10,tt10268388
Short,Isstuplenie,2018,8,tt10269034
Short,Hidden,2018,8,tt10269106
Short,Kakuri,2018,6,tt10269754
Short,Rising Sun,2018,3,tt10271512
Short,Lichao,2018,10,tt10270802
Short,Hollowed,2018,9,tt10269848
Short,Silent Ruin,2018,10,tt10272418
Short,Ding zi hua,2018,5,tt10275584
Short,It's Snowing There,2018,11,tt10271110
Short,Finder,2018,-,tt10274558
Short,Tail End of the Year,2018,7,tt10272116
Short,The Character Project,2018,12,tt10274630
Short,The Tour,2018,10,tt10275424
Short,Guilty of Love,2018,4,tt10275128
Short,Parker,2018,5,tt10274642
Short,Mookuthi,2018,11,tt10276020
Short,Days Before We Left,2018,5,tt10275516
Short,Jeu de fille,2018,12,tt10276594
Short,Incident in the Gulf,2018,11,tt10276762
Short,Saving Da'Lenzi,2018,11,tt10280464
Short,Staying True,2018,11,tt10280562
Short,Inside the Piano Shop,2018,6,tt10279154
Short,Los fuegos artificiales,2018,10,tt10283574
Short,Fall,2018,12,tt10278676
Short,Eden Hotel,2018,8,tt10278286
Short,Ryker,2018,4,tt10278776
Short,Can We Talk,2018,5,tt10284592
Short,Milk,2018,3,tt10283120
Short,Romy,2018,9,tt10288454
Short,Two Blinks,2018,7,tt10287326
Short,Tulipanes de Papel,2018,11,tt10289328
Short,Reminiscent,2018,10,tt10288010
Short,Como un lastre,2018,-,tt10287400
Short,Samakalikam,2018,3,tt10290220
Short,Broken,2018,4,tt10288654
Short,One block too far,2018,3,tt10289976
Short,Voicemail,2018,8,tt10290078
Short,Boys Will Be Boys: An Elaborate Excuse for a Fight Scene,2018,10,tt10293018
Short,The Perfect Exterior,2018,-,tt10293130
Short,The Art of Parenting,2018,10,tt10292740
Short,Golden Rose,2018,-,tt10294938
Short,Intertwined,2018,-,tt10295104
Short,Turn On Your Own,2018,9,tt10295366
Short,In the Palace,2018,4,tt10298054
Short,Knock Twice,2018,11,tt10300600
Short,"Blood, Sweat & Cabernet",2018,4,tt10298070
Short,Confront your destiny,2018,5,tt10299844
Short,Unintended,2018,12,tt10301084
Short,"Go Left, Go Right",2018,-,tt10303244
Short,Three Stages of Consciousness,2018,-,tt10303242
Short,Horse on Wheels,2018,-,tt10304026
Short,Siempre el amor,2018,2,tt10305934
Short,The Ville,2018,1,tt10308460
Short,White Elephant,2018,8,tt10309460
Short,Report Card,2018,3,tt10308222
Short,Letting Her Go,2018,11,tt10308576
Short,The Empty Ring,2018,8,tt10308658
Short,Abhilasha,2018,9,tt10309522
Short,Cold Coffee,2018,-,tt10311668
Short,Bond,2018,4,tt10309656
Short,Absalon,2018,10,tt10311982
Short,Pregnancy,2018,12,tt10312748
Short,Echoes of War,2018,9,tt10312840
Short,Ayah,2018,6,tt10314930
Short,I'll Be Fine,2018,4,tt10313864
Short,Will rather than heart,2018,5,tt10313852
Short,Valencia,2018,8,tt10314074
Short,Date Night,2018,8,tt10314270
Short,Different,2018,9,tt10314408
Short,The Job Interview,2018,9,tt10315014
Short,Wight Christmas,2018,-,tt10314426
Short,Nothing personal,2018,9,tt10317738
Short,Dominic,2018,11,tt10317922
Short,Somebody's knocking,2018,4,tt10319716
Short,Rock. Paper. Scissors.,2018,6,tt10320102
Short,Locus Amoenus,2018,7,tt10321306
Short,Proches,2018,-,tt10321610
Short,Dostluk Ekspresi/Friendship Express,2018,10,tt10322986
Short,Saturno,2018,5,tt10322360
Short,Azure,2018,8,tt10323670
Short,Julia,2018,12,tt10325508
Short,The Shadows Between Us,2018,12,tt10323182
Short,3 Días,2018,11,tt10324930
Short,Nameless,2018,12,tt10324780
Short,System Failure,2018,11,tt10326660
Short,El Secreto de Ana,2018,11,tt10329632
Short,1986,2018,4,tt10328884
Short,Preference,2018,-,tt10329374
Short,Before my mom becomes 60,2018,11,tt10331642
Short,Under the Stars,2018,3,tt10328766
Short,Touch of Darkness,2018,10,tt10333800
Short,The Drawing Man,2018,8,tt10330090
Short,Paraíso 63,2018,6,tt10334138
Short,Tumultueuses,2018,-,tt10332324
Short,Make Do or Mend,2018,4,tt10334192
Short,Job Season,2018,9,tt10332930
Short,That's Life X,2018,6,tt10337386
Short,Her Hair,2018,11,tt10337784
Short,Chirp,2018,-,tt10340406
Short,Together We Are Lonely,2018,8,tt10340218
Short,Is/Isn't Was/Wasn't,2018,3,tt10339580
Short,I am the happiest,2018,12,tt10337882
Short,Timing,2018,-,tt10345064
Short,Real Tour,2018,-,tt10348938
Short,The Dark Wood,2018,-,tt10345526
Short,XXY?,2018,10,tt10348898
Short,Recover,2018,1,tt10349840
Short,Russian six,2018,4,tt10354572
Short,Descenso,2018,3,tt10355210
Short,Drapeau Blanc,2018,10,tt10356658
Short,Mercy,2018,10,tt10355548
Short,"Tempo de Ir, Tempo de Voltar",2018,-,tt10358422
Short,The Used,2018,12,tt10359704
Short,The Woman with Ivory Gloves,2018,6,tt10359930
Short,Deep Water,2018,11,tt10364214
Short,La piedra en el río,2018,5,tt10361952
Short,Narkomany,2018,7,tt10366454
Short,Parabolic,2018,4,tt10366190
Short,Free,2018,10,tt10364524
Short,Nightingale,2018,12,tt10363766
Short,Lintu,2018,10,tt10367706
Short,Lil Bro,2018,11,tt10368524
Short,Go Fetch,2018,12,tt10368710
Short,Thank You for Your Time,2018,5,tt10368738
Short,My Name Is Stutter,2018,-,tt10369290
Short,The Meeting,2018,4,tt10369052
Short,Deal Done,2018,3,tt10370804
Short,Creation,2018,3,tt10370944
Short,Solatium,2018,6,tt10373678
Short,Clipped,2018,11,tt10375776
Short,Cortando Sangre,2018,10,tt10380514
Short,SILO,2018,-,tt10378532
Short,Ombligo de Agua,2018,10,tt10380010
Short,Conditions Épicées,2018,6,tt10382722
Short,Kissing Carmen,2019,-,tt10001012
Short,DNA,2019,-,tt10001866
Short,Where Were You,2019,10,tt10005030
Short,Okay,2019,2,tt10003808
Short,Hanna Wins,2019,1,tt10004266
Short,Cafèsigaret,2019,8,tt10006012
Short,Witness to Murder,2019,3,tt10005506
Short,Good Friends,2019,-,tt10005850
Short,Voiceless,2019,12,tt10002568
Short,Ludere,2019,6,tt10004822
Short,Melodrama,2019,-,tt10005360
Short,The Coven,2019,4,tt10003442
Short,Candle Light,2019,3,tt10003908
Short,Erewhile,2019,3,tt10003866
Short,Atonement,2019,4,tt10003828
Short,Facing Life,2019,3,tt10003492
Short,For Ellis,2019,3,tt10005262
Short,The Veil Removed,2019,12,tt10005520
Short,Riviera,2019,10,tt10005516
Short,Destiny,2019,3,tt10006180
Short,Along The Line,2019,3,tt10005186
Short,Chadwick Manor,2019,3,tt10006764
Short,Controlling Intentions,2019,6,tt10006412
Short,The Chair,2019,4,tt10005028
Short,FantasyLand,2019,1,tt10005198
Short,El Barber,2019,2,tt10006640
Short,Shakira,2019,12,tt10006238
Short,Confession,2019,-,tt10004580
Short,Motel,2019,6,tt10006258
Short,Tender,2019,4,tt10005966
Short,Partir de cero,2019,3,tt10007968
Short,Cheyenne,2019,10,tt10010080
Short,Greta's Bed & Breakfast,2019,-,tt10010426
Short,Stay For The Weak,2019,10,tt10010352
Short,Anxiety,2019,1,tt10010034
Short,The Theology of Friendship,2019,6,tt10010178
Short,Memoria,2019,2,tt10007876
Short,It Could Be Worse,2019,-,tt10010652
Short,Bellingham,2019,8,tt10010626
Short,NRI Story,2019,5,tt10010072
Short,Chlorine,2019,6,tt10010720
Short,Freaky Forest,2019,6,tt10010698
Short,Winger,2019,5,tt10006822
Short,Viola,2019,8,tt10010448
Short,Andros,2019,-,tt10011172
Short,Delicious Poison,2019,2,tt10011250
Short,Leaves,2019,10,tt10009614
Short,He's Mine,2019,6,tt10011782
Short,Afganistanii,2019,4,tt10009368
Short,Something,2019,4,tt10008772
Short,St. Louis Superman,2019,2,tt10009148
Short,Passage,2019,3,tt10013050
Short,The Silver Lining,2019,3,tt10013166
Short,Stormy,2019,-,tt10011986
Short,Agente Secret,2019,3,tt10011976
Short,iParent,2019,5,tt10011610
Short,Lilac,2019,-,tt10011248
Short,Chimes of Love and Death,2019,-,tt10011116
Short,Uncertainship,2019,3,tt10014328
Short,It Happened One Night,2019,5,tt10014510
Short,Parabola,2019,-,tt10014512
Short,42,2019,5,tt10015768
Short,Rewind,2019,7,tt10014590
Short,It's a Small World,2019,5,tt10014928
Short,Heaven,2019,5,tt10014950
Short,Hanging on a Telephone,2019,-,tt10014580
Short,Piercing Stillness,2019,4,tt10014298
Short,Bluefish,2019,1,tt10014708
Short,Don Héctor,2019,1,tt10014564
Short,La Hora Cero,2019,10,tt10015518
Short,Down the Barrel,2019,-,tt10017074
Short,Inhuman,2019,3,tt10019160
Short,Pick,2019,9,tt10019100
Short,Cirque,2019,-,tt10016452
Short,Dear Deer,2019,6,tt10016418
Short,Fragmenter,2019,-,tt10016448
Short,Tesfa,2019,5,tt10016554
Short,Nina,2019,-,tt10017060
Short,Saturday Grace,2019,8,tt10019820
Short,The Present,2019,3,tt10019578
Short,You Should Be on My Side,2019,3,tt10021770
Short,Waterfrost,2019,3,tt10020988
Short,I Stem the Tide,2019,11,tt10022374
Short,You're Just a Kid,2019,2,tt10021310
Short,Like Crazy,2019,3,tt10021724
Short,What Momma Wants,2019,3,tt10021708
Short,Coffee with a Madman,2019,2,tt10021158
Short,Resistant,2019,3,tt10021750
Short,Help Me Help You,2019,2,tt10021666
Short,The Strangers We Know,2019,7,tt10020968
Short,Haze,2019,-,tt10020916
Short,Brothers,2019,4,tt10020900
Short,Man Made,2019,4,tt10021054
Short,Power Out,2019,7,tt10020750
Short,The Darkness,2019,2,tt10021228
Short,The Circle,2019,6,tt10020878
Short,This Is Bigger Than Us,2019,2,tt10021654
Short,Osiris III,2019,7,tt10022844
Short,I Have to Fake It,2019,3,tt10021694
Short,Trust Me,2019,3,tt10021906
Short,31st of Decembers,2019,5,tt10022480
Short,Deluge,2019,6,tt10022482
Short,Being Marilyn,2019,-,tt10021230
Short,You Need to Get It Together,2019,2,tt10021476
Short,Just Answer One Question,2019,3,tt10021678
Short,The Choice Is Yours,2019,3,tt10021860
Short,From This Day Forward,2019,-,tt10022490
Short,A Labour of Loaf,2019,-,tt10021740
Short,Masterpiece,2019,4,tt10022430
Short,Witch Trilogy 13+,2019,10,tt10022992
Short,The Girl In The Cellar,2019,9,tt10021928
Short,I'd Die for This Family,2019,3,tt10021840
Short,Morning Rain,2019,3,tt10022836
Short,Enough Is Enough,2019,3,tt10021898
Short,The Writer,2019,3,tt10022290
Short,It's Stranger Than We Thought,2019,2,tt10021618
Short,Noc v Mariandu,2019,2,tt10024186
Short,Fragile Ghost,2019,1,tt10022744
Short,S'échapper vers la Vie,2019,3,tt10022312
Short,Kunst und die Freiheit,2019,1,tt10026606
Short,Uber Oracle,2019,2,tt10022434
Short,Boardwalk,2019,-,tt10022056
Short,Gifts of the Heart,2019,10,tt10025584
Short,Nightmare,2019,4,tt10022552
Short,My Home of Thorns,2019,10,tt10022580
Short,Little Bird,2019,3,tt10023200
Short,The Turnaround,2019,7,tt10022570
Short,As Simple As Hello,2019,5,tt10027124
Short,Gaia,2019,-,tt10027396
Short,Sleep - A Monologue,2019,8,tt10027278
Short,Tóxico,2019,2,tt10026490
Short,Kaveri,2019,2,tt10026560
Short,Following Jamie,2019,5,tt10025974
Short,We'll Go North,2019,3,tt10027840
Short,My Father Belize,2019,-,tt10028182
Short,Las Alturas,2019,4,tt10028206
Short,The Rolex,2019,-,tt10028156
Short,Priest or Painter,2019,4,tt10029090
Short,The Minstrel and the Bard,2019,2,tt10031934
Short,The Camera Loves Kaila,2019,6,tt10033652
Short,Daddy's Girl,2019,5,tt10032294
Short,Confessione,2019,2,tt10032422
Short,Desiccation,2019,6,tt10034444
Short,Flying with the Birds,2019,3,tt10032830
Short,Tamarind,2019,3,tt10033604
Short,Caps,2019,-,tt10034220
Short,No lo digas,2019,3,tt10034494
Short,Lost Canyon,2019,3,tt10033824
Short,Someone Likes You,2019,3,tt10036264
Short,Parallel Path Trailer,2019,3,tt10036268
Short,Martha,2019,3,tt10037188
Short,Starving (MIFF),2019,3,tt10036708
Short,Kunststücke,2019,3,tt10036198
Short,The Receipt,2019,-,tt10036892
Short,Kurdish Bbq,2019,-,tt10039396
Short,Shadow Animals,2019,-,tt10039382
Short,Tap Tap Tap,2019,6,tt10038254
Short,Cipher,2019,3,tt10037358
Short,The Red Coat,2019,-,tt10037674
Short,Time has Changed,2019,3,tt10037924
Short,La vicina,2019,3,tt10039168
Short,Mortis,2019,11,tt10038658
Short,The Burial Consequence,2019,3,tt10039158
Short,Come What May,2019,3,tt10039088
Short,Loveless,2019,-,tt10039386
Short,Le lait magique,2019,-,tt10042496
Short,Plutus,2019,-,tt10043644
Short,X27,2019,8,tt10040258
Short,Marinai di foresta,2019,8,tt10041136
Short,Koncert,2019,9,tt10042424
Short,Desperate,2019,5,tt10042100
Short,7 Minutes,2019,1,tt10044922
Short,Safarikova 19,2019,2,tt10039624
Short,Fallen Dream,2019,12,tt10039604
Short,Eye of the Beholder,2019,4,tt10042010
Short,Mouths to Feed,2019,5,tt10042216
Short,Sobremesa,2019,5,tt10045056
Short,Inherent,2019,-,tt10045312
Short,An Assault on the Senses,2019,4,tt10045036
Short,Fighting Chance,2019,7,tt10042174
Short,The Lonely Chair,2019,3,tt10044672
Short,Done Waiting,2019,-,tt10045698
Short,Ultra-Feminist,2019,3,tt10044536
Short,Interstate 8,2019,10,tt10045714
Short,Dismissed,2019,12,tt10045632
Short,Moonlight Daydream,2019,2,tt10043908
Short,Fineline,2019,7,tt10046268
Short,Duel of the Hearts,2019,2,tt10044126
Short,Death of the Filmmaker,2019,4,tt10046300
Short,Drip Like Coffee,2019,5,tt10044272
Short,flush,2019,-,tt10047744
Short,Unkept,2019,2,tt10047440
Short,A Year Ago Yesterday,2019,5,tt10047864
Short,Awakening,2019,-,tt10048008
Short,Heavily Soiled,2019,2,tt10048222
Short,Because of him,2019,-,tt10048708
Short,Shed,2019,11,tt10049300
Short,The Moments Between Us,2019,3,tt10049984
Short,Letters,2019,-,tt10048706
Short,This Is Me,2019,4,tt10048320
Short,Week Till Life,2019,2,tt10050866
Short,Birthday Firing,2019,3,tt10050842
Short,Psycho Norman's 1st Cousin Once Removed,2019,1,tt10048964
Short,Three Stories Inside a Rental Van,2019,2,tt10048610
Short,Nous sommes,2019,1,tt10050890
Short,Albatross,2019,6,tt10052116
Short,The Janitor's Daughter,2019,-,tt10049806
Short,Dom Knows,2019,3,tt10049954
Short,Fix Me,2019,12,tt10050942
Short,Encuentro,2019,10,tt10054392
Short,F60.3,2019,6,tt10048414
Short,Lily,2019,4,tt10049724
Short,Daisy,2019,3,tt10054364
Short,Ivy,2019,3,tt10052866
Short,Appetite,2019,4,tt10054966
Short,Elle & Louis,2019,-,tt10055958
Short,La regina si addormenta dove vuole,2019,-,tt10055858
Short,Wie Blätter im Wind,2019,6,tt10056520
Short,Happy Birthday,2019,3,tt10055680
Short,Lullaby,2019,6,tt10052914
Short,To Play with Fire,2019,10,tt10055918
Short,The Friend,2019,5,tt10058344
Short,Crossfire,2019,-,tt10054944
Short,Thirsty,2019,9,tt10055160
Short,My Shell,2019,-,tt10055004
Short,The white limbo,2019,-,tt10054968
Short,Andean Condor,2019,11,tt10055006
Short,Sabotøren,2019,3,tt10055020
Short,Potrero-Chapultepec,2019,-,tt10059312
Short,Our Last Run,2019,6,tt10059244
Short,How Feeble The Heart,2019,3,tt10059338
Short,On the lookout,2019,10,tt10059416
Short,DwP&Me,2019,4,tt10059008
Short,In Her Place,2019,-,tt10063180
Short,Laundry Day,2019,11,tt10061536
Short,Mint Relationship,2019,5,tt10060334
Short,Just Be Nice,2019,3,tt10059566
Short,The Apology,2019,12,tt10060202
Short,The Day After Fatima,2019,5,tt10059426
Short,Password,2019,4,tt10061876
Short,Spirit Glitch,2019,10,tt10060380
Short,By the Sea,2019,8,tt10061688
Short,Affirmation,2019,-,tt10060280
Short,Bonds of A Father,2019,-,tt10060278
Short,Breakerr,2019,2,tt10062098
Short,Little Boy,2019,9,tt10064094
Short,Father Where Art Thou,2019,-,tt10060284
Short,Hello Mexico,2019,2,tt10059734
Short,Shiva's Daughter,2019,11,tt10061254
Short,Brown Paper Bags,2019,3,tt10062124
Short,A Dinner Party,2019,9,tt10064230
Short,Off Balance,2019,4,tt10060712
Short,Chess and Laundry,2019,-,tt10065154
Short,Avarice,2019,3,tt10061680
Short,Tape,2019,3,tt10065222
Short,Circadia,2019,6,tt10064952
Short,Make No Utopia,2019,8,tt10065066
Short,Otherwise,2019,-,tt10065224
Short,The Other Side Of The World,2019,2,tt10065714
Short,One Way,2019,2,tt10064664
Short,Standoff,2019,9,tt10064480
Short,Symphony of the Being,2019,9,tt10064574
Short,The Interpreted Dream,2019,1,tt10064630
Short,Ella,2019,6,tt10065050
Short,Life Improvised: XChange,2019,8,tt10068502
Short,Redbound,2019,5,tt10068964
Short,Tu Es Partout,2019,3,tt10071670
Short,Salvation,2019,3,tt10067268
Short,Jaankar,2019,3,tt10068974
Short,Testimony,2019,3,tt10066388
Short,Miss You,2019,3,tt10066012
Short,A Toast To A Dead Man,2019,8,tt10069824
Short,Elefant,2019,5,tt10068278
Short,Pustostan,2019,1,tt10066596
Short,And A Child,2019,8,tt10069540
Short,Growing pain,2019,3,tt10066242
Short,In It Together,2019,2,tt10066224
Short,Will There Be Enough Water?,2019,-,tt10066346
Short,The Cake,2019,2,tt10066226
Short,Camera Test,2019,5,tt10069788
Short,The Unstoppable,2019,6,tt10070740
Short,Quantum Computing for Dummies,2019,3,tt10071050
Short,¡Basta!,2019,3,tt10070994
Short,16 Days,2019,-,tt10072440
Short,The Man in the Moon,2019,3,tt10071282
Short,Sreca: Luck,2019,4,tt10071602
Short,Saudade,2019,3,tt10073192
Short,Slight,2019,4,tt10073628
Short,Azul,2019,5,tt10073676
Short,Going Home,2019,5,tt10073594
Short,Maszatvár,2019,3,tt10074298
Short,Bliss,2019,3,tt10074180
Short,Our anniversary,2019,2,tt10073896
Short,She,2019,5,tt10073826
Short,Last Card,2019,3,tt10074170
Short,Undertow,2019,7,tt10073786
Short,The Rotisserie Man,2019,3,tt10074562
Short,Welfare Check,2019,11,tt10074462
Short,Casting,2019,3,tt10075694
Short,Muggen & Marshmallows,2019,4,tt10076028
Short,Ground Control,2019,-,tt10075022
Short,Familial Bond,2019,3,tt10075032
Short,Attention Seeker,2019,1,tt10075450
Short,Curveball,2019,5,tt10078670
Short,Striver's Row: Faith,2019,3,tt10078472
Short,Cuando la Música Deja de Sonar,2019,3,tt10077576
Short,Extended Stay,2019,-,tt10080044
Short,Uncolonize,2019,-,tt10078786
Short,The Widow,2019,3,tt10079752
Short,Sandman,2019,3,tt10079472
Short,Left Behind,2019,9,tt10078830
Short,Subconscious,2019,2,tt10080208
Short,Iconic,2019,5,tt10078708
Short,Come Into Me,2019,4,tt10078984
Short,Flight,2019,3,tt10079384
Short,Night Out,2019,2,tt10078774
Short,To Dance in Prague,2019,3,tt10078302
Short,Faces In The Sun,2019,4,tt10078582
Short,Better than Neil Armstrong,2019,11,tt10079882
Short,Floating Islands,2019,1,tt10080142
Short,Light,2019,5,tt10081034
Short,Late,2019,11,tt10081024
Short,Streets of London,2019,4,tt10081152
Short,Build me,2019,-,tt10080916
Short,This Time,2019,7,tt10082296
Short,Cultish Behavior,2019,5,tt10082710
Short,The Old Turk,2019,11,tt10082294
Short,Cactus Boy,2019,10,tt10085026
Short,The silence,2019,1,tt10084672
Short,A Call of Inaction,2019,3,tt10086800
Short,The Death of a Matriarch,2019,3,tt10083122
Short,Words to Someone Else,2019,3,tt10085116
Short,Dead Weights,2019,1,tt10086588
Short,The Veil,2019,-,tt10086844
Short,A Cup Of Coffee (ACOC),2019,3,tt10082366
Short,Somewhere,2019,-,tt10084854
Short,The Player,2019,3,tt10084892
Short,The Choice an EnVz Productions film,2019,3,tt10082906
Short,Beckoning,2019,5,tt10082960
Short,Untitled Super 8,2019,2,tt10085472
Short,Strike Three,2019,3,tt10085096
Short,A Moment of Sincerity,2019,3,tt10086928
Short,Fleeting,2019,4,tt10086664
Short,Dear Friends and Family,2019,-,tt10084598
Short,Able,2019,-,tt10084708
Short,Piece of Me,2019,-,tt10085160
Short,"Passion, Pride, and Pain",2019,-,tt10085082
Short,Parindey (The Birds),2019,3,tt10084682
Short,Out?,2019,5,tt10084510
Short,Little Black Dress,2019,11,tt10085156
Short,Cheapskate,2019,-,tt10086846
Short,Come Together,2019,-,tt10086852
Short,Lift and Separate,2019,1,tt10087234
Short,Finding Rhoeshan,2019,1,tt10086566
Short,Albumblatt,2019,-,tt10086860
Short,Switchblade and Ice Cream,2019,3,tt10085586
Short,I (Don't) Love U,2019,10,tt10086410
Short,Splittet,2019,2,tt10087582
Short,Un Court Dimanche,2019,5,tt10087322
Short,Nobody's Son,2019,4,tt10087592
Short,Beyond the Leaves,2019,10,tt10087630
Short,The Fisherman's Wife,2019,10,tt10089488
Short,Kitchen Shadows,2019,10,tt10089178
Short,Deportación,2019,9,tt10089226
Short,Museum,2019,10,tt10089806
Short,A Temperance Tale,2019,5,tt10090448
Short,The Story of A Character: Kirdaar,2019,2,tt10092946
Short,Zdrav,2019,4,tt10093540
Short,Saving Robin Williams,2019,11,tt10091220
Short,Lo que se espera de mí,2019,4,tt10089936
Short,Damaged,2019,5,tt10090584
Short,Cold Hands,2019,2,tt10091356
Short,Darth Daddy,2019,3,tt10092444
Short,The Straight Man,2019,4,tt10091582
Short,La petite sirène,2019,6,tt10090412
Short,Hannah,2019,4,tt10091686
Short,Re-rehab,2019,3,tt10090962
Short,Brother's Birthday,2019,5,tt10091148
Short,Medium,2019,7,tt10091370
Short,Waters of Babylon,2019,2,tt10090912
Short,Obsession,2019,-,tt10092536
Short,Ivan,2019,3,tt10090088
Short,Raining Dogs,2019,11,tt10090766
Short,Favoriten,2019,5,tt10094226
Short,The Sky Is Falling,2019,-,tt10095956
Short,Failure,2019,3,tt10096234
Short,2nd Chance,2019,2,tt10096228
Short,Falling,2019,3,tt10094382
Short,The Long Commute,2019,8,tt10096188
Short,Shilouette,2019,1,tt10096120
Short,Tell Me What to Say,2019,3,tt10097502
Short,Most Wanted,2019,3,tt10097392
Short,I Don't Want Your Help,2019,3,tt10097418
Short,Drop Your Attitude,2019,3,tt10097462
Short,The Cordon,2019,-,tt10097334
Short,Richard & Cole,2019,3,tt10097546
Short,She Didn't Love Me,2019,3,tt10097440
Short,Tell Me Why,2019,3,tt10097450
Short,It Ends Now,2019,3,tt10097494
Short,You're No Friend of Mine,2019,3,tt10097402
Short,Moving Up,2019,3,tt10097478
Short,Road to Hell,2019,3,tt10097400
Short,I Won't Lie,2019,3,tt10097408
Short,The Best Best Friend,2019,5,tt10097050
Short,You've Been Hurt,2019,3,tt10097488
Short,Credit,2019,3,tt10097474
Short,Foxland,2019,-,tt10098066
Short,Rachel,2019,9,tt10098140
Short,Flee,2019,3,tt10098334
Short,The Statement,2019,3,tt10097562
Short,Grandiose,2019,-,tt10098082
Short,The Old Me,2019,3,tt10097526
Short,Monday at Three,2019,4,tt10097576
Short,Truth Decay,2019,-,tt10098062
Short,The Spirit,2019,10,tt10098076
Short,End of Term,2019,5,tt10102358
Short,The Wrong Door,2019,-,tt10101152
Short,Oleuba,2019,3,tt10098476
Short,break,2019,5,tt10098064
Short,Amar,2019,9,tt10098492
Short,The Tyrant,2019,4,tt10102830
Short,Confession,2019,3,tt10098186
Short,Signal,2019,11,tt10100178
Short,Everything in this Dream,2019,8,tt10101156
Short,Pink Umbrella by the Lake,2019,5,tt10100764
Short,The Bog Lady,2019,-,tt10101600
Short,Madison Guerilla,2019,11,tt10100584
Short,Individual,2019,3,tt10101160
Short,The Red Cap,2019,10,tt10101280
Short,Oro City,2019,3,tt10100538
Short,Good Morning,2019,-,tt10100468
Short,Never Have i Ever,2019,6,tt10101456
Short,Unmasking,2019,10,tt10101536
Short,El valor de una vida,2019,3,tt10102894
Short,It Takes Two,2019,11,tt10102252
Short,Touch,2019,7,tt10101288
Short,Focus here,2019,11,tt10101862
Short,Roger,2019,3,tt10102834
Short,Orangen und Schnürsenkel,2019,1,tt10102674
Short,Dalia,2019,-,tt10101752
Short,Soledad,2019,3,tt10103816
Short,Eternity at Play,2019,3,tt10104420
Short,The Midnight Court and Other Aislings,2019,-,tt10105276
Short,Noble Bee,2019,3,tt10105490
Short,L'enfant,2019,3,tt10105378
Short,Warme Choco,2019,7,tt10105820
Short,The Game of Life,2019,12,tt10106206
Short,The Visitor,2019,3,tt10105582
Short,Kallan Avaran,2019,3,tt10106530
Short,Sleeping Beauty,2019,-,tt10107856
Short,My First Day on Earth,2019,5,tt10106046
Short,The Grave of St. Oran,2019,6,tt10106562
Short,Eclipse,2019,10,tt10111244
Short,Single Asian Male,2019,-,tt10110852
Short,4 fromages,2019,6,tt10105944
Short,Fag,2019,6,tt10107022
Short,Russian Love,2019,3,tt10106244
Short,Steve Woodier Jr's A Clockwork Sandwich,2019,3,tt10106374
Short,Love is complicated,2019,3,tt10106598
Short,Traquée,2019,11,tt10107188
Short,Fisch-Bowle,2019,11,tt10107226
Short,Chal Jamure (The Sidekick),2019,3,tt10107766
Short,Finding Sunshine,2019,4,tt10107484
Short,Animated Mind,2019,4,tt10109030
Short,Painful Smile,2019,4,tt10108598
Short,The Initiation,2019,9,tt10110598
Short,Hoi mama,2019,3,tt10109908
Short,Boundless Love,2019,2,tt10110954
Short,The Entertainer,2019,6,tt10111002
Short,The Kick-Off,2019,5,tt10111138
Short,Borders,2019,7,tt10112992
Short,A Short Story,2019,7,tt10112442
Short,Consequência,2019,3,tt10112434
Short,Come l'ombra nel buio,2019,11,tt10113372
Short,Stop Asking For Permission,2019,1,tt10113572
Short,Odd Bird,2019,4,tt10110920
Short,Power Forward,2019,-,tt10111156
Short,Salon,2019,8,tt10111902
Short,Presidentswaltz.,2019,4,tt10112214
Short,Od gnijezda do zvijezda,2019,3,tt10115248
Short,The Menarche,2019,7,tt10115020
Short,Ladies Most Deject,2019,3,tt10115268
Short,Terminal World,2019,5,tt10116206
Short,All In Favor,2019,1,tt10116216
Short,Kaleidoscope,2019,-,tt10116936
Short,Answers,2019,5,tt10115548
Short,Thank You for Calling Me,2019,3,tt10116574
Short,Mama's Waltz,2019,12,tt10116018
Short,An Unveiling,2019,10,tt10116012
Short,Seven Deadly: Ever After,2019,2,tt10117036
Short,Visiting Hours,2019,8,tt10117228
Short,Peer,2019,12,tt10115596
Short,Foil Man,2019,1,tt10115444
Short,The Will,2019,3,tt10116926
Short,Filum,2019,-,tt10115694
Short,My Superman,2019,-,tt10116376
Short,Cobalt Blue,2019,8,tt10119566
Short,Su Promesa,2019,7,tt10116880
Short,Parachute,2019,-,tt10116518
Short,Ataraxia,2019,2,tt10116296
