,0,1,2,3,4
0,Pelicula,El Tango del Viudo y Su Espejo Deformante,2020,2,tt0062336
1,Pelicula,Love & Orgasms,2020,7,tt0383477
2,Pelicula,Surviving in L.A.,2020,8,tt0446792
3,Pelicula,Duel of Legends,2020,8,tt0849437
4,Pelicula,Lost Girls and Love Hotels,2020,9,tt0920462
5,Pelicula,Jak najdalej stad,2020,8,tt10004368
6,Pelicula,Kala azar,2020,8,tt10006160
7,Pelicula,The Rental,2020,7,tt10003008
8,Pelicula,Villa Caprice,2020,6,tt10019108
9,Pelicula,Seeru,2020,2,tt10022990
10,Pelicula,Passion simple,2020,8,tt10023172
11,Pelicula,Sweet Face,2020,2,tt10022726
12,Pelicula,Clean,2020,1,tt10023022
13,Pelicula,Love Aaj Kal,2020,5,tt10023024
14,Pelicula,Ringolevio,2020,11,tt10027720
15,Pelicula,Asia,2020,6,tt10032266
16,Pelicula,Once a Year on Blackpool Sands,2020,4,tt10039338
17,Pelicula,El verano que vivimos,2020,12,tt10042590
18,Pelicula,El Suspiro del Silencio,2020,12,tt10043458
19,Pelicula,A Escritora,2020,7,tt10039584
20,Pelicula,Gonarezhou: The Movie,2020,2,tt10041978
21,Pelicula,Luxor,2020,11,tt10039524
22,Pelicula,They Who Surround Us,2020,8,tt10042622
23,Pelicula,Cortex,2020,10,tt10056224
24,Pelicula,Youngest,2020,,tt10055892
25,Pelicula,Girlfriend's reunited,2020,7,tt10054604
26,Pelicula,Lonesome Boy,2020,4,tt10058890
27,Pelicula,Guilty,2020,3,tt10062614
28,Pelicula,Antebellum,2020,9,tt10065694
29,Pelicula,Depois de Ser Cinza,2020,10,tt10066262
30,Pelicula,Made in Abyss: Fukaki Tamashî no Reimei,2020,1,tt10068916
31,Pelicula,Legjobb tudomásom szerint,2020,12,tt10073452
32,Pelicula,Classic Again,2020,2,tt10075442
33,Pelicula,Wild Grass,2020,8,tt10080092
34,Pelicula,Breaking Surface,2020,2,tt10081762
35,Pelicula,L'oiseau de paradis,2020,5,tt10081788
36,Pelicula,Range of Sniper,2020,6,tt10082520
37,Pelicula,Adbhoot - ek dhandal saira vaira,2020,5,tt10092464
38,Pelicula,La terre et le sang,2020,4,tt10092752
39,Pelicula,Pink Skies Ahead,2020,10,tt10095308
40,Pelicula,Lan Se Lie Che,2020,10,tt10097346
41,Pelicula,Manchurian Tiger,2020,,tt10097312
42,Pelicula,Sudba,2020,10,tt10097386
43,Pelicula,Guai wu xian sheng,2020,8,tt10097484
44,Pelicula,Lian Qu 1980,2020,10,tt10097470
45,Pelicula,L'autre,2020,1,tt10098442
46,Pelicula,Sunray,2020,7,tt10098042
47,Pelicula,You Mean Everything to Me,2020,,tt10100196
48,Pelicula,La dona il·legal,2020,5,tt10101806
49,Pelicula,Blindfire,2020,11,tt10103028
50,Pelicula,Berliner,2020,10,tt10102402
51,Pelicula,The Forgotten,2020,1,tt10102746
52,Pelicula,Apples,2020,,tt10110614
53,Pelicula,Conversaciones,2020,11,tt10106082
54,Pelicula,Kokon,2020,7,tt10107222
55,Pelicula,Askedager,2020,,tt10112032
56,Pelicula,Schwesterlein,2020,10,tt10117768
57,Pelicula,A Arte de Morrer Longe,2020,8,tt10121110
58,Pelicula,Mother's Child,2020,5,tt10123970
59,Pelicula,Gondi,2020,2,tt10122618
60,Pelicula,Miss,2020,10,tt10123698
61,Pelicula,Fishing and Fishermen's Conversations,2020,9,tt10127760
62,Pelicula,Bronx,2020,10,tt10127684
63,Pelicula,Maryjki,2020,8,tt10132068
64,Pelicula,Le sel des larmes,2020,7,tt10132976
65,Pelicula,Sakura,2020,11,tt10132488
66,Pelicula,Zieja,2020,8,tt10136434
67,Pelicula,Schmetterlinge,2020,7,tt10138068
68,Pelicula,Na ostrie,2020,11,tt10146208
69,Pelicula,Behind the Line: Escape to Dunkirk,2020,8,tt10148118
70,Pelicula,Cerro Torre,2020,5,tt10147590
71,Pelicula,The Maid,2020,7,tt10147910
72,Pelicula,Green Summer,2020,5,tt10150920
73,Pelicula,499,2020,11,tt10149938
74,Pelicula,Driftless,2020,9,tt10151048
75,Pelicula,Rajeeva,2020,1,tt10152582
76,Pelicula,The 11th Green,2020,1,tt10151656
77,Pelicula,Corazón ardiente,2020,2,tt10153510
78,Pelicula,"Wanda, mein Wunder",2020,10,tt10152722
79,Pelicula,Vnutrenniy ogon,2020,5,tt10156122
80,Pelicula,One Meal,2020,10,tt10155896
81,Pelicula,The Prom,2020,12,tt10161886
82,Pelicula,Konglish,2020,12,tt10163896
83,Pelicula,Fair Haven,2020,9,tt10166648
84,Pelicula,The Marked,2020,10,tt10167116
85,Pelicula,Kaze no denwa,2020,1,tt10167422
86,Pelicula,The Heights a Perfect Reunion,2020,2,tt10167850
87,Pelicula,Fille du vent,2020,1,tt10176944
88,Pelicula,No Man's Truth,2020,7,tt10178386
89,Pelicula,The Lady from the Sea,2020,7,tt10179362
90,Pelicula,Yaponskiy Bog,2020,7,tt10183870
91,Pelicula,Dangerous Lies,2020,4,tt10183816
92,Pelicula,Cordero de Dios,2020,1,tt10187378
93,Pelicula,Soorarai Pottru,2020,11,tt10189514
94,Pelicula,Alexander,2020,3,tt10195248
95,Pelicula,Adieu les cons,2020,7,tt10196398
96,Pelicula,The Tree Movie,2020,4,tt10197570
97,Pelicula,Mia's M.I.A,2020,,tt10198274
98,Pelicula,The Love Between Us,2020,4,tt10198064
99,Pelicula,The Boys in the Band,2020,9,tt10199914
100,Pelicula,Pareeksha,2020,8,tt10199974
101,Pelicula,Once Upon a Time in Indonesia,2020,11,tt10200522
102,Pelicula,Chaco,2020,11,tt10201328
103,Pelicula,La volta buona,2020,7,tt10204756
104,Pelicula,Stealing Chaplin,2020,11,tt10205046
105,Pelicula,The Method,2020,11,tt1020581
106,Pelicula,The Voice of Sin,2020,10,tt10206818
107,Pelicula,Malmkrog,2020,7,tt10213380
108,Pelicula,Luca,2020,5,tt10214754
109,Pelicula,Longe do Paraíso,2020,12,tt10217460
110,Pelicula,As I Am,2020,2,tt10218912
111,Pelicula,Haarucha,2020,10,tt10218878
112,Pelicula,"Omoi, Omoware, Furi, Furare",2020,8,tt10228546
113,Pelicula,Sparks,2020,4,tt10230010
114,Pelicula,Kom hier dat ik u kus,2020,12,tt10229932
115,Pelicula,"Run Wolf, Run",2020,1,tt10231822
116,Pelicula,My First Summer,2020,3,tt10229982
117,Pelicula,Mrs. Serial Killer,2020,5,tt10230426
118,Pelicula,Yeh Ballet,2020,2,tt10230436
119,Pelicula,Only Human,2020,9,tt10230576
120,Pelicula,Class of 83,2020,8,tt10230422
121,Pelicula,Serious Men,2020,10,tt10230414
122,Pelicula,Matares,2020,6,tt10230290
123,Pelicula,Little Orphans,2020,5,tt10234084
124,Pelicula,"Zai jian, shao nian",2020,4,tt10234650
125,Pelicula,Kaali Khuhi,2020,10,tt10235600
126,Pelicula,The Surrogate,2020,6,tt10239320
127,Pelicula,Tahmineh,2020,8,tt10240440
128,Pelicula,Ghost,2020,2,tt10244008
129,Pelicula,I'm Your Woman,2020,12,tt10243992
130,Pelicula,Re Tang,2020,10,tt10245928
131,Pelicula,The Perfect Mistress IV: Heartbreaker,2020,1,tt10247640
132,Pelicula,Palazzo di giustizia,2020,10,tt10247750
133,Pelicula,Iz zavyazanymy ochyma,2020,12,tt10244550
134,Pelicula,Stand Still,2020,7,tt10249292
135,Pelicula,Meeting Olive & Mitchell,2020,3,tt10253764
136,Pelicula,Red Yellow Pink,2020,10,tt10254662
137,Pelicula,Noni - Le fruit de l'espoir,2020,2,tt10257496
138,Pelicula,Smecka,2020,10,tt10262712
139,Pelicula,Way to Paris,2020,,tt10262390
140,Pelicula,Light from the Tower,2020,4,tt10264340
141,Pelicula,A Stormy Night,2020,5,tt10264878
142,Pelicula,East & West,2020,7,tt10261766
143,Pelicula,Sex Spirits,2020,9,tt10265766
144,Pelicula,Big Feat,2020,8,tt10268752
145,Pelicula,Minyan,2020,2,tt10268550
146,Pelicula,Tales from the Rabbit Hole: A Curious Kitsch Novel,2020,8,tt10268654
147,Pelicula,The Father,2020,8,tt10272386
148,Pelicula,Girl Lost: A Hollywood Story,2020,12,tt10274284
149,Pelicula,8th Floor Massacre,2020,11,tt10269680
150,Pelicula,Weekend,2020,11,tt10276160
151,Pelicula,Bizim Semtin Çocuklari,2020,10,tt10278294
152,Pelicula,French Exit,2020,2,tt10279362
153,Pelicula,L'incredibile storia dell'Isola delle Rose,2020,12,tt10287954
154,Pelicula,Druk,2020,8,tt10288566
155,Pelicula,Modelar,2020,2,tt10288320
156,Pelicula,Krajina ve stínu,2020,9,tt10295074
157,Pelicula,Magic Mountains,2020,2,tt10295936
158,Pelicula,Walled Citizen,2020,7,tt10296414
159,Pelicula,Sightless,2020,1,tt10303430
160,Pelicula,Survive the Night,2020,5,tt10303324
161,Pelicula,Des hommes,2020,6,tt10307922
162,Pelicula,Force of Nature,2020,7,tt10308928
163,Pelicula,Fragile,2020,11,tt10308998
164,Pelicula,Helen,2020,9,tt10308528
165,Pelicula,The Subject,2020,6,tt10314344
166,Pelicula,Becky,2020,6,tt10314450
167,Pelicula,La leyenda negra,2020,12,tt10313748
168,Pelicula,Nothing More Perfect,2020,6,tt10324444
169,Pelicula,Le Cineaste - A Director's Journey,2020,11,tt10322544
170,Pelicula,Café Mirage,2020,10,tt10326882
171,Pelicula,Ke zai ni xindi de mingzi,2020,9,tt10329134
172,Pelicula,Gulabo Sitabo,2020,6,tt10333912
173,Pelicula,Nazarband,2020,10,tt10330110
174,Pelicula,Le bonheur des uns...,2020,9,tt10334410
175,Pelicula,An Unquiet Grave,2020,6,tt10332690
176,Pelicula,Los Angeless,2020,,tt10333778
177,Pelicula,Under My Skin,2020,10,tt10332272
178,Pelicula,Efunsetan Aniwura,2020,1,tt10337506
179,Pelicula,A Mulher sem Corpo,2020,,tt10338290
180,Pelicula,A Shadow in the Dark,2020,11,tt10339850
181,Pelicula,Hazy Little Thing,2020,6,tt10343642
182,Pelicula,Comment je suis devenu super-héros,2020,11,tt10345590
183,Pelicula,Four Good Days,2020,9,tt10344522
184,Pelicula,Boszorkányház,2020,3,tt10345858
185,Pelicula,Untitled Edward Curtis Project,2020,-,tt10349848
186,Pelicula,Gunjan Saxena: The Kargil Girl,2020,8,tt10350626
187,Pelicula,Home,2020,7,tt10353704
188,Pelicula,The Man Who Sold His Skin,2020,10,tt10360862
189,Pelicula,After We Collided,2020,10,tt10362466
190,Pelicula,Im toten Winkel,2020,3,tt10366464
191,Pelicula,Paper Tiger,2020,8,tt10365730
192,Pelicula,Victim(s),2020,6,tt10366902
193,Pelicula,Eyimofe,2020,4,tt10365870
194,Pelicula,The Windermere Children,2020,4,tt10370380
195,Pelicula,Thin Skin,2020,,tt10374618
196,Pelicula,Vores mand i Amerika,2020,8,tt10375972
197,Pelicula,Aviva,2020,4,tt10373830
198,Pelicula,Go back,2020,7,tt10376384
199,Pelicula,Cold Feet,2020,7,tt10377314
200,Pelicula,Aloha Surf Hotel,2020,11,tt10380744
201,Pelicula,Donna,2020,2,tt10383290
202,Pelicula,Lassie,2020,7,tt10384944
203,Pelicula,Livet efter döden,2020,3,tt10385556
204,Pelicula,Ar Condicionado,2020,1,tt10389922
205,Pelicula,Tu zi bao li,2020,8,tt10393440
206,Pelicula,Pool Party '15,2020,5,tt10388676
207,Pelicula,Medida Provisória,2020,,tt10395866
208,Pelicula,La vida era eso,2020,12,tt10395398
209,Pelicula,The Sound of The Wind,2020,5,tt10400198
210,Pelicula,Erotica 2022,2020,11,tt10399674
211,Pelicula,Ni héroe ni traidor,2020,3,tt10396038
212,Pelicula,Pilátus,2020,1,tt10398080
213,Pelicula,Definition Please,2020,1,tt10395748
214,Pelicula,Madison,2020,9,tt10397306
215,Pelicula,Two Paths One Road,2020,12,tt10402532
216,Pelicula,Las Furias,2020,,tt10398802
217,Pelicula,Silent Notes,2020,,tt10402482
218,Pelicula,A Christmas Hero,2020,11,tt10399114
219,Pelicula,The Shift,2020,11,tt10405760
220,Pelicula,Bedridden,2020,11,tt10410782
221,Pelicula,Zona Seyl,2020,3,tt10413882
222,Pelicula,Party Hard,2020,3,tt10414756
223,Pelicula,Bounce Back: A Story of Dance,2020,,tt10414794
224,Pelicula,Di yi lu xiang,2020,9,tt10415576
225,Pelicula,Asa ga kuru,2020,1,tt10418630
226,Pelicula,Sanguinetti,2020,3,tt10418830
227,Pelicula,Eden,2020,8,tt10429158
228,Pelicula,111 the Force,2020,5,tt10426006
229,Pelicula,Limbo,2020,2,tt10428118
230,Pelicula,I'm Not Really Here,2020,6,tt10428424
231,Pelicula,Nartai,2020,3,tt10431512
232,Pelicula,Sorido eopsi,2020,10,tt10431572
233,Pelicula,Las niñas,2020,9,tt10434142
234,Pelicula,Carmen Vidal Mujer Detective,2020,11,tt10433624
235,Pelicula,Un Domingo de Julio en Santiago,2020,,tt10436970
236,Pelicula,Biz Böyleyiz,2020,1,tt10441806
237,Pelicula,The Nowhere Inn,2020,9,tt10441822
238,Pelicula,The Life Peddler,2020,5,tt10442766
239,Pelicula,La bonne épouse,2020,6,tt10441958
240,Pelicula,Reunion,2020,7,tt10443396
241,Pelicula,She Paradise,2020,4,tt10442666
242,Pelicula,Ernesto,2020,11,tt10448528
243,Pelicula,Saturday School,2020,8,tt10448820
244,Pelicula,The 24th,2020,8,tt10452854
245,Pelicula,Nine Days,2020,1,tt10451852
246,Pelicula,She's the Eldest,2020,10,tt10452184
247,Pelicula,Uppercase Print,2020,7,tt10452766
248,Pelicula,Akash ongshoto meghla,2020,,tt10456358
249,Pelicula,Bound,2020,7,tt10457702
250,Pelicula,Été 85,2020,9,tt10457128
251,Pelicula,Present Still Perfect,2020,3,tt10456640
252,Pelicula,Horizon: Here,2020,-,tt10462734
253,Pelicula,Scorpio,2020,10,tt10461238
254,Pelicula,Podsolnukh,2020,2,tt10463488
255,Pelicula,Whirlpool,2020,9,tt10466338
256,Pelicula,Palindrome,2020,8,tt10464930
257,Pelicula,Teddy,2020,6,tt10469804
258,Pelicula,Miles Away Under the Moon,2020,,tt10473076
259,Pelicula,Crónica de una tormenta,2020,8,tt10471804
260,Pelicula,Lxs chicxs de las motitos,2020,7,tt10472290
261,Pelicula,STWFA,2020,3,tt10476500
262,Pelicula,Historias incompletas,2020,12,tt10475916
263,Pelicula,The Road to Cabazon,2020,5,tt10477300
264,Pelicula,My Sisters,2020,9,tt10477668
265,Pelicula,Kholodno,2020,3,tt10481890
266,Pelicula,Deathwell,2020,10,tt10476718
267,Pelicula,Beware of Dog,2020,1,tt10482066
268,Pelicula,Mayar Jonjal,2020,8,tt10482072
269,Pelicula,The Lion Rock,2020,1,tt10481968
270,Pelicula,The Trip to Greece,2020,5,tt10482504
271,Pelicula,The Lamp of Truth,2020,2,tt10482802
272,Pelicula,The Atlantic City Story,2020,10,tt10482336
273,Pelicula,My Parents and Me,2020,-,tt10483064
274,Pelicula,Danny. Legend. God.,2020,9,tt10484276
275,Pelicula,Opposite Direction,2020,3,tt10485538
276,Pelicula,Sage of Time,2020,8,tt10485148
277,Pelicula,König der Raben,2020,8,tt10497782
278,Pelicula,Inland,2020,10,tt10500534
279,Pelicula,Just Different,2020,10,tt10500666
280,Pelicula,Sangre,2020,12,tt10504776
281,Pelicula,Selfish Son,2020,,tt10504286
282,Pelicula,Topside,2020,9,tt10506876
283,Pelicula,Krasnyy prizrak,2020,6,tt10508258
284,Pelicula,Desterro,2020,11,tt10507176
285,Pelicula,Gold Coast Lounge,2020,1,tt10508774
286,Pelicula,Revenge Ride,2020,6,tt10510416
287,Pelicula,Silence Is Compliance,2020,1,tt10510250
288,Pelicula,Les Vieux Chums,2020,11,tt10510254
289,Pelicula,Ma Rainey's Black Bottom,2020,12,tt10514222
290,Pelicula,Like a House on Fire,2020,3,tt10514240
291,Pelicula,Central Standard,2020,1,tt10514926
292,Pelicula,Steel Rain 2,2020,7,tt10516176
293,Pelicula,Half Brothers,2020,12,tt10515926
294,Pelicula,The Invisible Man,2020,3,tt1051906
295,Pelicula,De slag om de Schelde,2020,6,tt10521092
296,Pelicula,Outside California,2020,-,tt10525194
297,Pelicula,Serebryanye konki,2020,6,tt10525672
298,Pelicula,Resemblance,2020,5,tt10524828
299,Pelicula,Nikah Yuk,2020,2,tt10530462
300,Pelicula,Queen of the Trap House,2020,12,tt10530090
301,Pelicula,Dramarama,2020,2,tt10534030
302,Pelicula,La donna dello smartphone,2020,3,tt10536144
303,Pelicula,Halkara,2020,,tt10533360
304,Pelicula,Josep,2020,9,tt10534996
305,Pelicula,The Midnight Sky,2020,12,tt10539608
306,Pelicula,Song of the Tree Frogs,2020,1,tt10540594
307,Pelicula,Ginny Weds Sunny,2020,10,tt10543680
308,Pelicula,Lifelines,2020,-,tt10549038
309,Pelicula,Muz se zajecima usima,2020,,tt10551236
310,Pelicula,Fu*king Idiots,2020,9,tt10554184
311,Pelicula,Dara iz Jasenovca,2020,9,tt10554232
312,Pelicula,Unpregnant,2020,9,tt10556022
313,Pelicula,"Berlin, Berlin",2020,5,tt10556130
314,Pelicula,Commandos: The Mission,2020,4,tt10558706
315,Pelicula,Still the Water,2020,9,tt10558990
316,Pelicula,Marcus,2020,3,tt10560062
317,Pelicula,Non-living,2020,10,tt10562658
318,Pelicula,The Racists,2020,5,tt10563380
319,Pelicula,Vikend sa caletom,2020,10,tt10566928
320,Pelicula,Oaza,2020,5,tt10577318
321,Pelicula,The Feather The Agatha Tiegel Hanson Story,2020,9,tt10578604
322,Pelicula,Desaparecer,2020,12,tt10580106
323,Pelicula,Uçurum Çiçegi,2020,4,tt10579154
324,Pelicula,Sweet Sunshine,2020,3,tt10582422
325,Pelicula,Vita,2020,12,tt10581324
326,Pelicula,Thorp,2020,10,tt10584480
327,Pelicula,Eat Wheaties!,2020,4,tt10584340
328,Pelicula,Finding My Stiletto's,2020,-,tt10584520
329,Pelicula,Dear Younger Me,2020,4,tt10585686
330,Pelicula,Profession du père,2020,7,tt10590506
331,Pelicula,Psy 3: W imie zasad,2020,1,tt10590530
332,Pelicula,South Side Sushi,2020,-,tt10589202
333,Pelicula,Mafia,2020,2,tt10594792
334,Pelicula,The Lost Recursion,2020,1,tt10594886
335,Pelicula,Wake Up: Stories from the Frontlines of Suicide Prevention,2020,6,tt10596982
336,Pelicula,We Can Be Heroes,2020,12,tt10600398
337,Pelicula,Hunting Horse,2020,-,tt10601298
338,Pelicula,Gullregn,2020,1,tt10603286
339,Pelicula,The Crossroad,2020,2,tt10608970
340,Pelicula,Ana,2020,,tt10613472
341,Pelicula,Golondrinas,2020,8,tt10610330
342,Pelicula,In the Defense Against Tyranny,2020,10,tt10607452
343,Pelicula,One Night in Miami...,2020,1,tt10612922
344,Pelicula,It Plays Like Love: Restaged Edition,2020,,tt10608990
345,Pelicula,Zaijian shaonian,2020,7,tt10610332
346,Pelicula,Seurapeli,2020,8,tt10613992
347,Pelicula,Mank,2020,12,tt10618286
348,Pelicula,La guerra a Cuba,2020,6,tt10619530
349,Pelicula,#Saraitda,2020,9,tt10620868
350,Pelicula,Influence,2020,2,tt10627710
351,Pelicula,Effacer l'historique,2020,7,tt10627352
352,Pelicula,La vita davanti a sé,2020,11,tt10627584
353,Pelicula,Hannan xia ri,2020,10,tt10629634
354,Pelicula,Minari,2020,8,tt10633456
355,Pelicula,Razilee and Elijah: Part 2,2020,9,tt10638270
356,Pelicula,Mangga Muda,2020,1,tt10640338
357,Pelicula,Contar el amor,2020,1,tt10643350
358,Pelicula,The Forty-Year-Old Version,2020,10,tt10642834
359,Pelicula,Guru-Guru Gokil,2020,8,tt10643918
360,Pelicula,Selva,2020,3,tt10640730
361,Pelicula,Toko Barang Mantan,2020,2,tt10640766
362,Pelicula,The Exocet,2020,6,tt10640174
363,Pelicula,Shylock,2020,1,tt10644282
364,Pelicula,Safety,2020,12,tt10649016
365,Pelicula,Passou,2020,8,tt10649596
366,Pelicula,Gekijo,2020,7,tt10650424
367,Pelicula,E.14,2020,9,tt10650556
368,Pelicula,Indha Nilai Maarum,2020,3,tt10650778
369,Pelicula,Dreams of Paper & Ink,2020,10,tt10655356
370,Pelicula,The Road to Freedom,2020,1,tt10654698
371,Pelicula,Between Waves,2020,8,tt10663608
372,Pelicula,The Last Shift,2020,9,tt10661180
373,Pelicula,Rest Area,2020,,tt10661768
374,Pelicula,Into the Beat - Dein Herz tanzt,2020,4,tt10662234
375,Pelicula,Duo guan,2020,9,tt10670442
376,Pelicula,The Passenger,2020,12,tt10667070
377,Pelicula,Saezuru Tori Wa Habatakanai: The Clouds Gather,2020,2,tt10675392
378,Pelicula,Mica,2020,12,tt10676134
379,Pelicula,La nuée,2020,6,tt10675724
380,Pelicula,A Queda,2020,-,tt10676276
381,Pelicula,Miracle on Highway 34,2020,12,tt10678722
382,Pelicula,Un Crack,2020,11,tt10681604
383,Pelicula,Chlap na strídacku,2020,2,tt10681656
384,Pelicula,Keman Agitlari,2020,12,tt10682112
385,Pelicula,Palasa 1978,2020,3,tt10682062
386,Pelicula,Moments in Spacetime,2020,10,tt10687102
387,Pelicula,Vriend of vijand?,2020,5,tt10690512
388,Pelicula,Ponmagal Vandhal,2020,5,tt10692888
389,Pelicula,Are We Lost Forever,2020,8,tt10691314
390,Pelicula,Anveshanam,2020,1,tt10692228
391,Pelicula,After Love,2020,6,tt10692788
392,Pelicula,Always with you,2020,3,tt10697212
393,Pelicula,Rumbo al Mar,2020,1,tt10702006
394,Pelicula,The Killing of Two Lovers,2020,5,tt10702148
395,Pelicula,Love Stage!,2020,6,tt10702938
396,Pelicula,The Trial of the Chicago 7,2020,10,tt1070874
397,Pelicula,Feel the Beat,2020,6,tt10714856
398,Pelicula,Retrato de mujer blanca con pelo cano y arrugas,2020,11,tt10719572
399,Pelicula,My Brothers' Crossing,2020,9,tt10719628
400,Pelicula,Animales Humanos,2020,7,tt10719946
401,Pelicula,The Parcel,2020,3,tt10727128
402,Pelicula,Rooftops,2020,2,tt10727656
403,Pelicula,Broken Vows,2020,2,tt10728472
404,Pelicula,Nadie Sabe Que Estoy Aquí,2020,6,tt10728764
405,Pelicula,"I love you, I swear",2020,,tt10732436
406,Pelicula,Zeitreise durch den Odenwald Teil 2 - sagenhafte Frauen im Spiegel der Zeit,2020,2,tt10731938
407,Pelicula,His,2020,1,tt10731362
408,Pelicula,Modo Avião,2020,1,tt10731748
409,Pelicula,Hayalet: 3 Yasam,2020,,tt10731100
410,Pelicula,Bawari,2020,1,tt10739070
411,Pelicula,Lost in Paradise,2020,8,tt10740582
412,Pelicula,Erna i krig,2020,10,tt10747310
413,Pelicula,Pattas,2020,1,tt10750020
414,Pelicula,Vigilante,2020,12,tt10751528
415,Pelicula,Digger,2020,6,tt9389916
416,Pelicula,Lost in Midnight,2020,,tt10758034
417,Pelicula,Wyzwanie,2020,7,tt10758146
418,Pelicula,By Days End,2020,9,tt10756652
419,Pelicula,Teenage Girl: First Wheels,2020,5,tt10756160
420,Pelicula,Jab,2020,,tt10758802
421,Pelicula,Seduction,2020,,tt10758486
422,Pelicula,Nubes grises soplan sobre el campo verde,2020,,tt10765190
423,Pelicula,El Cóndor Colombiano,2020,-,tt10766792
424,Pelicula,Blast Beat,2020,1,tt10767066
425,Pelicula,Sarileru Neekevvaru,2020,1,tt10773090
426,Pelicula,Nanti kita cerita tentang hari ini,2020,1,tt10773114
427,Pelicula,Anak Garuda,2020,1,tt10773028
428,Pelicula,Obscurity,2020,-,tt10772314
429,Pelicula,Dwitiyo Purush,2020,1,tt10778840
430,Pelicula,Bump Kowalski and the Ten Commandments,2020,4,tt10777472
431,Pelicula,"Selíni, 66 erotíseis",2020,6,tt10783504
432,Pelicula,Baphomet Mountain,2020,2,tt10793248
433,Pelicula,Rentang Kisah,2020,9,tt10795930
434,Pelicula,Dear Comrades!,2020,9,tt10796286
435,Pelicula,Padrenostro,2020,9,tt10798072
436,Pelicula,Drown the Clown,2020,6,tt10799214
437,Pelicula,Pressure Cooker,2020,2,tt10801196
438,Pelicula,IIT Krishnamurthy,2020,12,tt10801230
439,Pelicula,Love Aaj Kal Porshu,2020,2,tt10801042
440,Pelicula,The Last Weekend,2020,3,tt10808652
441,Pelicula,Let Them All Talk,2020,12,tt10808832
442,Pelicula,Agir Romantik,2020,2,tt10806028
443,Pelicula,Dignitate,2020,1,tt10816420
444,Pelicula,18 regali,2020,5,tt10816484
445,Pelicula,Take Out Girl,2020,3,tt10816000
446,Pelicula,The Band Forgettable,2020,10,tt10816464
447,Pelicula,Spore,2020,3,tt10816560
448,Pelicula,La Regola d'Oro,2020,2,tt10819076
449,Pelicula,Two Eyes,2020,8,tt10820264
450,Pelicula,Trouble Will Find Us,2020,10,tt10826116
451,Pelicula,Soosthi,2020,7,tt10827784
452,Pelicula,Friend Request,2020,1,tt10826100
453,Pelicula,Beg for Life,2020,12,tt10831958
454,Pelicula,Seda Mawathe,2020,2,tt10833594
455,Pelicula,In Your Afterglow,2020,2,tt10836742
456,Pelicula,Opération Phoenix,2020,3,tt10834518
457,Pelicula,Ektu Valobasar Janno,2020,1,tt10851218
458,Pelicula,Enfant Terrible,2020,10,tt10855798
459,Pelicula,Sayonara made no 30-bun,2020,1,tt10857048
460,Pelicula,The Dogs Didn't Sleep Last Night,2020,12,tt10861752
461,Pelicula,L'étreinte,2020,5,tt10868508
462,Pelicula,La vampira de Barcelona,2020,12,tt10873438
463,Pelicula,86 Melrose Avenue,2020,4,tt10872080
464,Pelicula,Deadly Promises,2020,7,tt10875068
465,Pelicula,Tengo Miedo Torero,2020,10,tt10879920
466,Pelicula,Do You Still Love Me?,2020,5,tt10880230
467,Pelicula,De Gaulle,2020,3,tt10880402
468,Pelicula,Sorority,2020,-,tt10883172
469,Pelicula,I Used to Go Here,2020,8,tt10887902
470,Pelicula,Lady of Guadalupe,2020,12,tt10886702
471,Pelicula,365 dni,2020,6,tt10886166
472,Pelicula,Kolej na milosc,2020,10,tt10891822
473,Pelicula,El Hombre Búfalo,2020,8,tt10893272
474,Pelicula,Blackjack: The Jackie Ryan Story,2020,10,tt10896962
475,Pelicula,Marafon zhelaniy,2020,1,tt10895828
476,Pelicula,Bábovky,2020,9,tt10897180
477,Pelicula,Joseph,2020,1,tt10901068
478,Pelicula,The Pain Behind You,2020,8,tt10902002
479,Pelicula,A'hr,2020,10,tt10909266
480,Pelicula,Threshold,2020,10,tt10909734
481,Pelicula,Mugabe,2020,6,tt10908892
482,Pelicula,The Painting,2020,3,tt10905522
483,Pelicula,Simpallag Mathond Love Story,2020,-,tt10910760
484,Pelicula,Studenac,2020,11,tt10911328
485,Pelicula,Beyond The After,2020,1,tt10910894
486,Pelicula,Angelina Call Girl,2020,6,tt10914194
487,Pelicula,Ik Sandhu Hunda Si,2020,2,tt10916120
488,Pelicula,Crímenes de familia,2020,8,tt10915060
489,Pelicula,Il legame,2020,10,tt10914452
490,Pelicula,Andhirikan,2020,2,tt10916036
491,Pelicula,Romansu dôru,2020,1,tt10914712
492,Pelicula,Bullied,2020,8,tt10917968
493,Pelicula,Bahut Hua Sammaan,2020,10,tt10916102
494,Pelicula,Love Mocktail,2020,1,tt10919132
495,Pelicula,Color of Vacancy,2020,12,tt10918984
496,Pelicula,Mr Johnson,2020,,tt10921468
497,Pelicula,The Blue Rose,2020,2,tt10922404
498,Pelicula,Mendilim Kekik Kokuyor,2020,3,tt10923534
499,Pelicula,The Ferryman,2020,8,tt10921436
500,Pelicula,Mugen ryûkyû tsuru Henrî,2021,5,tt0228802
501,Pelicula,'77,2021,5,tt0326716
502,Pelicula,Zamaanat: And Justice for All,2021,,tt0346172
503,Pelicula,Z,2021,,tt0818543
504,Pelicula,Cosmic Radio,2021,2,tt0840306
505,Pelicula,A Journal for Jordan,2021,12,tt0995854
506,Pelicula,Kelti,2021,12,tt10003618
507,Pelicula,Preman,2021,4,tt10011002
508,Pelicula,The Little Things,2021,1,tt10016180
509,Pelicula,The Humans,2021,11,tt10023286
510,Pelicula,Everything I Ever Wanted to Tell My Daughter About Men,2021,10,tt10022782
511,Pelicula,Pure White,2021,6,tt10032574
512,Pelicula,Cosas imposibles,2021,6,tt10032342
513,Pelicula,Fear of Rain,2021,2,tt10037014
514,Pelicula,Promises,2021,11,tt10042788
515,Pelicula,"Virgen de San Juan, cuatro siglos de milagros",2021,2,tt10038660
516,Pelicula,Sans soleil,2021,10,tt10051000
517,Pelicula,Famous,2021,12,tt10054778
518,Pelicula,Sombra,2021,10,tt10062628
519,Pelicula,Earwig,2021,9,tt10062338
520,Pelicula,Bhuj: The Pride of India,2021,8,tt10062556
521,Pelicula,Let Me Be Frank,2021,9,tt10068716
522,Pelicula,Il materiale emotivo,2021,10,tt10072662
523,Pelicula,Twist,2021,6,tt10077034
524,Pelicula,Ba yue wei yang,2021,4,tt10080086
525,Pelicula,The Wasteland of Education,2021,10,tt10079796
526,Pelicula,Bole Chudiyan,2021,,tt10083868
527,Pelicula,Nomad,2021,,tt10084832
528,Pelicula,Ouistreham,2021,5,tt10088984
529,Pelicula,The Tragedy of Macbeth,2021,12,tt10095582
530,Pelicula,Mi mi fang ke,2021,5,tt10097384
531,Pelicula,Animals,2021,10,tt10098452
532,Pelicula,Range Roads,2021,12,tt10102080
533,Pelicula,Lavinya,2021,,tt10108062
534,Pelicula,The Diary: An Untold Story,2021,,tt10115874
535,Pelicula,Paul Keller - Stille im Schrei,2021,9,tt10121222
536,Pelicula,Reflection,2021,5,tt10127464
537,Pelicula,The Exchange,2021,7,tt10126040
538,Pelicula,Perspectiva,2021,12,tt10127964
539,Pelicula,Wish You Were Here,2021,4,tt10151074
540,Pelicula,Thalaivi,2021,9,tt10152736
541,Pelicula,Alia's Birth,2021,8,tt10156216
542,Pelicula,Love Songs Weren't Meant to Make You Cry,2021,9,tt10161612
543,Pelicula,Vera andrron detin,2021,9,tt10166880
544,Pelicula,Moloko ptitsy,2021,11,tt10171848
545,Pelicula,A Boy Called Christmas,2021,11,tt10187208
546,Pelicula,My True Fairytale,2021,3,tt10192704
547,Pelicula,Eugénie Grandet,2021,9,tt10196108
548,Pelicula,Highway 1,2021,11,tt10195722
549,Pelicula,Woman in Car,2021,3,tt10197632
550,Pelicula,Black Parthenope,2021,6,tt10198698
551,Pelicula,Así Te Vas a Despedir,2021,11,tt10217402
552,Pelicula,Madison Baker Was Here,2021,11,tt10221732
553,Pelicula,Knockout Girls,2021,8,tt10223850
554,Pelicula,The Tenth Lodge,2021,1,tt10223100
555,Pelicula,Birdie,2021,4,tt10229068
556,Pelicula,Recital,2021,12,tt10229984
557,Pelicula,Beckett,2021,8,tt10230994
558,Pelicula,Buran,2021,12,tt10232096
559,Pelicula,Triangle Love,2021,1,tt10230400
560,Pelicula,Three Legged Horse,2021,,tt10241130
561,Pelicula,The Perfect Mistress V: Happy Ending,2021,9,tt10247646
562,Pelicula,Nobel Peace,2021,10,tt10262112
563,Pelicula,Land,2021,6,tt10265034
564,Pelicula,Hytti nro 6,2021,1,tt10262648
565,Pelicula,"Lucia, Lucia",2021,5,tt10265764
566,Pelicula,Not a Slave,2021,3,tt10268316
567,Pelicula,¿Qué hicimos mal?,2021,11,tt10271638
568,Pelicula,Dusty to Meet Rusty,2021,12,tt10270250
569,Pelicula,Aelay,2021,2,tt10275546
570,Pelicula,Sardar Udham,2021,10,tt10280296
571,Pelicula,La señora no está,2021,12,tt10285624
572,Pelicula,Spring,2021,8,tt10287908
573,Pelicula,Il cattivo poeta,2021,5,tt10290352
574,Pelicula,The Power of the Dog,2021,11,tt10293406
575,Pelicula,Shershaah,2021,8,tt10295212
576,Pelicula,La Flamme Rouge,2021,11,tt10298870
577,Pelicula,Laabam,2021,9,tt10300450
578,Pelicula,Kadaisi Vivasayi,2021,2,tt10300570
579,Pelicula,The Hostage,2021,3,tt10303994
580,Pelicula,Madame Claude,2021,4,tt10307724
581,Pelicula,An Intrusion,2021,9,tt10308502
582,Pelicula,True Things,2021,3,tt10310074
583,Pelicula,Okul Tirasi,2021,10,tt10311018
584,Pelicula,Chehre,2021,8,tt10309902
585,Pelicula,Esther & Maude,2021,10,tt10313738
586,Pelicula,Heart of Champions,2021,10,tt10314548
587,Pelicula,Reunion of Champions,2021,6,tt10318096
588,Pelicula,Soul Eclipse,2021,3,tt10327130
589,Pelicula,Después de Ti,2021,4,tt10329022
590,Pelicula,Bliss,2021,2,tt10333426
591,Pelicula,Boîte noire,2021,9,tt10341034
592,Pelicula,Dougley,2021,,tt10337974
593,Pelicula,Best Sellers,2021,10,tt10339052
594,Pelicula,Tales of the Natchez Trace,2021,10,tt10342492
595,Pelicula,Spiral: From the Book of Saw,2021,6,tt10342730
596,Pelicula,Narco Sub,2021,2,tt10342228
597,Pelicula,La scuola cattolica,2021,10,tt10345782
598,Pelicula,A Biography of Great Proportions,2021,5,tt10344404
599,Pelicula,Things Worth Weeping For,2021,9,tt10360860
600,Pelicula,Mijn beste vriendin Anne Frank,2021,9,tt10360772
601,Pelicula,CODA,2021,8,tt10366460
602,Pelicula,Red Sandra,2021,9,tt10367074
603,Pelicula,The Exorcism of God,2021,10,tt10362566
604,Pelicula,Noche de fuego,2021,9,tt10366574
605,Pelicula,Eiffel,2021,10,tt10366514
606,Pelicula,Below the Fold,2021,11,tt10368680
607,Pelicula,The Worst Person in the World,2021,2,tt10370710
608,Pelicula,Blindsided,2021,4,tt10375916
609,Pelicula,Inni ludzie,2021,3,tt10376078
610,Pelicula,Clodagh,2021,,tt10375112
611,Pelicula,Love Bug,2021,3,tt10373728
612,Pelicula,Petite Solange,2021,2,tt10376800
613,Pelicula,Petrov's Flu,2021,1,tt10380900
614,Pelicula,Silent River,2021,9,tt10384534
615,Pelicula,The War Below,2021,9,tt10381014
616,Pelicula,General Admission,2021,4,tt10386790
617,Pelicula,Tunnel To The Inferno,2021,11,tt10394176
618,Pelicula,Karmalink,2021,9,tt10396450
619,Pelicula,The Great Traveller,2021,6,tt10396036
620,Pelicula,I Am Zlatan,2021,1,tt10400028
621,Pelicula,The Truth Has Changed,2021,3,tt10402840
622,Pelicula,You Are Not My Mother,2021,3,tt10406596
623,Pelicula,Man Under Table,2021,2,tt10409102
624,Pelicula,Hope's Legacy,2021,1,tt10413092
625,Pelicula,American Cherry,2021,11,tt10414276
626,Pelicula,Hasadék,2021,9,tt10415684
627,Pelicula,Awake,2021,6,tt10418662
628,Pelicula,The Raven and the Rowan Tree,2021,,tt10430030
629,Pelicula,Untitled Walking Distance Horror Project,2021,-,tt10431556
630,Pelicula,Road of Dreams,2021,1,tt10427830
631,Pelicula,We Burn Like This,2021,4,tt10426580
632,Pelicula,Rushed,2021,8,tt10430850
633,Pelicula,The Bertelli's,2021,9,tt10431414
634,Pelicula,La ruche,2021,10,tt10438512
635,Pelicula,A Mesma Parte de Um Homem,2021,1,tt10441878
636,Pelicula,Pompano Boy,2021,10,tt10447368
637,Pelicula,West Michigan,2021,4,tt10448124
638,Pelicula,Sometime Other Than Now,2021,3,tt10448458
639,Pelicula,My Fiona,2021,11,tt10457168
640,Pelicula,Shouting Silence,2021,9,tt10463270
641,Pelicula,The Coffin Bound Kings,2021,3,tt10473008
642,Pelicula,Rabia and Olivia,2021,9,tt10481990
643,Pelicula,Implosion,2021,3,tt10482032
644,Pelicula,Cousins,2021,3,tt10483044
645,Pelicula,Time Now,2021,10,tt10482844
646,Pelicula,Wanton Want,2021,9,tt10487696
647,Pelicula,Basenji,2021,,tt10504992
648,Pelicula,Illusions perdues,2021,10,tt10505316
649,Pelicula,The Ghosts of Borley Rectory,2021,10,tt10503736
650,Pelicula,Sing to Me Sylvie,2021,10,tt10508446
651,Pelicula,Unsilenced,2021,1,tt10514056
652,Pelicula,School's Out Forever,2021,2,tt10510280
653,Pelicula,Furioza,2021,10,tt10515864
654,Pelicula,Between Forever,2021,6,tt10521244
655,Pelicula,The Sleeping Negro,2021,2,tt10520754
656,Pelicula,Lullaby,2021,4,tt10524876
657,Pelicula,Räuberhände,2021,9,tt10526266
658,Pelicula,#Home,2021,8,tt10534500
659,Pelicula,The Forbidden Wish,2021,4,tt10544978
660,Pelicula,Aliya Basu Gayab Hai,2021,,tt10545214
661,Pelicula,El camino de Sol,2021,11,tt10544328
662,Pelicula,Adieu Monsieur Haffmann,2021,1,tt10545704
663,Pelicula,The Dark Side Of Opulent III,2021,8,tt10549980
664,Pelicula,All Aboard,2021,,tt10555608
665,Pelicula,Who is Sleeping in Silver Grey,2021,11,tt10556756
666,Pelicula,Bhasadbaaz,2021,2,tt10560338
667,Pelicula,Sami,2021,10,tt10569656
668,Pelicula,Koko,2021,2,tt10573984
669,Pelicula,Jekyll and Hyde Retold,2021,7,tt10574244
670,Pelicula,Collection,2021,9,tt10572658
671,Pelicula,Libertad,2021,11,tt10589738
672,Pelicula,Lost in Paradise,2021,9,tt10595006
673,Pelicula,Sodo Express,2021,6,tt10592842
674,Pelicula,Le Prince,2021,9,tt10603372
675,Pelicula,A Menina que Matou os Pais,2021,9,tt10605812
676,Pelicula,The Horrible Hunters,2021,12,tt10607372
677,Pelicula,Maskhara,2021,12,tt10608854
678,Pelicula,A Spark in Nothing,2021,8,tt10612362
679,Pelicula,It's What's On the Inside,2021,4,tt10616984
680,Pelicula,Once Upon a Lifetime,2021,12,tt10617192
681,Pelicula,Jhimma,2021,11,tt10622972
682,Pelicula,Addict Named Hal,2021,4,tt10618682
683,Pelicula,Life Ain't Like the Movies,2021,11,tt10627530
684,Pelicula,El Blanco,2021,10,tt10627274
685,Pelicula,Nudo mixteco,2021,6,tt10632226
686,Pelicula,Gekijouban Bishoujo Senshi Sailor Moon Eternal,2021,1,tt10635042
687,Pelicula,Making Sense,2021,4,tt10636130
688,Pelicula,Dead & Beautiful,2021,10,tt10639214
689,Pelicula,Lone Wolf,2021,9,tt10644372
690,Pelicula,The Peasants,2021,,tt10651230
691,Pelicula,Undertaker,2021,7,tt10652948
692,Pelicula,Moras biti ziv da bi umro,2021,1,tt10656034
693,Pelicula,Gun and a Hotel Bible,2021,1,tt10661500
694,Pelicula,The Last Darling Bulgaria,2021,5,tt10661100
695,Pelicula,Jagame Thandhiram,2021,6,tt10661848
696,Pelicula,Born a Champion,2021,1,tt10661710
697,Pelicula,Angrej Putt,2021,4,tt10671328
698,Pelicula,Acting: The First Six Lessons,2021,9,tt10669868
699,Pelicula,Paranormal Investigators,2021,,tt10670754
700,Pelicula,To All the Boys: Always and Forever,2021,2,tt10676012
701,Pelicula,Ashley Jones Is Perfectly Normal,2021,11,tt10674614
702,Pelicula,Our River...Our Sky,2021,8,tt10676126
703,Pelicula,Petya na moyata Petya,2021,3,tt10682414
704,Pelicula,Mandela,2021,4,tt10687070
705,Pelicula,Asbury Park,2021,11,tt10687016
706,Pelicula,Too Unexpected,2021,4,tt10686506
707,Pelicula,The Electrical Life of Louis Wain,2021,12,tt10687506
708,Pelicula,Because We Are,2021,8,tt10692368
709,Pelicula,Aftermath,2021,8,tt10691162
710,Pelicula,Stillwater,2021,8,tt10696896
711,Pelicula,The Harder They Fall,2021,11,tt10696784
712,Pelicula,Wolf,2021,9,tt10698174
713,Pelicula,The Human Solution,2021,1,tt10697680
714,Pelicula,For Your Own Sake,2021,8,tt10714348
715,Pelicula,Stars Fell on Alabama,2021,4,tt10712928
716,Pelicula,Venus,2021,,tt10719596
717,Pelicula,Ninety Sunsets,2021,5,tt10726148
718,Pelicula,Songs for a Sloth,2021,6,tt10728214
719,Pelicula,Sweet Girl,2021,8,tt10731768
720,Pelicula,Breed,2021,9,tt10731688
721,Pelicula,Europa,2021,9,tt10732462
722,Pelicula,Tall Poppies,2021,-,tt10735354
723,Pelicula,Toxikoma,2021,9,tt10735686
724,Pelicula,The Feast,2021,4,tt10738906
725,Pelicula,The Pond,2021,2,tt10739160
726,Pelicula,Délicieux,2021,6,tt10738536
727,Pelicula,Satyameva Jayate 2,2021,11,tt10739666
728,Pelicula,Dünyanin sonunun geldigi gün,2021,1,tt10738004
729,Pelicula,Sherni,2021,6,tt10741542
730,Pelicula,Nasty Women,2021,,tt10741708
731,Pelicula,The Woodsman,2021,,tt10749934
732,Pelicula,Pardoned by Grace,2021,,tt10751150
733,Pelicula,Alone Together,2021,,tt10753760
734,Pelicula,Jamun,2021,1,tt10755608
735,Pelicula,Chyby,2021,7,tt10757922
736,Pelicula,Midsummer Night's Scheme,2021,,tt10758868
737,Pelicula,A Fear of Moving Forward,2021,,tt10759042
738,Pelicula,Tadap,2021,12,tt10761694
739,Pelicula,C Section,2021,12,tt10765448
740,Pelicula,Night Teeth,2021,10,tt10763820
741,Pelicula,We Are Living Things,2021,9,tt10771312
742,Pelicula,The Pebble and the Boy,2021,8,tt10773626
743,Pelicula,My Dead Dad,2021,,tt10773194
744,Pelicula,Supereroi,2021,12,tt10791152
745,Pelicula,Caged Birds,2021,11,tt10793984
746,Pelicula,Y+,2021,10,tt10791784
747,Pelicula,Memoirs of a Fighter,2021,,tt10794866
748,Pelicula,Streamline,2021,9,tt10801496
749,Pelicula,Playing the Crease,2021,9,tt10800070
750,Pelicula,Gender Crisis,2021,9,tt10801458
751,Pelicula,Option C,2021,-,tt10805146
752,Pelicula,Vex,2021,6,tt10805906
753,Pelicula,Olympic Dream,2021,9,tt10810640
754,Pelicula,Ranah 3 Warna,2021,,tt10816448
755,Pelicula,Soul of a Beast,2021,8,tt10825610
756,Pelicula,Cross Lives,2021,7,tt10825786
757,Pelicula,Swan Song,2021,5,tt10832274
758,Pelicula,Patchwork,2021,8,tt10827792
759,Pelicula,Disfluency,2021,10,tt10826774
760,Pelicula,Bengal Diaries,2021,,tt10834108
761,Pelicula,Tsoy zhiv,2021,,tt10834736
762,Pelicula,Shadows,2021,6,tt10838610
763,Pelicula,Another Girl,2021,9,tt10840042
764,Pelicula,A Good Morning,2021,12,tt10845680
765,Pelicula,We All Think We're Special,2021,5,tt10849722
766,Pelicula,Elijah: Part 3,2021,10,tt10850200
767,Pelicula,Ming tian hui hao de,2021,4,tt10850034
768,Pelicula,Jeene Ki Umeed Tumse Hi,2021,3,tt10851100
769,Pelicula,Maria Chapdelaine,2021,9,tt10856166
770,Pelicula,Walking Over Water,2021,5,tt10866220
771,Pelicula,Samapti,2021,6,tt10867178
772,Pelicula,Trümmermädchen,2021,10,tt10869766
773,Pelicula,The Influencer,2021,9,tt10868922
774,Pelicula,Ninna Sanihake,2021,10,tt10873536
775,Pelicula,Detrás de la Lluvia,2021,,tt10873988
776,Pelicula,Cornered,2021,3,tt10883194
777,Pelicula,Bhoomi,2021,1,tt10893170
778,Pelicula,Mimi,2021,7,tt10895576
779,Pelicula,Rashmi Rocket,2021,10,tt10895556
780,Pelicula,Boogie,2021,3,tt10896398
781,Pelicula,Tusind Timer,2021,10,tt10912628
782,Pelicula,Good Grief It's Friday,2021,5,tt10916458
783,Pelicula,A State of Mind,2021,7,tt10913160
784,Pelicula,Life Goes On,2021,,tt10917344
785,Pelicula,Sweetheart,2021,9,tt10919362
786,Pelicula,Before El Finâ,2021,,tt10920562
787,Pelicula,Evan Wood,2021,3,tt10919258
788,Pelicula,Poslije zime,2021,10,tt10919184
789,Pelicula,Malik,2021,7,tt10919240
790,Pelicula,A Mouthful of Air,2021,11,tt10925852
791,Pelicula,Tako da ne ostane ziva,2021,1,tt10928612
792,Pelicula,Rickshawala,2021,6,tt10927784
793,Pelicula,Juzni vetar 2: Ubrzanje,2021,11,tt10934196
794,Pelicula,MELANCOLíA,2021,10,tt10932638
795,Pelicula,Sands of Arena,2021,,tt10934920
796,Pelicula,L'angelo dei muri,2021,,tt10936700
797,Pelicula,Bryn Gets a Life,2021,6,tt10935152
798,Pelicula,Lo que sabemos,2021,11,tt10943248
799,Pelicula,Titane,2021,8,tt10944760
800,Pelicula,Here Today,2021,12,tt10944596
801,Pelicula,Les meilleures,2021,8,tt10945316
802,Pelicula,Wo de shao nian shi dai,2021,,tt10944256
803,Pelicula,Ils sont vivants,2021,2,tt10945158
804,Pelicula,Mystère,2021,12,tt10945274
805,Pelicula,Just Noise,2021,3,tt10951288
806,Pelicula,Tak nazyvaemaya lyubov. Krasnoe,2021,7,tt10953022
807,Pelicula,Mía y Moi,2021,5,tt10951504
808,Pelicula,Arthur Rambo,2021,2,tt10951972
809,Pelicula,Time to Close,2021,,tt10954696
810,Pelicula,Smierc Zygielbojma,2021,11,tt10955020
811,Pelicula,Old,2021,7,tt10954652
812,Pelicula,E noi come stronzi rimanemmo a guardare,2021,10,tt10960102
813,Pelicula,Abalamban,2021,9,tt10959824
814,Pelicula,Landlocked,2021,3,tt10963118
815,Pelicula,Things Heard & Seen,2021,4,tt10962368
816,Pelicula,The Big Rant,2021,9,tt10962838
817,Pelicula,Cette musique ne joue pour personne,2021,12,tt10965976
818,Pelicula,Bruno Reidal,2021,3,tt10965850
819,Pelicula,Netrikann,2021,8,tt10973118
820,Pelicula,O Menino que Matou Meus Pais,2021,9,tt10975604
821,Pelicula,Mrugtrushna,2021,6,tt10981076
822,Pelicula,Poison,2021,,tt10980604
823,Pelicula,Sreekaram,2021,3,tt10981304
824,Pelicula,Martanské lode,2021,8,tt10982378
825,Pelicula,Yesterday Is Gone,2021,,tt10986262
826,Pelicula,C'mon C'mon,2021,2,tt10986222
827,Pelicula,Tamera Hill's The Matchmaker,2021,11,tt10990248
828,Pelicula,Saint Cecilia of Spiralence,2021,8,tt10994518
829,Pelicula,One Night in the Heartland,2021,,tt11006110
830,Pelicula,Pig,2021,10,tt11003218
831,Pelicula,The Curse of Professor Zardonicus,2021,12,tt11004566
832,Pelicula,Ivie wie Ivie,2021,9,tt11006636
833,Pelicula,La terra dei figli,2021,7,tt11009596
834,Pelicula,Isthmus,2021,,tt11009646
835,Pelicula,Bia Mais Um,2021,10,tt11009876
836,Pelicula,Il buco,2021,9,tt11012320
837,Pelicula,Dune Dreams,2021,6,tt11018038
838,Pelicula,Football,2021,2,tt11018062
839,Pelicula,Penalty for Revenge,2021,12,tt11018614
840,Pelicula,"The Spectacular Spider-Man Trilogy (Responsibility, Repute and Requiem)",2021,5,tt11022238
841,Pelicula,Kushka,2021,2,tt11023826
842,Pelicula,Puaada,2021,8,tt11024528
843,Pelicula,Bardo,2021,,tt11024096
844,Pelicula,Brahm,2021,1,tt11024260
845,Pelicula,Rang De,2021,3,tt11024580
846,Pelicula,Mourir la paix,2021,5,tt11026634
847,Pelicula,Haseen Dillruba,2021,7,tt11027830
848,Pelicula,Outside,2021,1,tt11027836
849,Pelicula,Nebesa,2021,11,tt11034276
850,Pelicula,The Justice of Bunny King,2021,6,tt11041106
851,Pelicula,Toofaan,2021,7,tt11045422
852,Pelicula,The Taste of You,2021,,tt11049364
853,Pelicula,Les oiseaux ivres,2021,9,tt11051898
854,Pelicula,Los Angeles,2021,11,tt11057572
855,Pelicula,Untitled Ground Breaking Feature,2021,-,tt11056746
856,Pelicula,El Rey de la Fiesta,2021,4,tt11062632
857,Pelicula,Miles Away,2021,5,tt11063166
858,Pelicula,Aangal Jaakirathai,2021,2,tt11064518
859,Pelicula,Plavi cvijet,2021,4,tt11065278
860,Pelicula,Barah by Barah,2021,2,tt11067726
861,Pelicula,A Hard Problem,2021,3,tt11080042
862,Pelicula,Collision Course,2021,2,tt11083442
863,Pelicula,Destrucción Total de la Existencia,2021,,tt11082690
864,Pelicula,Dante's Heaven,2021,12,tt11082146
865,Pelicula,Nebenan,2021,7,tt11080676
866,Pelicula,Un monde,2021,11,tt11087960
867,Pelicula,De son vivant,2021,3,tt11093266
868,Pelicula,Rendir los machos,2021,11,tt11096382
869,Pelicula,Nije lose biti covek,2021,12,tt11098054
870,Pelicula,Tribhanga,2021,1,tt11102314
871,Pelicula,Plantados,2021,3,tt11101622
872,Pelicula,O Novelo,2021,,tt11106034
873,Pelicula,The Bewailing,2021,7,tt11105376
874,Pelicula,Broken Keys,2021,,tt11105790
875,Pelicula,À l'ombre des hommes de sa vie,2021,,tt11107884
876,Pelicula,They/Them/Us,2021,2,tt11115706
877,Pelicula,Blue Bayou,2021,11,tt11121664
878,Pelicula,Swans,2021,11,tt11122172
879,Pelicula,I Don't Wanna Dance,2021,6,tt11128342
880,Pelicula,Boiling Point,2021,1,tt11127680
881,Pelicula,Everything in the End,2021,3,tt11131918
882,Pelicula,Well Done Baby,2021,4,tt11131988
883,Pelicula,Fino ad essere felici,2021,11,tt11131638
884,Pelicula,The Novice,2021,12,tt11131464
885,Pelicula,YOUTH TOPIA,2021,,tt11132688
886,Pelicula,Azor,2021,9,tt11136276
887,Pelicula,Pagglait,2021,3,tt11142762
888,Pelicula,Sarbath,2021,4,tt11143434
889,Pelicula,Kasada Thapara,2021,8,tt11143480
890,Pelicula,Kombu Vatcha Singamda,2021,,tt11143444
891,Pelicula,Broadcast Signal Intrusion,2021,10,tt11151336
892,Pelicula,Governance,2021,4,tt11152422
893,Pelicula,The Ravine,2021,4,tt11155912
894,Pelicula,Fly,2021,10,tt11155784
895,Pelicula,Angel Mountain,2021,8,tt11157998
896,Pelicula,On the Count of Three,2021,1,tt11160650
897,Pelicula,Orangutan,2021,2,tt11160882
898,Pelicula,Apocalypse A-Go-Go,2021,7,tt11160638
899,Pelicula,The Drover's Wife,2021,10,tt11162490
900,Pelicula,North Hollywood,2021,5,tt11165716
901,Pelicula,She Watches from the Woods,2021,6,tt11166750
902,Pelicula,Matriarch,2021,,tt11166250
903,Pelicula,De l'autre côté du mur,2021,1,tt11167416
904,Pelicula,The Winter House,2021,9,tt11170742
905,Pelicula,Yaar Anmulle Returns,2021,9,tt11173116
906,Pelicula,Qismat 2,2021,9,tt11173160
907,Pelicula,The Final Code,2021,7,tt11175990
908,Pelicula,Poser,2021,6,tt11175956
909,Pelicula,All Who Loved Her,2021,6,tt11177158
910,Pelicula,Soul Pursuit,2021,9,tt11182846
911,Pelicula,Smagen af sult,2021,6,tt11188560
912,Pelicula,Nobody Has to Know,2021,5,tt11188010
913,Pelicula,Red,2021,1,tt11191344
914,Pelicula,Bitter Taste of Ginger,2021,9,tt11197464
915,Pelicula,The Card Counter,2021,2,tt11196036
916,Pelicula,Bu Lao Qi Shi,2021,11,tt11193838
917,Pelicula,Pagten,2021,8,tt11204060
918,Pelicula,The Test,2021,,tt11204492
919,Pelicula,10 Songs for Charity,2021,10,tt11210498
920,Pelicula,Azizler,2021,1,tt11213372
921,Pelicula,The Gardener,2021,12,tt11217036
922,Pelicula,Sardar Ka Grandson,2021,5,tt11213600
923,Pelicula,House of Gucci,2021,11,tt11214590
924,Pelicula,A1 Express,2021,3,tt11214972
925,Pelicula,Hanataba mitaina koi wo shita,2021,1,tt11219254
926,Pelicula,When the Sky Fell,2021,5,tt11233506
927,Pelicula,The Voyeurs,2021,9,tt11235772
928,Pelicula,Tel Aviv,2021,,tt11234550
929,Pelicula,The Unforgivable,2021,12,tt11233960
930,Pelicula,Peace by Chocolate,2021,9,tt11236228
931,Pelicula,Zahorí,2021,8,tt11238150
932,Pelicula,Superhero,2021,5,tt11242558
933,Pelicula,COVID-21: Lethal Virus,2021,1,tt11246434
934,Pelicula,Annaatthe,2021,11,tt11253090
935,Pelicula,One,2021,3,tt11250720
936,Pelicula,The Christmas Dance,2021,7,tt11260886
937,Pelicula,Daughters of Abdul-Rahman,2021,11,tt11258572
938,Pelicula,Min Søster,2021,10,tt11263280
939,Pelicula,Khape,2021,5,tt11263692
940,Pelicula,Huaquero,2021,8,tt11261924
941,Pelicula,The Undead,2021,,tt11268940
942,Pelicula,The Ultimate Playlist of Noise,2021,1,tt11268742
943,Pelicula,Licorice Pizza,2021,1,tt11271038
944,Pelicula,The Spider,2021,,tt11273058
945,Pelicula,Unknown Dimension: The Story of Paranormal Activity,2021,10,tt11272066
946,Pelicula,Mayday,2021,10,tt11271800
947,Pelicula,Ali & the Queens,2021,6,tt11271990
948,Pelicula,S.H.E.,2021,10,tt11275008
949,Pelicula,Prolecna pesma,2021,5,tt11280952
950,Pelicula,Makudi,2021,10,tt11280968
951,Pelicula,South of Heaven,2021,10,tt11284502
952,Pelicula,Don't Look Up,2021,12,tt11286314
953,Pelicula,Scara,2021,7,tt11289168
954,Pelicula,Good Luck Jatta,2021,,tt11287830
955,Pelicula,Out of the Blue,2021,8,tt11291314
956,Pelicula,Lo invisible,2021,9,tt11294544
957,Pelicula,The Music Island,2021,6,tt11295422
958,Pelicula,Who Am I Now?,2021,7,tt11300738
959,Pelicula,Downeast,2021,7,tt11296142
960,Pelicula,Ellam Sheriyakum,2021,11,tt11295974
961,Pelicula,Drop,2021,,tt11305710
962,Pelicula,Red Dot,2021,2,tt11307814
963,Pelicula,En attendant Bojangles,2021,1,tt11310608
964,Pelicula,Kapatadhaari,2021,2,tt11306488
965,Pelicula,John and the Hole,2021,8,tt11307724
966,Pelicula,This Game's Called Murder,2021,12,tt11311754
967,Pelicula,Madeleine Collins,2021,12,tt11310670
968,Pelicula,Layla Majnun,2021,2,tt11313944
969,Pelicula,Cómo mueren las reinas,2021,8,tt11318086
970,Pelicula,Qi pao,2021,6,tt11317408
971,Pelicula,Trees of Peace,2021,4,tt11316680
972,Pelicula,L'amore non si sa,2021,8,tt11318466
973,Pelicula,Kids of the Night,2021,7,tt11317634
974,Pelicula,People We Know Are Confused,2021,3,tt11318032
975,Pelicula,Final Exam,2021,3,tt11319188
976,Pelicula,Evadra Hero,2021,11,tt11323060
977,Pelicula,Melobba Maayaavi,2021,,tt11322960
978,Pelicula,Santa,2021,2,tt11325880
979,Pelicula,Drive All Night,2021,3,tt11328534
980,Pelicula,Memoirs of a Snitch,2021,2,tt11328126
981,Pelicula,The Road Dance,2021,8,tt11332484
982,Pelicula,The Window,2021,,tt11329846
983,Pelicula,Estación Catorce,2021,10,tt11337654
984,Pelicula,De bas étage,2021,8,tt11338144
985,Pelicula,Aparajitha Ayodhya,2021,,tt11340650
986,Pelicula,Black & White Christmas Movie,2021,11,tt11344704
987,Pelicula,Agnes,2021,12,tt11348542
988,Pelicula,MMOF,2021,2,tt11354726
989,Pelicula,Second Chances,2021,,tt11354356
990,Pelicula,Kaanbhatt,2021,2,tt11355358
991,Pelicula,Bangaru Bullodu,2021,1,tt11355340
992,Pelicula,Jail,2021,12,tt11355212
993,Pelicula,Irregular,2021,11,tt11355836
994,Pelicula,Strictly for the Birds,2021,4,tt11357606
995,Pelicula,El apego,2021,7,tt11359158
996,Pelicula,El Comediante,2021,1,tt11363540
997,Pelicula,Kabza,2021,,tt11364772
998,Pelicula,Nightingale: A Melody of Life,2021,5,tt11368424
999,Pelicula,Bawri Chhori,2021,2,tt11368252
1000,Pelicula,Milli Vanilli,2022,,tt0965381
1001,Pelicula,Laal Singh Chaddha,2022,8,tt10028196
1002,Pelicula,Darkling,2022,4,tt10047904
1003,Pelicula,Charlie Hustle,2022,,tt10049720
1004,Pelicula,The Reunion,2022,1,tt10064134
1005,Pelicula,Gangubai Kathiawadi,2022,,tt10083340
1006,Pelicula,Pastor's Wife,2022,,tt10092362
1007,Pelicula,Satria Dewa: Gatotkaca,2022,6,tt10090058
1008,Pelicula,Elvis,2022,6,tt3704428
1009,Pelicula,Fate of the Night,2022,7,tt10141678
1010,Pelicula,Ojai,2022,,tt10146532
1011,Pelicula,The Four Fathers,2022,,tt10150354
1012,Pelicula,Vie Feroce,2022,,tt10156158
1013,Pelicula,Im Westen nichts Neues,2022,10,tt1016150
1014,Pelicula,Hello Jindagi,2022,4,tt10188844
1015,Pelicula,Causeway,2022,11,tt10192406
1016,Pelicula,Immenhof - La grande promessa,2022,5,tt10250868
1017,Pelicula,Rat Park,2022,,tt10271696
1018,Pelicula,La voluntaria,2022,6,tt10270204
1019,Pelicula,The Island of Forgiveness,2022,,tt10278448
1020,Pelicula,Lightyear,2022,6,tt10298810
1021,Pelicula,Amsterdam,2022,10,tt10304142
1022,Pelicula,Untitled Disney Live Action Project,2022,10,tt10304140
1023,Pelicula,Levi Roots,2022,,tt10321490
1024,Pelicula,The Contractor,2022,4,tt10323676
1025,Pelicula,Paki,2022,,tt10332372
1026,Pelicula,Etharkkum Thuninthavan,2022,3,tt10340562
1027,Pelicula,Slugger O'Toole,2022,3,tt10345880
1028,Pelicula,Stars at Noon,2022,10,tt10354106
1029,Pelicula,Loren & Rose,2022,10,tt10358566
1030,Pelicula,La vaca que cantó una canción hacia el futuro,2022,1,tt10360808
1031,Pelicula,Fisherman's Friends: One and All,2022,11,tt10373344
1032,Pelicula,Pada,2022,3,tt10375094
1033,Pelicula,Hallowtide,2022,4,tt10379142
1034,Pelicula,La piel ajena,2022,,tt10387560
1035,Pelicula,Jayeshbhai Jordaar,2022,5,tt10393870
1036,Pelicula,A life like any other,2022,10,tt10399628
1037,Pelicula,Piggy,2022,10,tt10399608
1038,Pelicula,Django/Zorro,2022,-,tt10433602
1039,Pelicula,Aylan Baby,2022,3,tt10449310
1040,Pelicula,Evil in Plain Sight,2022,10,tt10469740
1041,Pelicula,The Year of the Soul,2022,9,tt10478422
1042,Pelicula,Blasé L.A.,2022,11,tt10510256
1043,Pelicula,North Central,2022,12,tt10512248
1044,Pelicula,Hoodie,2022,,tt10514104
1045,Pelicula,Padavettu,2022,11,tt10518176
1046,Pelicula,On Sacred Ground,2022,,tt10535522
1047,Pelicula,Maigret,2022,2,tt10545696
1048,Pelicula,Mind-Set,2022,4,tt10588504
1049,Pelicula,Veyil,2022,2,tt10608624
1050,Pelicula,Divine Telepathy,2022,-,tt10620070
1051,Pelicula,Babylon,2022,1,tt10640346
1052,Pelicula,Side Effects,2022,,tt10648938
1053,Pelicula,Hometown: Sins of the Fathers,2022,,tt10669918
1054,Pelicula,Campo de Sangue,2022,6,tt10674504
1055,Pelicula,Nikamma,2022,6,tt10687220
1056,Pelicula,Slovo,2022,5,tt10692870
1057,Pelicula,Rucker,2022,1,tt10701788
1058,Pelicula,Ponniyin Selvan: Part I,2022,9,tt10701074
1059,Pelicula,K.G.F: Chapter 2,2022,4,tt10698680
1060,Pelicula,Bachchhan Paandey,2022,3,tt10699086
1061,Pelicula,Sexagenarian,2022,-,tt10710018
1062,Pelicula,Il Boemo,2022,10,tt10726774
1063,Pelicula,"Nie martw się, kochanie",2022,9,tt10731256
1064,Pelicula,Gehraiyaan,2022,2,tt10733228
1065,Pelicula,Shin Ultraman,2022,5,tt10737918
1066,Pelicula,Graves,2022,3,tt10740944
1067,Pelicula,Abiding,2022,8,tt10743778
1068,Pelicula,Persona,2022,10,tt10749820
1069,Pelicula,Serdtse parmy,2022,10,tt10749948
1070,Pelicula,Immigrant,2022,1,tt10751558
1071,Pelicula,Making Friends as the World Ends,2022,6,tt10767774
1072,Pelicula,Come Out Fighting,2022,11,tt10788058
1073,Pelicula,Octopus Pot,2022,5,tt10789062
1074,Pelicula,Diary of a Spy,2022,7,tt10789216
1075,Pelicula,The Kashmir Files,2022,3,tt10811166
1076,Pelicula,Hope's Song,2022,3,tt10829654
1077,Pelicula,A Strippers Prayer,2022,1,tt10832880
1078,Pelicula,Leonardo and the Love,2022,,tt10836576
1079,Pelicula,EAMI,2022,9,tt10865174
1080,Pelicula,Fuhgedd About It,2022,12,tt10880774
1081,Pelicula,Stay with Me,2022,,tt10881156
1082,Pelicula,Krime Story,2022,2,tt10904808
1083,Pelicula,Raspberry1508,2022,4,tt10913280
1084,Pelicula,Herseye Ragmen,2022,2,tt10923334
1085,Pelicula,The Black Caesar,2022,,tt10920696
1086,Pelicula,His Answer the Movie,2022,-,tt10934734
1087,Pelicula,Nanny,2022,12,tt10931784
1088,Pelicula,Kira & El Gin,2022,6,tt10935956
1089,Pelicula,Back to Billy,2022,12,tt10937932
1090,Pelicula,El Houb,2022,10,tt10949122
1091,Pelicula,Bristol Fashion,2022,6,tt10953232
1092,Pelicula,Flaca,2022,,tt10955318
1093,Pelicula,The Journey of Gabe,2022,,tt10956432
1094,Pelicula,Utama - Le terre dimenticate,2022,10,tt10984580
1095,Pelicula,La Vida en el Silencio,2022,,tt10984980
1096,Pelicula,Sri Asih,2022,11,tt10994712
1097,Pelicula,Main Hoon Auto Wala,2022,11,tt10999998
1098,Pelicula,Suffocated,2022,,tt11011206
1099,Pelicula,The Land of Dreams,2022,11,tt11013696
1100,Pelicula,Blaze,2022,3,tt11018264
1101,Pelicula,Virata Parvam,2022,6,tt11023732
1102,Pelicula,Alice,2022,3,tt11040762
1103,Pelicula,Eagle Rock,2022,,tt11044144
1104,Pelicula,The Mass Shooting Monologues,2022,6,tt11061084
1105,Pelicula,Suro,2022,12,tt11069038
1106,Pelicula,Decorum,2022,,tt11082940
1107,Pelicula,Of the Son,2022,,tt11096882
1108,Pelicula,Cirkus,2022,12,tt11112808
1109,Pelicula,Perfect Strangers,2022,1,tt11112784
1110,Pelicula,Troll,2022,12,tt11116912
1111,Pelicula,The Northman,2022,5,tt11138512
1112,Pelicula,Garuda,2022,5,tt11137920
1113,Pelicula,Casey's Cleaning,2022,,tt11150726
1114,Pelicula,Chroma,2022,7,tt11167918
1115,Pelicula,The Brother's Game,2022,,tt11176804
1116,Pelicula,Hawayein,2022,6,tt11177996
1117,Pelicula,Zillion,2022,10,tt11182994
1118,Pelicula,AI Love You,2022,2,tt11182810
1119,Pelicula,Sex Appeal,2022,4,tt11203022
1120,Pelicula,Am I OK?,2022,1,tt11225626
1121,Pelicula,Wisdom for Heroes,2022,,tt11237650
1122,Pelicula,Rise,2022,6,tt11242162
1123,Pelicula,Dog,2022,2,tt11252248
1124,Pelicula,The Fever,2022,9,tt11257188
1125,Pelicula,Rescued by Ruby,2022,3,tt11278476
1126,Pelicula,The Walk,2022,4,tt11278608
1127,Pelicula,The German King,2022,,tt11279006
1128,Pelicula,Blood,2022,1,tt11284768
1129,Pelicula,Vermelho Monet,2022,12,tt11286592
1130,Pelicula,Master,2022,3,tt11286210
1131,Pelicula,Good Luck Sakhi,2022,1,tt11295246
1132,Pelicula,A Touch of Vengeance,2022,2,tt11316996
1133,Pelicula,US vs. THEM,2022,,tt11327288
1134,Pelicula,The Secret in the Wind,2022,,tt11357172
1135,Pelicula,Redeeming Love,2022,1,tt11365186
1136,Pelicula,Beauty,2022,6,tt11364112
1137,Pelicula,Hridayam,2022,1,tt11375428
1138,Pelicula,The Last Ride of the Wolves,2022,2,tt11379620
1139,Pelicula,James,2022,3,tt11379988
1140,Pelicula,Bilbo and the Legend of the Last Living Cow,2022,12,tt11378676
1141,Pelicula,Kendi Yolumda,2022,11,tt11397180
1142,Pelicula,Viduthalai,2022,,tt11396310
1143,Pelicula,Dä Wätterschmöcker,2022,,tt11406104
1144,Pelicula,Adanis: Kutsal Kavga,2022,3,tt11409820
1145,Pelicula,Please Baby Please,2022,11,tt11423420
1146,Pelicula,Boy in the Corner,2022,11,tt11423800
1147,Pelicula,Oskars Kleid,2022,12,tt11436640
1148,Pelicula,Eriyum Kannadi,2022,,tt11444678
1149,Pelicula,Midland Club,2022,,tt11448016
1150,Pelicula,Visceral,2022,,tt11451752
1151,Pelicula,Runway 34,2022,4,tt11460992
1152,Pelicula,Karate Man,2022,5,tt11465786
1153,Pelicula,Filthy Animals,2022,11,tt11468144
1154,Pelicula,Illegal Savannah,2022,2,tt11469200
1155,Pelicula,Meridiane Story,2022,11,tt11497848
1156,Pelicula,Choose or Die,2022,4,tt11514780
1157,Pelicula,Say Goodbye,2022,3,tt11524502
1158,Pelicula,Kuruthi Aattam,2022,8,tt11530982
1159,Pelicula,Ajayante Randam Moshanam,2022,,tt11531182
1160,Pelicula,Thamilarasan,2022,12,tt11531710
1161,Pelicula,Resurrection,2022,8,tt11540726
1162,Pelicula,Acharya,2022,4,tt11563070
1163,Pelicula,Glass Onion - Knives Out,2022,12,tt11564570
1164,Pelicula,Hoy se arregla el mundo,2022,1,tt11592014
1165,Pelicula,The American Can,2022,,tt1161401
1166,Pelicula,Dag för dag,2022,3,tt11611064
1167,Pelicula,North of Normal,2022,9,tt11628208
1168,Pelicula,Tootu Madike,2022,7,tt11646442
1169,Pelicula,Gjirokastra,2022,5,tt11646944
1170,Pelicula,Chowki,2022,,tt11663184
1171,Pelicula,Vadio,2022,11,tt11671404
1172,Pelicula,Posti,2022,6,tt11680472
1173,Pelicula,Nobody Loves You and You Don't Deserve to Exist,2022,,tt11684438
1174,Pelicula,K-Town,2022,,tt11692628
1175,Pelicula,Prospects,2022,1,tt11702716
1176,Pelicula,The House,2022,1,tt11703050
1177,Pelicula,Downton Abbey II: Eine neue Ära,2022,4,tt11703710
1178,Pelicula,Fang,2022,11,tt11706558
1179,Pelicula,I Wish I Never Met You,2022,5,tt11724384
1180,Pelicula,Saving Billie Valentine,2022,,tt11729594
1181,Pelicula,La Hija de la Muerte,2022,12,tt11737960
1182,Pelicula,Omnibus 9,2022,,tt11775244
1183,Pelicula,The Woman Under the Bed,2022,1,tt11780732
1184,Pelicula,Miracle in Cell No. 7,2022,9,tt11799822
1185,Pelicula,Merindu Cahaya de Amstel,2022,1,tt11799764
1186,Pelicula,Warten auf Gott,2022,5,tt11804920
1187,Pelicula,Tsunami,2022,12,tt11804356
1188,Pelicula,Babyface,2022,9,tt11816066
1189,Pelicula,Aurora,2022,,tt11827166
1190,Pelicula,And You Call Yourself a Christian,2022,3,tt11834966
1191,Pelicula,Ero in guerra ma non lo sapevo,2022,1,tt11854326
1192,Pelicula,Prey,2022,8,tt11866324
1193,Pelicula,Encontro,2022,9,tt11867432
1194,Pelicula,Icon of Betrayal,2022,1,tt11875524
1195,Pelicula,Punch!,2022,,tt11897978
1196,Pelicula,The Stranger,2022,10,tt11897478
1197,Pelicula,Odwrócona wieża,2022,9,tt11898996
1198,Pelicula,Alcarrás,2022,4,tt11930126
1199,Pelicula,Badhaai Do,2022,2,tt11934846
1200,Pelicula,El fred que crema,2022,1,tt11934038
1201,Pelicula,Salgueiro Maia - O Implicado,2022,4,tt11940240
1202,Pelicula,Entropy,2022,1,tt11939970
1203,Pelicula,Hey Sinamika,2022,4,tt11953194
1204,Pelicula,Aferzysci. Zle psy,2022,12,tt11951332
1205,Pelicula,Paragate,2022,,tt11953120
1206,Pelicula,Relative,2022,3,tt11963006
1207,Pelicula,Sam,2022,4,tt11969684
1208,Pelicula,Neon Spring,2022,,tt11987258
1209,Pelicula,ShadowMarsh,2022,2,tt11995882
1210,Pelicula,Watcher,2022,9,tt12004038
1211,Pelicula,Vikrant Rona,2022,7,tt12015102
1212,Pelicula,Vuelta al perro,2022,4,tt12015752
1213,Pelicula,Save the Cinema,2022,1,tt12048234
1214,Pelicula,Entropia,2022,10,tt12049484
1215,Pelicula,Maybe Someday,2022,4,tt12054842
1216,Pelicula,I'll Come Back for You!,2022,2,tt12059992
1217,Pelicula,Airborne,2022,2,tt12060242
1218,Pelicula,Galwakdi,2022,4,tt12062432
1219,Pelicula,Signs of Love,2022,6,tt12070418
1220,Pelicula,The Garden of Earthly Delights,2022,,tt12077990
1221,Pelicula,Over Her Dead Body,2022,1,tt12081188
1222,Pelicula,Something Good Coming,2022,8,tt12111220
1223,Pelicula,When You Finish Saving the World,2022,1,tt12121582
1224,Pelicula,Blight,2022,2,tt12138298
1225,Pelicula,Paloma,2022,5,tt12144262
1226,Pelicula,Gain,2022,7,tt12150934
1227,Pelicula,The Antiviral Film Project,2022,,tt12157534
1228,Pelicula,16 A,2022,,tt12160092
1229,Pelicula,Manifest West,2022,11,tt12164416
1230,Pelicula,King Lahiri,2022,8,tt12180812
1231,Pelicula,Wunderschön,2022,2,tt12194006
1232,Pelicula,Whitney Houston: I Wanna Dance with Somebody,2022,12,tt12193804
1233,Pelicula,Mind Over Max,2022,,tt12199586
1234,Pelicula,The Lockdown Stories,2022,12,tt12196612
1235,Pelicula,Stronger,2022,8,tt12198224
1236,Pelicula,Life After You,2022,4,tt12216202
1237,Pelicula,Follia,2022,5,tt12223594
1238,Pelicula,Volta,2022,,tt12223738
1239,Pelicula,The One I Loved,2022,,tt12228318
1240,Pelicula,Mares do Desterro,2022,4,tt12238030
1241,Pelicula,שלושה עשר חיים,2022,8,tt12262116
1242,Pelicula,Notre-Dame Is Burning,2022,3,tt12264966
1243,Pelicula,Grandpa's Crazy?,2022,1,tt12267750
1244,Pelicula,Contactus,2022,,tt12289966
1245,Pelicula,In the Shadow of White,2022,,tt12302590
1246,Pelicula,Ombatthane Dikku,2022,1,tt12299992
1247,Pelicula,Banking on Mr. Toad,2022,,tt1230522
1248,Pelicula,Grabado en la Memoria,2022,,tt12306716
1249,Pelicula,Breaking,2022,8,tt12311620
1250,Pelicula,En los márgenes,2022,10,tt12306964
1251,Pelicula,07.28.1999,2022,7,tt12318826
1252,Pelicula,Femi,2022,9,tt12345940
1253,Pelicula,Dragon City,2022,,tt12364994
1254,Pelicula,The Whispering Queen,2022,12,tt12370142
1255,Pelicula,Reús 2,2022,3,tt12372176
1256,Pelicula,Afterwater,2022,7,tt12386022
1257,Pelicula,The Twin,2022,10,tt12390572
1258,Pelicula,Time and Money,2022,2,tt12393954
1259,Pelicula,Breadcrumbs,2022,9,tt12397180
1260,Pelicula,Sarkaru Vaari Paata,2022,5,tt12422308
1261,Pelicula,L'enfant,2022,2,tt12429066
1262,Pelicula,Climbing Life,2022,,tt12447898
1263,Pelicula,Graveland,2022,6,tt12451308
1264,Pelicula,Mahaan,2022,2,tt12472554
1265,Pelicula,Los Reyes de la Salsa,2022,,tt12482456
1266,Pelicula,Mere Desh Ki Dharti,2022,5,tt12484724
1267,Pelicula,Prom Night,2022,,tt12498812
1268,Pelicula,Mr. Malcolm's List,2022,7,tt12545566
1269,Pelicula,I Hear the Trees Whispering,2022,3,tt12553778
1270,Pelicula,Two Truths,2022,3,tt12567222
1271,Pelicula,Bergen,2022,3,tt12578564
1272,Pelicula,Hayvan,2022,5,tt12587236
1273,Pelicula,Prison Heart,2022,10,tt12595378
1274,Pelicula,Seeing Red,2022,,tt12603982
1275,Pelicula,The Executioner: Lord of Darkness,2022,,tt12611442
1276,Pelicula,Blade of the 47 Ronin,2022,10,tt12610794
1277,Pelicula,Vampire Penance-the Atonement of John Wolf,2022,12,tt12623450
1278,Pelicula,Recall,2022,,tt12623586
1279,Pelicula,22-The Unforgotten Soldier,2022,,tt12675808
1280,Pelicula,Azuro,2022,3,tt12698684
1281,Pelicula,A Man of Action,2022,11,tt12703292
1282,Pelicula,Under the Jacarandas,2022,,tt12706770
1283,Pelicula,Gray Justice,2022,,tt12706988
1284,Pelicula,Intersection,2022,9,tt12712678
1285,Pelicula,Fatherland,2022,,tt12717574
1286,Pelicula,Stromboli,2022,11,tt12726428
1287,Pelicula,Pattern,2022,9,tt12739726
1288,Pelicula,Vándorló levelek,2022,,tt12740962
1289,Pelicula,Dear Nathan: Thank You Salma,2022,1,tt12747222
1290,Pelicula,Bilo jednom u Srbiji,2022,3,tt12769412
1291,Pelicula,4 Tage bis zur Ewigkeit,2022,11,tt12794540
1292,Pelicula,Vera,2022,11,tt12802546
1293,Pelicula,Marooned Awakening,2022,9,tt12800264
1294,Pelicula,Gierek,2022,1,tt12805704
1295,Pelicula,Morris Men,2022,10,tt12811368
1296,Pelicula,Batman: A Beautiful Lie,2022,7,tt12815434
1297,Pelicula,Florida Man,2022,5,tt12819966
1298,Pelicula,Mother Russia,2022,,tt8679660
1299,Pelicula,Revolta,2022,6,tt12825466
1300,Pelicula,Raksha Bandhan,2022,8,tt12834962
1301,Pelicula,O Time do Povo,2022,9,tt12837054
1302,Pelicula,Eyes of a Roman,2022,11,tt12840630
1303,Pelicula,Broadway,2022,6,tt12845544
1304,Pelicula,Koputus,2022,2,tt12851130
1305,Pelicula,Sheltering Season,2022,10,tt12850346
1306,Pelicula,Somewhere in East London,2022,,tt12851364
1307,Pelicula,The Kimberly Ray Story,2022,,tt12855274
1308,Pelicula,After the Rain,2022,,tt12882346
1309,Pelicula,Servus Papa - See You in Hell,2022,11,tt12888672
1310,Pelicula,Mr. Harrigan's Phone,2022,10,tt12908110
1311,Pelicula,Zombivli,2022,1,tt12915842
1312,Pelicula,O Segundo Homem,2022,1,tt12935690
1313,Pelicula,Letters Home,2022,,tt12937498
1314,Pelicula,T Bird,2022,11,tt12975170
1315,Pelicula,Lucy and Desi,2022,3,tt12971802
1316,Pelicula,A Stage of Twilight,2022,8,tt12978528
1317,Pelicula,Sinjar,2022,3,tt12985342
1318,Pelicula,Run Away if You Scared,2022,8,tt12991676
1319,Pelicula,La cygne des héros,2022,1,tt12989690
1320,Pelicula,Forced,2022,,tt12989312
1321,Pelicula,365 Days: This Day,2022,4,tt12996154
1322,Pelicula,Were It Not for Mama,2022,1,tt13011910
1323,Pelicula,Mantícora,2022,12,tt13014746
1324,Pelicula,Duan · Qiao,2022,8,tt13051108
1325,Pelicula,Stars and Scars,2022,6,tt13057516
1326,Pelicula,The Outsiders (Forasteros),2022,1,tt13068944
1327,Pelicula,After Ever Happy,2022,9,tt13070038
1328,Pelicula,Scavengers,2022,,tt13087344
1329,Pelicula,My Perfect Love,2022,4,tt13105646
1330,Pelicula,Leonora addio,2022,2,tt13107800
1331,Pelicula,Godfather,2022,10,tt13130308
1332,Pelicula,HIT: The First Case,2022,7,tt13130760
1333,Pelicula,Vikram Vedha,2022,9,tt13131350
1334,Pelicula,Untitled Captain Sir Tom Moore Feature Film,2022,,tt13144108
1335,Pelicula,Incroyable mais vrai,2022,6,tt13145534
1336,Pelicula,Doubt (And the Sky Began to Scream),2022,12,tt13149696
1337,Pelicula,Family Squares,2022,2,tt13149036
1338,Pelicula,About Joan,2022,8,tt13153470
1339,Pelicula,Left in the Cold,2022,,tt13173132
1340,Pelicula,La maternal,2022,11,tt13175506
1341,Pelicula,"Goodbye, Petrushka",2022,7,tt13197812
1342,Pelicula,The Final Trial of Billy the Kid,2022,6,tt13207720
1343,Pelicula,Saving the King,2022,1,tt13222482
1344,Pelicula,Beast,2022,8,tt13223398
1345,Pelicula,Miss Viborg,2022,4,tt13224490
1346,Pelicula,Upacharapoorvam Gunda Jayan,2022,2,tt13229946
1347,Pelicula,Umma,2022,3,tt13235822
1348,Pelicula,Wink,2022,9,tt13236572
1349,Pelicula,Thomas mot Thomas (en sensasjonell teori om det ubetydelige livet i multiverset),2022,10,tt13239670
1350,Pelicula,Der Vater der Braut,2022,6,tt13249596
1351,Pelicula,JGA: Jasmin. Gina. Anna.,2022,3,tt13263282
1352,Pelicula,El Himno Mundial,2022,,tt13261940
1353,Pelicula,Iswarya Murugan,2022,2,tt13268580
1354,Pelicula,Poslední závod,2022,2,tt13275560
1355,Pelicula,The Battle of Bhima Koregaon,2022,,tt13280154
1356,Pelicula,Frieda's Fall,2022,,tt13289492
1357,Pelicula,Direct Son,2022,1,tt13293910
1358,Pelicula,Soo,2022,2,tt13295004
1359,Pelicula,Trimmer,2022,,tt13304488
1360,Pelicula,The Plead,2022,5,tt13304556
1361,Pelicula,The Mystery of Her,2022,3,tt13308110
1362,Pelicula,Babysitter,2022,4,tt13308316
1363,Pelicula,Sharp Shooter,2022,2,tt13317320
1364,Pelicula,Bizarre Again,2022,9,tt13317068
1365,Pelicula,Ça tourne à Saint-Pierre et Miquelon,2022,5,tt13322796
1366,Pelicula,Kikka!,2022,10,tt13328846
1367,Pelicula,Remy & Arletta,2022,,tt13332474
1368,Pelicula,Britto,2022,,tt13333542
1369,Pelicula,Naradan,2022,3,tt13334870
1370,Pelicula,Life In Transit,2022,4,tt13339698
1371,Pelicula,If I Could Ride,2022,4,tt13345930
1372,Pelicula,Second Chances,2022,4,tt13351240
1373,Pelicula,Battle: Freestyle,2022,4,tt13350858
1374,Pelicula,Devotion,2022,,tt13352306
1375,Pelicula,"Good Luck to You, Leo Grande",2022,6,tt13352968
1376,Pelicula,Tisdagsklubben,2022,3,tt13357236
1377,Pelicula,A Fluorescent Sky,2022,,tt13357380
1378,Pelicula,Dilberay Küçük Dev Kadin,2022,2,tt13358054
1379,Pelicula,I Need You,2022,,tt13361564
1380,Pelicula,The Schoolmaster Games,2022,4,tt13378056
1381,Pelicula,Here Out West,2022,2,tt13387266
1382,Pelicula,Empire of Dirt,2022,10,tt13395302
1383,Pelicula,Ben & Jody,2022,6,tt13393058
1384,Pelicula,A játszma,2022,6,tt13400142
1385,Pelicula,U scrusciu du mari,2022,,tt13400080
1386,Pelicula,Goliath,2022,3,tt13399946
1387,Pelicula,Burden,2022,7,tt13404734
1388,Pelicula,The Princess,2022,7,tt13406136
1389,Pelicula,Ghost Writer 2,2022,7,tt13409590
1390,Pelicula,The Lost King,2022,10,tt13421498
1391,Pelicula,Llegaron de noche,2022,3,tt13434790
1392,Pelicula,The Place We're Going,2022,,tt13430670
1393,Pelicula,Tout sur Margo,2022,,tt13444026
1394,Pelicula,Jug Jugg Jeeyo,2022,6,tt13449624
1395,Pelicula,Persuasion,2022,7,tt13456318
1396,Pelicula,Violet,2022,,tt13458574
1397,Pelicula,"Hey, God!",2022,,tt13464944
1398,Pelicula,Aaraattu,2022,2,tt13468976
1399,Pelicula,Love and Love Not,2022,12,tt13477638
1400,Pelicula,Centauro,2022,6,tt13479592
1401,Pelicula,Linoleum,2022,3,tt13483866
1402,Pelicula,Mencuri Raden Saleh,2022,8,tt13484872
1403,Pelicula,Un bel mattino,2022,1,tt13482828
1404,Pelicula,Phels High,2022,,tt13489140
1405,Pelicula,Seungbu,2022,,tt13498824
1406,Pelicula,The Black Guelph,2022,9,tt13502308
1407,Pelicula,La piel en llamas,2022,3,tt13518808
1408,Pelicula,Den som lever får se,2022,2,tt13524110
1409,Pelicula,Yutha Satham,2022,3,tt13535230
1410,Pelicula,En corps,2022,3,tt13531468
1411,Pelicula,Untitled Thriller Movie,2022,,tt13537808
1412,Pelicula,Kate's House,2022,11,tt13539872
1413,Pelicula,Psychedelic Involvement,2022,12,tt13539492
1414,Pelicula,Naga Naga Naga,2022,6,tt13540506
1415,Pelicula,The Wandering Earth 2,2022,1,tt13539646
1416,Pelicula,Northern Shade,2022,,tt13543898
1417,Pelicula,The Issue with Elvis,2022,3,tt13550170
1418,Pelicula,Apne 2,2022,,tt13556522
1419,Pelicula,Keluarga Cemara 2,2022,6,tt13580706
1420,Pelicula,Queen of the Trap House 2: Taking the Throne,2022,7,tt13586548
1421,Pelicula,I See Darkness,2022,4,tt13588604
1422,Pelicula,The Godfather Buck,2022,4,tt13593766
1423,Pelicula,My Lithuanian Dream,2022,,tt13598362
1424,Pelicula,Silent Night in Algona,2022,12,tt13608086
1425,Pelicula,Seoul Vibe,2022,8,tt13611770
1426,Pelicula,"Love, Sex & Pandemic",2022,2,tt13613128
1427,Pelicula,The Road to Galena,2022,7,tt13615030
1428,Pelicula,Satisfaction,2022,,tt13616500
1429,Pelicula,Karmaniacs,2022,7,tt13640942
1430,Pelicula,Anbarivu,2022,1,tt13648270
1431,Pelicula,Cawdor Street Thanes,2022,,tt13648888
1432,Pelicula,Emergency,2022,5,tt13650600
1433,Pelicula,End of the Road,2022,9,tt13655328
1434,Pelicula,Código Emperador,2022,3,tt13660916
1435,Pelicula,The Good Life,2022,,tt13665844
1436,Pelicula,Die Aussprache,2022,1,tt13669038
1437,Pelicula,Children As Giants,2022,,tt13678524
1438,Pelicula,Arbitrium: The Final Detail,2022,,tt13681680
1439,Pelicula,Ni en la más oscura de mis tardes,2022,,tt13689862
1440,Pelicula,Bir Umut,2022,10,tt13696746
1441,Pelicula,Unseen Truth,2022,8,tt13727792
1442,Pelicula,Oosa Aafin,2022,6,tt13729636
1443,Pelicula,McLeod's Daughters: Return to Drovers Run,2022,,tt13729302
1444,Pelicula,Le tourbillon de la vie,2022,12,tt13729364
1445,Pelicula,Cycles,2022,2,tt13729978
1446,Pelicula,Wo xin fei yang,2022,2,tt13743198
1447,Pelicula,World Bhangra League,2022,,tt13757804
1448,Pelicula,Kesisme: Iyi Ki Varsin Eren,2022,1,tt13761148
1449,Pelicula,Vanilla Car,2022,,tt13759632
1450,Pelicula,Escape the City,2022,6,tt13760064
1451,Pelicula,Girasoles silvestres,2022,10,tt13774830
1452,Pelicula,BOYS.,2022,1,tt13781000
1453,Pelicula,Idiocies,2022,,tt13787838
1454,Pelicula,Jaadugar,2022,7,tt13793230
1455,Pelicula,Lola 2,2022,,tt13799290
1456,Pelicula,The Good Fight,2022,2,tt13799302
1457,Pelicula,Cobblestone,2022,,tt13806616
1458,Pelicula,A Father's Pride,2022,,tt13808918
1459,Pelicula,Sam and Kate,2022,10,tt13813756
1460,Pelicula,Messy,2022,2,tt13814180
1461,Pelicula,Så jävla easy going,2022,2,tt13817770
1462,Pelicula,AURORA 663,2022,8,tt13818610
1463,Pelicula,Loin du périph,2022,5,tt13822738
1464,Pelicula,Rubikon,2022,9,tt13829262
1465,Pelicula,Whealthy and Wise,2022,12,tt13831534
1466,Pelicula,Rugby Boys,2022,,tt13831560
1467,Pelicula,A Stitch in Time,2022,2,tt13834986
1468,Pelicula,SpeculatorS,2022,4,tt13835524
1469,Pelicula,Last Year,2022,,tt13840534
1470,Pelicula,Berdreymi,2022,4,tt13845660
1471,Pelicula,Bezná selhání,2022,10,tt13844844
1472,Pelicula,Guthlee,2022,7,tt13859494
1473,Pelicula,No mires a los ojos,2022,11,tt13867056
1474,Pelicula,Odwieczna córka,2022,12,tt13874422
1475,Pelicula,Ghani,2022,4,tt13872244
1476,Pelicula,Against the Ice,2022,3,tt13873302
1477,Pelicula,Grand Jeté,2022,8,tt13887082
1478,Pelicula,Iftikhar,2022,8,tt13892722
1479,Pelicula,The Framing of a Fed: The Joe Occhipinti Story,2022,,tt13894634
1480,Pelicula,Everything in Between,2022,10,tt13905818
1481,Pelicula,Leading Lady,2022,,tt13911232
1482,Pelicula,Meppadiyan,2022,1,tt13919696
1483,Pelicula,Anek,2022,5,tt13919802
1484,Pelicula,"Jacob, Broken by God",2022,,tt13919878
1485,Pelicula,Strange Broken Sleep,2022,,tt13929550
1486,Pelicula,Radio Vision,2022,,tt13942472
1487,Pelicula,Neverinland,2022,1,tt13951924
1488,Pelicula,One Sikh Girl,2022,9,tt13955088
1489,Pelicula,Yasa,2022,,tt13959760
1490,Pelicula,Nowhere,2022,4,tt13960254
1491,Pelicula,Missing Maria,2022,11,tt13968368
1492,Pelicula,Educazione fisica,2022,10,tt13968752
1493,Pelicula,Inheritance,2022,-,tt13971324
1494,Pelicula,Resten af livet,2022,7,tt13973198
1495,Pelicula,Nalan,2022,1,tt13973362
1496,Pelicula,Eddie.,2022,2,tt13977490
1497,Pelicula,Task Force: Down the Rabbit Hole,2022,12,tt13976760
1498,Pelicula,Brazen,2022,1,tt13978306
1499,Pelicula,Beloved,2022,,tt13980234
1500,Pelicula,Bambi,2023,-,tt10298848
1501,Pelicula,Bad Boy,2023,4,tt10351180
1502,Pelicula,The Place in Between,2023,7,tt10425998
1503,Pelicula,The Hunger Games: The Ballad of Songbirds & Snakes,2023,11,tt10545296
1504,Pelicula,Raw Power,2023,5,tt10548482
1505,Pelicula,Next Goal Wins,2023,1,tt10767052
1506,Pelicula,Cloud by Night,2023,10,tt10849046
1507,Pelicula,Minamoto Monogatari,2023,4,tt10929648
1508,Pelicula,Mujeres Silenciosas,2023,10,tt10965102
1509,Pelicula,Silent Life: The Story of the Lady in Black,2023,2,tt1099209
1510,Pelicula,The Silent Prayer,2023,4,tt11100698
1511,Pelicula,Amadeo,2023,1,tt11143850
1512,Pelicula,Creed III,2023,3,tt11145118
1513,Pelicula,Go Go,2023,,tt11165686
1514,Pelicula,Dark Room,2023,12,tt11196176
1515,Pelicula,Ai Lun,2023,6,tt11197400
1516,Pelicula,Divine Flames,2023,,tt11218958
1517,Pelicula,Divine Flames,2023,,tt11226102
1518,Pelicula,Vincent,2023,,tt11253182
1519,Pelicula,Black Nightmares,2023,6,tt11306970
1520,Pelicula,Yuna,2023,12,tt11379234
1521,Pelicula,CultureshockED,2023,,tt11541438
1522,Pelicula,Extraordinary Sacrifice,2023,,tt11601444
1523,Pelicula,Oliver Outloud,2023,1,tt11668514
1524,Pelicula,Cookster,2023,,tt11760408
1525,Pelicula,Ladies Are Pimps Too,2023,2,tt11779282
1526,Pelicula,Sophie's Rules,2023,1,tt11950404
1527,Pelicula,Bugsy the Becoming,2023,8,tt11972054
1528,Pelicula,Varisu,2023,1,tt11998558
1529,Pelicula,The Color Purple,2023,12,tt1200263
1530,Pelicula,Karanliktaki Kadin,2023,5,tt12087678
1531,Pelicula,Romeo Is Dead,2023,,tt12092594
1532,Pelicula,Piedade,2023,,tt12109690
1533,Pelicula,Big George Foreman,2023,4,tt12226632
1534,Pelicula,65,2023,3,tt12261776
1535,Pelicula,Getting to the Plug,2023,2,tt12422694
1536,Pelicula,Central Valley,2023,4,tt12543840
1537,Pelicula,Sharper,2023,2,tt12573454
1538,Pelicula,The Nothingness Club - Não Sou Nada,2023,10,tt12601334
1539,Pelicula,The Internationalist,2023,12,tt12821606
1540,Pelicula,Adipurush,2023,6,tt12915716
1541,Pelicula,Rhythm in Blues,2023,1,tt12948086
1542,Pelicula,Shehzada,2023,4,tt13130948
1543,Pelicula,Mission Majnu,2023,1,tt13131232
1544,Pelicula,Bholaa Shankar,2023,8,tt13131610
1545,Pelicula,Demir Kadin Neslican,2023,1,tt13137290
1546,Pelicula,Meeting Kate,2023,12,tt13225414
1547,Pelicula,Reptile,2023,9,tt13274016
1548,Pelicula,Los buenos modales,2023,4,tt13290130
1549,Pelicula,Broken Pearls,2023,7,tt13301332
1550,Pelicula,Oneida Flats,2023,2,tt13316134
1551,Pelicula,Sombras Brancas,2023,4,tt13457948
1552,Pelicula,Arbitrium: The Final Days,2023,,tt13681698
1553,Pelicula,Tarifte Ask Var,2023,2,tt13683908
1554,Pelicula,Animal,2023,12,tt13751694
1555,Pelicula,Shaakuntalam,2023,4,tt13761284
1556,Pelicula,The Assassin Unleashed,2023,12,tt13808564
1557,Pelicula,Johnny and the Golden Gifts,2023,,tt13831566
1558,Pelicula,Spider-Man: Lotus,2023,8,tt13904644
1559,Pelicula,On A Wing and A Prayer,2023,4,tt13929998
1560,Pelicula,Rustin,2023,11,tt14160834
1561,Pelicula,Bullets,2023,4,tt14223946
1562,Pelicula,Bratri,2023,10,tt14232442
1563,Pelicula,Neniu,2023,3,tt14277254
1564,Pelicula,Mrs. Chatterjee vs. Norway,2023,3,tt14295590
1565,Pelicula,Peripheric Love,2023,1,tt14303550
1566,Pelicula,The Judas Kiss,2023,12,tt1432114
1567,Pelicula,My Precious,2023,4,tt14326000
1568,Pelicula,Tomorrow Before After,2023,4,tt14367552
1569,Pelicula,Shin Kamen Rider,2023,3,tt14379088
1570,Pelicula,Gunfight at Rio Bravo,2023,1,tt14388612
1571,Pelicula,1919,2023,10,tt14446414
1572,Pelicula,Paint,2023,4,tt14472156
1573,Pelicula,Halfway House,2023,9,tt14496180
1574,Pelicula,Les âmes soeurs,2023,4,tt14663154
1575,Pelicula,Little Bastard,2023,7,tt14671498
1576,Pelicula,SoulHood Saga II: The Finale,2023,5,tt14681272
1577,Pelicula,The Psychology of Beauty,2023,2,tt14728586
1578,Pelicula,Red Rain,2023,3,tt14734838
1579,Pelicula,A Princesa de Rangoon,2023,12,tt14797058
1580,Pelicula,Big Sur,2023,11,tt14802480
1581,Pelicula,90's Babiez,2023,5,tt14855340
1582,Pelicula,Texas Grit,2023,7,tt14856936
1583,Pelicula,Satyaprem Ki Katha,2023,6,tt14914988
1584,Pelicula,Wayward Sons,2023,11,tt14927264
1585,Pelicula,A Small Town Christmas,2023,12,tt14960442
1586,Pelicula,First Nights,2023,12,tt14979412
1587,Pelicula,Rocky Aur Rani Ki Prem Kahani,2023,7,tt14993250
1588,Pelicula,FOG,2023,,tt15003962
1589,Pelicula,Exodus,2023,3,tt15021154
1590,Pelicula,Hajjan,2023,,tt15048870
1591,Pelicula,Winnie Pooh Blood and Thunder,2023,10,tt15070886
1592,Pelicula,"Mon chat et moi, la grande aventure de Rroû",2023,4,tt15097144
1593,Pelicula,Love Is Not Enduring,2023,1,tt15120452
1594,Pelicula,My World,2023,12,tt15121090
1595,Pelicula,The Inn Between,2023,1,tt15140778
1596,Pelicula,Divine Souls: Forever Young,2023,5,tt15174922
1597,Pelicula,Jade Brooks Must Die!,2023,6,tt15179658
1598,Pelicula,Hela bilden,2023,4,tt15211018
1599,Pelicula,Andra akten,2023,2,tt15216170
1600,Pelicula,En dag kommer allt det här bli ditt,2023,2,tt15282128
1601,Pelicula,Rudhran,2023,4,tt15303192
1602,Pelicula,Ehrengard,2023,,tt15334484
1603,Pelicula,Kos,2023,10,tt15341416
1604,Pelicula,Ill Intent,2023,4,tt15337140
1605,Pelicula,Let the Party Begin,2023,5,tt15361650
1606,Pelicula,Oppenheimer,2023,7,tt15398776
1607,Pelicula,Jasmine,2023,3,tt15403280
1608,Pelicula,Nigah Marda Ayi Ve,2023,3,tt15422336
1609,Pelicula,Ride On,2023,4,tt15430628
1610,Pelicula,Bravado,2023,1,tt15438508
1611,Pelicula,Storm,2023,1,tt15482240
1612,Pelicula,Ovuda ce proci put,2023,11,tt15527576
1613,Pelicula,The Plough,2023,9,tt15531718
1614,Pelicula,Fists of Justice,2023,6,tt15559402
1615,Pelicula,Vicino al Verbo,2023,4,tt15595576
1616,Pelicula,The Obstacle,2023,4,tt15614148
1617,Pelicula,Return of the Dark,2023,7,tt15673502
1618,Pelicula,Vaarta Re Vaarta,2023,2,tt15693698
1619,Pelicula,Merrily,2023,11,tt3178184
1620,Pelicula,Intentions,2023,3,tt3283066
1621,Pelicula,129,2023,3,tt3566610
1622,Pelicula,Plymouth,2023,12,tt3879108
1623,Pelicula,Out for Vengeance,2023,9,tt4303846
1624,Pelicula,Penance,2023,12,tt4565954
1625,Pelicula,La Pura Vida,2023,8,tt5124794
1626,Pelicula,A Little Resistance,2023,11,tt5936674
1627,Pelicula,Mascotte,2023,2,tt6039708
1628,Pelicula,Wormwood: A German Expressionistic Dystopia,2023,12,tt6250276
1629,Pelicula,"Gone, Gone, Jack!",2023,11,tt6499514
1630,Pelicula,Jeff the Policeman Movie,2023,9,tt7713452
1631,Pelicula,Mercy & Compassion,2023,3,tt16793230
1632,Pelicula,The Strays,2023,2,tt16437278
1633,Pelicula,Statica,2023,3,tt7984562
1634,Pelicula,Brooklyn 45,2023,6,tt16431882
1635,Pelicula,Yaneura no Raja,2023,12,tt16369708
1636,Pelicula,The Old Way,2023,6,tt8593824
1637,Pelicula,War Against Gandhism,2023,3,tt9707052
1638,Pelicula,Wochenendrebellen,2023,9,tt15740596
1639,Pelicula,Skvoz vremya,2023,6,tt7106686
1640,Pelicula,Butterfly Tears,2023,1,tt7861480
1641,Pelicula,PAW Patrol: The Mighty Movie,2023,10,tt15837338
1642,Pelicula,Heartbreak Falls,2023,,tt8026966
1643,Pelicula,Dybbuk,2023,,tt16732104
1644,Pelicula,The One,2023,,tt15769364
1645,Pelicula,14+: Prodolzhenie,2023,5,tt16550728
1646,Pelicula,Passages,2023,6,tt16252698
1647,Pelicula,115 Grains,2023,2,tt15765138
1648,Pelicula,Panchayiti,2023,8,tt15768402
1649,Pelicula,Jedna dusza,2023,11,tt16142166
1650,Pelicula,Uc Arkadas,2023,12,tt16411134
1651,Pelicula,Bull,2023,,tt15731658
1652,Pelicula,Bajo terapia,2023,3,tt15977250
1653,Pelicula,The Blind,2023,9,tt16374352
1654,Pelicula,The Lost Boys,2023,5,tt16148552
1655,Pelicula,The Next Town I'm Painting,2023,5,tt16298868
1656,Pelicula,Tracks of a Killer,2023,,tt16206116
1657,Pelicula,Valóság.exe,2023,8,tt16393246
1658,Pelicula,"JO, The van Goghs' Widow",2023,,tt7000186
1659,Pelicula,Blue Giant,2023,2,tt15737898
1660,Pelicula,Limited Hangout,2023,,tt16410436
1661,Pelicula,Elemental,2023,6,tt15789038
1662,Pelicula,Free State,2023,9,tt16428782
1663,Pelicula,Josephine Baker,2023,11,tt16351724
1664,Pelicula,Winter in LA,2023,1,tt16311546
1665,Pelicula,Wunderkind,2023,1,tt16959950
1666,Pelicula,Demons of Hell,2023,9,tt16960394
1667,Pelicula,Asfixiados,2023,3,tt16969060
1668,Pelicula,Mickey Hardaway,2023,2,tt16977014
1669,Pelicula,Yedinitsa Montevideo,2023,,tt16915494
1670,Pelicula,The Have Not,2023,8,tt16980022
1671,Pelicula,Paradigm 1053: Part One,2023,,tt17065854
1672,Pelicula,Save the Mothers,2023,3,tt17278368
1673,Pelicula,Aftermath,2023,,tt17315214
1674,Pelicula,Baby Brother,2023,,tt17422580
1675,Pelicula,Lethal Love,2023,,tt17421824
1676,Pelicula,Love of Money,2023,2,tt17497862
1677,Pelicula,The Gift,2023,3,tt17499172
1678,Pelicula,The House of God,2023,,tt17509628
1679,Pelicula,Drifters,2023,,tt17513222
1680,Pelicula,We Woke,2023,3,tt17519668
1681,Pelicula,Jack & Ava,2023,,tt17492762
1682,Pelicula,De vuurlinie,2023,9,tt17597510
1683,Pelicula,Relocation Lockdown,2023,8,tt18078440
1684,Pelicula,Empieza el baile,2023,4,tt18115352
1685,Pelicula,A Haunting Winter's Tale,2023,,tt18226290
1686,Pelicula,Artefacts' Merchant,2023,8,tt18231724
1687,Pelicula,Mikey,2023,,tt18264784
1688,Pelicula,Before it Happened,2023,1,tt18272326
1689,Pelicula,Dharmantaran,2023,8,tt18279642
1690,Pelicula,Vamp Camp,2023,,tt18358538
1691,Pelicula,Chokehold,2023,4,tt18353064
1692,Pelicula,Truth of Outcomes,2023,,tt18553788
1693,Pelicula,Say Something,2023,12,tt18560004
1694,Pelicula,Perfidy,2023,9,tt18568294
1695,Pelicula,La hembrita,2023,11,tt18568648
1696,Pelicula,Red Camaro,2023,,tt18690376
1697,Pelicula,Adnan Kafazi,2023,1,tt18748860
1698,Pelicula,Turgut Reis - Dragut,2023,9,tt18777074
1699,Pelicula,The Oath,2023,12,tt18925050
1700,Pelicula,Always a Winner,2023,4,tt19047736
1701,Pelicula,Meri Awaaz Suno,2023,4,tt19073034
1702,Pelicula,The Lone Wolf,2023,8,tt19177620
1703,Pelicula,Smile of Runet,2023,,tt19221388
1704,Pelicula,Loser,2023,2,tt19244284
1705,Pelicula,Toys Were Not for Children,2023,5,tt19365234
1706,Pelicula,Byt,2023,2,tt19383308
1707,Pelicula,Tariq,2023,8,tt19394258
1708,Pelicula,Une Lettre Pour Liban,2023,12,tt19396052
1709,Pelicula,"Na solntse, vdol ryadov kukuruzy",2023,3,tt19396928
1710,Pelicula,Shepherd,2023,12,tt19401654
1711,Pelicula,Homeboy,2023,2,tt19499522
1712,Pelicula,Nimona,2023,6,tt19500164
1713,Pelicula,Miss Verna Gray 2020,2023,12,tt19637824
1714,Pelicula,Bawaal,2023,7,tt19755170
1715,Pelicula,American Zealot,2023,10,tt19766600
1716,Pelicula,Washington's Drive,2023,,tt19816794
1717,Pelicula,Niña,2023,5,tt19860732
1718,Pelicula,Days of Happiness,2023,10,tt19860724
1719,Pelicula,My Happy Marriage,2023,3,tt19869122
1720,Pelicula,Badass Peot,2023,2,tt19869434
1721,Pelicula,A Clever Woman,2023,11,tt19868158
1722,Pelicula,Night of the Harvest,2023,11,tt19869998
1723,Pelicula,Mantra,2023,6,tt19880528
1724,Pelicula,Birthday Girl,2023,,tt19883220
1725,Pelicula,When Girls Ride,2023,8,tt19884572
1726,Pelicula,Haar,2023,,tt19891598
1727,Pelicula,The Killers,2023,7,tt20159666
1728,Pelicula,Colorado Christmas,2023,10,tt20191820
1729,Pelicula,Who Am I,2023,2,tt20201666
1730,Pelicula,American Girl: Corinne Tan,2023,,tt20215534
1731,Pelicula,Fatum,2023,4,tt20215670
1732,Pelicula,Midnight Fading,2023,,tt20217044
1733,Pelicula,Char Cup Chai,2023,6,tt20217220
1734,Pelicula,"My Cousin, Peter",2023,8,tt20242360
1735,Pelicula,Pravednik,2023,2,tt20259704
1736,Pelicula,Russian Media Monitor,2023,6,tt20317138
1737,Pelicula,Mujer Perversa,2023,4,tt20357710
1738,Pelicula,Cuvari formule,2023,10,tt20365920
1739,Pelicula,As Perennial as the Grass,2023,12,tt20412958
1740,Pelicula,Dancing Queen,2023,3,tt20424066
1741,Pelicula,SO MUCH TIME (and so little to do),2023,6,tt20425982
1742,Pelicula,Before It Ends,2023,8,tt20519254
1743,Pelicula,Relocation Lockdown: Part Two,2023,12,tt20563970
1744,Pelicula,Perpetrators in Government Systems P.I.G.S,2023,,tt20713768
1745,Pelicula,Prevalencia,2023,1,tt20725014
1746,Pelicula,Munch,2023,12,tt20674118
1747,Pelicula,Quand tu seras grand,2023,4,tt20766628
1748,Pelicula,Ji Wife Ji,2023,2,tt20781666
1749,Pelicula,Chorando Se Foi,2023,6,tt20857776
1750,Pelicula,Catching Dust,2023,,tt20872884
1751,Pelicula,Saman,2023,8,tt20915258
1752,Pelicula,Abar Jaago,2023,10,tt20951104
1753,Pelicula,La Sombra del Crisantemo,2023,12,tt21029602
1754,Pelicula,Under the Pastor's Robe a Sexy Tale of Betrayal,2023,2,tt21041592
1755,Pelicula,Sneaky Links,2023,6,tt21073128
1756,Pelicula,Kin no kuni Mizu no kuni,2023,1,tt21105546
1757,Pelicula,Bocetos del fin del mundo,2023,4,tt21150774
1758,Pelicula,The Legend & Butterfly,2023,1,tt21192216
1759,Pelicula,The Stranger,2023,,tt21212896
1760,Pelicula,Eiga Doraemon: Nobita to Sora no Utopia,2023,3,tt21223380
1761,Pelicula,Prazdniki,2023,9,tt21259310
1762,Pelicula,Age 29,2023,,tt21259912
1763,Pelicula,Usta puna zemlje,2023,9,tt21302678
1764,Pelicula,Cuckoo's Den,2023,7,tt21352224
1765,Pelicula,Au-dessous des nuages,2023,4,tt21413280
1766,Pelicula,Hermosa Justicia,2023,4,tt21435580
1767,Pelicula,The Flight of a Monarch,2023,,tt21443456
1768,Pelicula,Rainey Storms,2023,5,tt21609236
1769,Pelicula,49,2023,1,tt21741198
1770,Pelicula,The Hope,2023,,tt21823870
1771,Pelicula,Call Me Chihiro,2023,2,tt21825858
1772,Pelicula,Caly ten seks,2023,11,tt21846706
1773,Pelicula,Nepotism,2023,7,tt21859654
1774,Pelicula,Mrs. Falani,2023,,tt21855100
1775,Pelicula,L Island,2023,4,tt21867560
1776,Pelicula,Momak i devojke,2023,7,tt21908464
1777,Pelicula,Ako kisa ne padne,2023,7,tt21908474
1778,Pelicula,Nefes: Yer Eksi Iki,2023,12,tt21941216
1779,Pelicula,Shylock's Children,2023,2,tt21944604
1780,Pelicula,Oregonda,2023,1,tt21961244
1781,Pelicula,Hope Joy Love Spice,2023,,tt21978956
1782,Pelicula,Avgrunden,2023,9,tt22016156
1783,Pelicula,The Sugar Experiment,2023,2,tt22171170
1784,Pelicula,Untenable,2023,1,tt22172184
1785,Pelicula,Soul Virginity,2023,3,tt22177586
1786,Pelicula,Warden,2023,9,tt22184760
1787,Pelicula,Dreaded Wolf,2023,4,tt22186780
1788,Pelicula,Sevda Mecburi Istikamet,2023,1,tt22208452
1789,Pelicula,Benim Babam Bir Kahraman,2023,6,tt22298570
1790,Pelicula,The Day We Met,2023,3,tt22302096
1791,Pelicula,The Whirlpool,2023,4,tt22370028
1792,Pelicula,Ex for Hire,2023,,tt22442972
1793,Pelicula,Stick Up Boy,2023,2,tt22443920
1794,Pelicula,Ponniyin Selvan: Part Two,2023,4,tt22444570
1795,Pelicula,Eskortnitsa,2023,3,tt22444780
1796,Pelicula,3rd October,2023,,tt22461144
1797,Pelicula,1993,2023,9,tt22460506
1798,Pelicula,Lexicon,2023,,tt22469456
1799,Pelicula,Pendatang,2023,12,tt22479650
1800,Pelicula,The Matchmaker,2023,4,tt22497824
1801,Pelicula,"Oei, ik groei!",2023,6,tt22506746
1802,Pelicula,Fatal Witness,2023,5,tt22522330
1803,Pelicula,Dorfgeschichten,2023,3,tt22633660
1804,Pelicula,Fragments of Us,2023,1,tt22641310
1805,Pelicula,A Haunting in Venice,2023,9,tt22687790
1806,Pelicula,Familia,2023,1,tt22648720
1807,Pelicula,Hunger,2023,4,tt22695402
1808,Pelicula,"Wann wird es endlich wieder so, wie es nie war",2023,2,tt22694068
1809,Pelicula,Anur: Eyes on the sunshine,2023,1,tt22696258
1810,Pelicula,Ultimate Chabite,2023,2,tt22750112
1811,Pelicula,Yaariyan 2,2023,10,tt22743064
1812,Pelicula,Holy Heist (can a man rob god),2023,2,tt22769814
1813,Pelicula,Nyersanyag,2023,,tt22770464
1814,Pelicula,Rózyczka 2,2023,10,tt22778002
1815,Pelicula,Kodai,2023,2,tt22794788
1816,Pelicula,Family Man in America,2023,3,tt22780772
1817,Pelicula,Cheers,2023,1,tt22801924
1818,Pelicula,Knee Deep,2023,,tt22853306
1819,Pelicula,The Shepherd's Supper,2023,3,tt22867732
1820,Pelicula,Snegir,2023,6,tt22900230
1821,Pelicula,Surya,2023,1,tt22907680
1822,Pelicula,Aazam,2023,5,tt22932536
1823,Pelicula,Omme Nodide,2023,6,tt23024254
1824,Pelicula,Elham,2023,1,tt23036580
1825,Pelicula,Kadinlara Mahsus,2023,12,tt23049296
1826,Pelicula,Serçenin Gözyasi,2023,10,tt23049286
1827,Pelicula,Where to Begin,2023,,tt23141536
1828,Pelicula,Mummies,2023,2,tt23177868
1829,Pelicula,Godzilla Minus One,2023,12,tt23289160
1830,Pelicula,Berlin Cake,2023,1,tt23326074
1831,Pelicula,One Last Chance,2023,5,tt23326872
1832,Pelicula,Hay que Hablar,2023,3,tt23457150
1833,Pelicula,L'altra metà di me sei tu,2023,2,tt23459110
1834,Pelicula,Cyber Manickam,2023,,tt23471400
1835,Pelicula,A Long Way to Come Home,2023,2,tt23472308
1836,Pelicula,Torture,2023,-,tt23473066
1837,Pelicula,Trust Me,2023,2,tt23490546
1838,Pelicula,Valami madarak,2023,12,tt23546320
1839,Pelicula,Nada Que Ver,2023,2,tt23553530
1840,Pelicula,Hard Drive,2023,-,tt23554034
1841,Pelicula,Aborted Assignment,2023,1,tt23554500
1842,Pelicula,The Vaccine War,2023,9,tt23554840
1843,Pelicula,Pyar Ki Policy,2023,10,tt23558818
1844,Pelicula,Asfalt,2023,5,tt23561322
1845,Pelicula,The Vaccine War,2023,8,tt23574542
1846,Pelicula,Best Friends,2023,7,tt23626132
1847,Pelicula,Jaaiye Aap Kahan Jaayenge,2023,3,tt23631622
1848,Pelicula,Enkilum Chandrike,2023,2,tt23635684
1849,Pelicula,Ellos eatnu - La elva leve,2023,2,tt23638090
1850,Pelicula,Princess Principal: Crown Handler: Chapter 3,2023,4,tt23638846
1851,Pelicula,Aikatsu! 10th Story: Starway to the Future,2023,1,tt23642616
1852,Pelicula,Järjettömän paska idea,2023,1,tt23648490
1853,Pelicula,Kutch Express,2023,1,tt23664710
1854,Pelicula,Mlan Jochna,2023,2,tt23664788
1855,Pelicula,Hoax: The Kidnapping of Sherri Papini,2023,1,tt23697628
1856,Pelicula,Kaibutsu,2023,6,tt23736044
1857,Pelicula,Das Ka Dhamki,2023,3,tt23745844
1858,Pelicula,1984,2023,11,tt23769666
1859,Pelicula,La exposición,2023,3,tt23777086
1860,Pelicula,Don't Go Outside,2023,2,tt23778218
1861,Pelicula,Poyekhavshaya,2023,3,tt23789808
1862,Pelicula,Ganjil Genap,2023,6,tt23807292
1863,Pelicula,Kanjoos Majnu Kharchili Laila,2023,1,tt23809706
1864,Pelicula,My Ex Is My Next,2023,2,tt23830338
1865,Pelicula,Devbhoomi,2023,5,tt23839284
1866,Pelicula,Barfota Rop,2023,1,tt23849066
1867,Pelicula,Inamdar,2023,10,tt23857330
1868,Pelicula,Joint Custody,2023,1,tt23861470
1869,Pelicula,Saath Sobat,2023,1,tt23870662
1870,Pelicula,The Confession Musical,2023,2,tt23872008
1871,Pelicula,Thugs of Ramaghada,2023,1,tt23875604
1872,Pelicula,"You Never Know, One Day You Too Might Become a Refugee",2023,3,tt23972516
1873,Pelicula,"Bravo, Burkina!",2023,1,tt24055620
1874,Pelicula,All Your Faces,2023,3,tt24070754
1875,Pelicula,Reality,2023,5,tt24068064
1876,Pelicula,The Persian Version,2023,2,tt24076146
1877,Pelicula,Shri Balaji Photo Studio,2023,6,tt24076206
1878,Pelicula,Heroico,2023,9,tt24079846
1879,Pelicula,Zoskina zapravka,2023,4,tt24084852
1880,Pelicula,Switch,2023,1,tt24076346
1881,Pelicula,Scroll,2023,2,tt24133876
1882,Pelicula,Yura dvornik,2023,5,tt24178392
1883,Pelicula,Russkiy krest,2023,4,tt24215106
1884,Pelicula,"Sneg, sestra i rosomakha",2023,2,tt24217762
1885,Pelicula,Meongmongi,2023,3,tt24218390
1886,Pelicula,Mr. Wrong,2023,12,tt24222246
1887,Pelicula,Mühr-ü Musallat 2: Yasak Dügün,2023,7,tt24248430
1888,Pelicula,Le cours de la vie,2023,5,tt21997718
1889,Pelicula,Dream Girl 2,2023,10,tt22086334
1890,Pelicula,Passion of Christ 3,2023,1,tt22092518
1891,Pelicula,YA - boginya,2023,9,tt22095520
1892,Pelicula,Bad Girl Virtuous Woman,2023,7,tt24250850
1893,Pelicula,Wechselspiel,2023,1,tt24260118
1894,Pelicula,Nobody Belongs to Nobody,2023,4,tt24325846
1895,Pelicula,Emanuelle in Sin City,2023,1,tt24328766
1896,Pelicula,Selfiee,2023,2,tt24330196
1897,Pelicula,Scamsgiving,2023,1,tt24330660
1898,Pelicula,Golova-zhestyanka,2023,6,tt24331572
1899,Pelicula,Tuda i obratno,2023,9,tt24339240
1900,Pelicula,Wo te po po tsen me pa chuan chuan kao tiu le,2023,1,tt24354288
1901,Pelicula,Lollipops and Candyfloss,2023,2,tt24417160
1902,Pelicula,Dilated Pupils,2023,,tt24423974
1903,Pelicula,It's Lonely at the Top,2023,3,tt24454164
1904,Pelicula,Pokusa,2023,1,tt24464438
1905,Pelicula,Intikam Oyunlari,2023,4,tt24485282
1906,Pelicula,Omission,2023,3,tt24514130
1907,Pelicula,Sarla Ek Koti,2023,1,tt24580986
1908,Pelicula,Moha,2023,1,tt24655620
1909,Pelicula,#Manhole,2023,2,tt24670176
1910,Pelicula,My Best Friend Daadu,2023,1,tt24701256
1911,Pelicula,Just You & I,2023,2,tt24717878
1912,Pelicula,A Primeira Idade,2023,1,tt24757926
1913,Pelicula,La Plage,2023,10,tt24768726
1914,Pelicula,Gurudev Hoysala,2023,3,tt24787322
1915,Pelicula,Maryam Pagi Ke Malam,2023,1,tt24805844
1916,Pelicula,A Teenage Tragedy,2023,12,tt24850758
1917,Pelicula,Musandi,2023,6,tt24852948
1918,Pelicula,Die middag,2023,5,tt24853090
1919,Pelicula,AYL!N,2023,2,tt24990632
1920,Pelicula,Hükümet Bey,2023,,tt25011204
1921,Pelicula,Dead people,2023,2,tt25041218
1922,Pelicula,Hussle Game,2023,4,tt25051104
1923,Pelicula,Samadhanathinte Vellaripravukal,2023,6,tt25052602
1924,Pelicula,Bamboo,2023,1,tt25054106
1925,Pelicula,Main Atal Hoon,2023,12,tt25134642
1926,Pelicula,Strasti po Matveyu,2023,10,tt25135186
1927,Pelicula,Dykhaniye,2023,6,tt25135120
1928,Pelicula,Songy Ykim,2023,9,tt25135272
1929,Pelicula,Scandal Makers,2023,1,tt25150038
1930,Pelicula,Ho Ja Mukt,2023,1,tt25150506
1931,Pelicula,Dhishkyaoon,2023,2,tt25151194
1932,Pelicula,Karma,2023,2,tt25151390
1933,Pelicula,Mockingbird,2023,3,tt25151950
1934,Pelicula,Fatal: Chapter 1,2023,,tt25153942
1935,Pelicula,Tendlya,2023,5,tt25154816
1936,Pelicula,All the Colours of the World Are Between Black and White,2023,11,tt25161220
1937,Pelicula,Mammalia,2023,9,tt25292618
1938,Pelicula,Leap of Faith,2023,1,tt25353278
1939,Pelicula,Alhamour H.A.,2023,1,tt25366998
1940,Pelicula,Mor Yaar Superstar,2023,1,tt25376122
1941,Pelicula,Char Cup Chai,2023,6,tt25376340
1942,Pelicula,Tomorrow,2023,9,tt25381416
1943,Pelicula,Krazha v Ermitazhe,2023,,tt25382310
1944,Pelicula,Panibugho,2023,1,tt25386876
1945,Pelicula,V3,2023,1,tt25384766
1946,Pelicula,Bluff,2023,1,tt25392760
1947,Pelicula,Distractions,2023,4,tt25392866
1948,Pelicula,Subhedar,2023,8,tt25396050
1949,Pelicula,Sleigh Queen,2023,12,tt25397596
1950,Pelicula,The Sonneteer,2023,1,tt25399036
1951,Pelicula,Dans la peau d'un caïd,2023,1,tt25401864
1952,Pelicula,Duan Nago Bogho,2023,1,tt25403912
1953,Pelicula,Adissa,2023,1,tt25407078
1954,Pelicula,Aaro Ek Prithibi,2023,2,tt25407264
1955,Pelicula,Koduvaa,2023,2,tt25420114
1956,Pelicula,Naanu Kusuma,2023,1,tt25420714
1957,Pelicula,A Journey to Kasi,2023,1,tt25425178
1958,Pelicula,Aadikeshava,2023,11,tt25434168
1959,Pelicula,Shen hai,2023,1,tt25434854
1960,Pelicula,"Ma, I Love You",2023,1,tt25434818
1961,Pelicula,Sin Clock,2023,2,tt25434980
1962,Pelicula,Reiraku,2023,3,tt25435060
1963,Pelicula,Prise au piège,2023,2,tt25435798
1964,Pelicula,Congratulations,2023,2,tt25436804
1965,Pelicula,Flora and Son,2023,9,tt25471950
1966,Pelicula,Assistant,2023,1,tt25477164
1967,Pelicula,7x7,2023,2,tt25461988
1968,Pelicula,Libertate,2023,10,tt25504794
1969,Pelicula,Leon - Kämpf um deine Liebe,2023,1,tt25505060
1970,Pelicula,Dirty,2023,3,tt25505456
1971,Pelicula,Love & Brotherhood Sequel,2023,1,tt25506290
1972,Pelicula,To Freedom,2023,1,tt25573976
1973,Pelicula,Rohan at the Louvre,2023,9,tt25582396
1974,Pelicula,Broken Eyes,2023,10,tt25589808
1975,Pelicula,Muzzled,2023,6,tt25602582
1976,Pelicula,The Girl Who Escaped: The Kara Robinson Story,2023,2,tt25602750
1977,Pelicula,Lacee Rise to the Top,2023,2,tt25604084
1978,Pelicula,Y Swn,2023,3,tt25668132
1979,Pelicula,Match,2023,,tt25711090
1980,Pelicula,Angel,2023,1,tt25722552
1981,Pelicula,A Winter Tale at Shimla,2023,5,tt25729566
1982,Pelicula,Ping Pong: The Triumph,2023,2,tt25730402
1983,Pelicula,Hong Kong Family,2023,1,tt25730778
1984,Pelicula,Jaws of Life,2023,-,tt25732238
1985,Pelicula,5 Billion Reasons,2023,1,tt25770976
1986,Pelicula,Mask,2023,1,tt25809252
1987,Pelicula,Streets,2023,1,tt25785622
1988,Pelicula,Do Over,2023,4,tt25786480
1989,Pelicula,Fate Whisper,2023,1,tt25810546
1990,Pelicula,Mareyade Kshamisu,2023,1,tt25814516
1991,Pelicula,The Producer's Chronicles,2023,,tt25816706
1992,Pelicula,Smarami,2023,2,tt25815968
1993,Pelicula,Tai tou jian xi,2023,1,tt25830282
1994,Pelicula,Ararat,2023,2,tt25846662
1995,Pelicula,The Day Before the Wedding,2023,1,tt25874946
1996,Pelicula,Layar,2023,1,tt25875858
1997,Pelicula,The Man of D.C.,2023,,tt25919640
1998,Pelicula,Valentina,2023,,tt25940670
1999,Pelicula,Fulbari,2023,2,tt25828590
