,titulo,anio,puntuacion_rotten
0,Paranoia Tapes: URBAN LEGEND,2020,
1,The Last Queen on Earth,2020,
2,Like.Share.Repost.,2020,
3,Daily Bus,2020,
4,Moonboy,2020,
5,Whenever You're Ready,2020,
6,1 Euro/9 Minutos,2020,
7,Pajama Party Work Night,2020,
8,Dropped,2020,
9,Fantasy Pony,2020,
10,Días Negros,2020,
11,Break and Run,2020,
12,Nur ein Augenblick,2020,
13,Pipe Dream,2020,72
14,Bossy,2020,
15,Vanity Project,2020,
16,Mr. Psychiatrist,2020,
17,John Mortonson's Funeral,2020,
18,Zeen?,2020,
19,Teech and Bron,2020,
20,On the mind,2020,
21,At the Back,2020,
22,Shades of the Ranebo,2020,
23,Red,2020,
24,The Legend of Stella,2020,
25,Rebirth,2020,43
26,Fantasy,2020,
27,Tyler,2020,
28,Pink Pool,2020,
29,Huida del Nido,2020,
30,Achan and Ezra,2020,
31,The Love Prank,2020,
32,#shootme,2020,
33,Dive Under,2020,
34,Life Undefined,2020,
35,Bad Day Sam,2020,
"36,""Oh, Baby!"",2020,"
37,What Bitch?,2020,
38,Ett hett rum,2020,
39,We All Just Want to Be Mad,2020,
40,Only Plastics and Diamonds Are Forever,2020,
41,Sofa Queen,2020,
42,Alina in Wonderland,2020,
43,The Big Ask,2020,
44,We Deliver a Smile,2020,
45,Dream On,2020,12
46,Zoe and Hanh,2020,
47,A Postcard to Nina,2020,
48,Stump the Guesser,2020,
49,Muy Gay Too Mexicano,2020,
50,How to Quit,2020,
51,Mystery Flavor,2020,
"52,""The Nun, the Witch and the Bloodsucker"",2020,"
53,A New Leash on Life,2020,
54,Green Cobra,2020,
55,Cruel Shoes,2020,
56,Underdog Days,2020,
57,Push the Point,2020,
58,Crazy,2020,
59,Cruel and Unusual Therapy,2020,
60,Wrightwood,2020,
61,Gold and Girl,2020,
62,The Plane Truth,2020,
63,Renters,2020,
64,Fiambre,2020,
65,Wokeman: Women in the Workplace,2020,
66,Alexa,2020,
67,The End,2020,76
68,Road Kill Renegade,2020,
69,F.M. Live,2020,
70,1995,2020,
"71,""Have Wine, Will Travel"",2020,-"
72,Ripe,2020,0
"73,""The End, The Beginning"",2020,"
74,Pink Bike,2020,
75,Forestillingen om VI,2020,
76,Budget Dus Hazaar,2020,
77,The Realm Beyond Reason,2020,
78,Flit,2020,
79,Koschei the Deathless,2020,
80,The Train Ride,2020,
81,Waimea,2020,
82,The Hat,2020,
83,Brocoli,2020,
84,Cagney and Hooch,2020,
85,You Hired a Hitman,2020,
86,Demagogy,2020,
87,The Outcast Kid,2020,
88,Gastropod,2020,
89,Death by PowerPoint,2020,
90,To Hollywood with Love,2020,
91,Killer Missionaries,2020,
92,Death of the Party,2020,
93,Where To Bury Me,2020,
94,Hasta cuando,2020,
95,Call Waiting,2020,
96,Telecommuter,2020,
97,The Cyclops Diet,2020,-
98,Bing! Bang! Bi!,2020,
99,Attorneys at Love,2020,
100,The Bra Mitzvah,2020,
101,Another Cabin Massacre,2020,
102,A Perfect Husband,2020,-
103,Push Harder,2020,
104,Acto reflejo,2020,
105,Leafer,2020,
106,Strings,2020,
107,Saturday the 14th,2020,10
108,Vacaciones involuntarias,2020,
109,Charity Case,2020,
110,Portrait of a Rocker: B-side,2020,
111,Lookin4Love,2020,
112,Nique Verlaine,2020,
113,Revolvo,2020,
114,The Purse: A Dream in Two Acts,2020,
115,Home Cooking,2020,
116,All about girls,2020,
117,Take Care of Me,2020,
118,Balnéothérapie,2020,
"119,""Fools, Gold"",2020,"
120,HBDTM,2020,
121,Misconnected,2020,
122,Orthorexia,2020,
123,Zach King's Day Off,2020,
124,Rafeeq Like Me,2020,
125,Vernissage,2020,
126,The Hash-Slinging Slasher,2020,
127,The Queen of TacoBurger,2020,
128,Phantom Spectre,2020,
129,Wiggle,2020,
130,A Tale of Two Women,2020,
131,I Heart Lilly,2020,
132,Toto,2020,
133,Beer! Beer!,2020,
134,Lil' Balzac 2,2020,
135,Feeling Flush,2020,
136,Becoming Eddie,2020,
137,Soulless,2020,75
138,A Piece of Cake,2020,
139,El Borracho: El vino viejo es el más peleón,2020,
140,Two Out-of-Work Actors,2020,
141,Red Flags,2020,
142,Killer Revelations,2020,
143,I Love You Moocho,2020,
144,Rigor Mortis,2020,65
145,postpartumm...,2020,
146,The Fortune of Grandma Ruby,2020,
147,Tiro Dominical,2020,
148,Sleight of Hand,2020,
149,Stalling It,2020,
150,Brought to You by Satan,2020,
151,Tea Time,2020,
152,The Difficult Kids,2020,
153,Permanent Record,2020,
154,Trois pissenlits dans un verre d'eau,2020,
155,A Date with Death,2020,
156,Cravings,2020,
157,Just Desserts,2020,48
158,Unhappy Birthday,2020,27
159,Ray's Last Day,2020,
160,Hidden Secrets,2020,76
161,Junk,2020,29
162,The Birth of Valerie Venus,2020,
163,Dinner With Grandma,2020,
164,Catfish Killer,2020,
165,Fake,2020,
166,When Jinn Whisper,2020,
167,Upstream with Jimmy Dallas,2020,
168,Whatever happened to Ms Longstocking,2020,
169,Catch,2020,
170,Skinny-Webz: Honey I'm Home,2020,
171,The Axe and the Iron,2020,
172,The Yooper Project,2020,
173,Dying to Live,2020,-
174,Stuck,2020,52
175,Kingdom Animalia: The Melanie Fyfe Story,2020,
176,Nice,2020,
177,Disco Dynamite,2020,
178,Snooze,2020,
179,Laugh It Off,2020,
180,Self,2020,
181,Blocks,2020,
182,Stuporhero,2020,
183,Män och mensspray,2020,
184,Here to Collect,2020,
185,The Parts That Stay,2020,
186,Punch,2020,81
187,This Blessed Plot,2020,100
"188,""Scarlett, Shanghai & Me"",2020,"
189,PRIM/GATE,2020,
190,Oddawa,2020,
191,Clip,2020,
192,Mime,2020,
193,Paese che vai,2020,
194,Home Movies,2020,100
195,Fargate,2020,
196,Lost & Found,2020,73
197,The Girl from the Other Side,2020,
198,Mixer,2020,
199,Duck Egg Blue,2020,
200,The Ultimate Showdown,2020,
"201,""Two Wizards, One Staff"",2020,-"
202,Cultured,2020,
203,Scandalo al sole,2020,
204,Boomslang,2020,
205,Hunger Pains,2020,
206,The Last Male in the World,2020,
207,Surprise in the Night,2020,
208,Living Next Door to Alex,2020,
209,Play Along,2020,
210,Were You Gay in High School?,2020,-
211,Sensitive Senses,2020,
212,The Super Stoned,2020,
213,Gary Got Involved!,2020,
214,The Tampon,2020,
215,King of Angels,2020,
216,Garlic,2020,
217,2000: En Videobutikk,2020,
218,Our Song,2020,91
219,I am Vladdy Lipshitz,2020,
220,The Lair,2020,35
221,Pimples n' Nipples,2020,
222,A New Day,2020,
223,Rumspringa,2020,30
224,Don't Be A Bitch,2020,
225,She Had It Coming,2020,
226,Weekend at Jesus's,2020,
227,The Italian,2020,
228,Jimmy's Tale,2020,
229,Camille sans contact,2020,
230,Psycho Sally,2020,
231,Unwritten,2020,
232,The Last Jeff,2020,
233,Blue Butterfly,2020,
234,Want To Pick Me Up?,2020,
235,Two Pan Dan,2020,
236,Don't Try This Alone,2020,
237,A House Divided,2020,-
"238,""So, What Do You Think?"",2020,"
239,Yet Another,2020,
240,The Robbery,2020,
241,The Usual Students,2020,
242,Lighter,2020,
243,Badaren,2020,
244,The Clarinet,2020,
245,Operation: Clean Slate,2020,
246,For the Boys,2020,44
247,Rollover,2020,70
248,Girl Callin',2020,
249,I Don't,2020,
250,Tender,2020,
251,Tone Dead,2020,
252,The Mobfather,2020,
253,The Lucky Man,2020,43
254,Hollywood Hacks,2020,
255,Authentic Personalities,2020,
256,Borra la foto,2020,
257,N'Everest,2020,
258,Theo & Casey Make New Friends,2020,
259,Jersey,2020,50
260,Coffee Shop Names,2020,-
261,The Road to Camp Miracle,2020,
262,Identity Curves,2020,
263,Lip Service,2020,75
264,Seance-ing,2020,
265,Visiting Hours,2020,14
266,Taboo,2020,76
267,Adult Night,2020,
268,The Mumbler,2020,
269,Byte,2020,
270,Unlucky Jimmy,2020,
271,Turducken,2020,
272,Love for Hire,2020,-
273,Belial,2020,
274,Choking Hazard,2020,
275,Hateful Forty-Eight,2020,
276,Confeti,2020,
277,Make Paul Great Again,2020,
278,Tickets,2020,71
279,In Hope of Nothing,2020,
280,Pünt,2020,
281,Scattered,2020,
282,Gladys & Dee Dee: Secrets,2020,
283,For Sale,2020,
284,Greek Gossip,2020,
285,The School of the Americas,2020,
286,Vorstadttiere,2020,
287,A love story,2020,
288,Leave a Message,2020,
289,The River at Eleven: My Enemy,2020,
290,The Beast,2020,56
291,Liam: The New Manager,2020,
292,Tacaro 5,2020,
293,Thick As Thieves,2020,56
294,Party Like It's 1984,2020,
295,The Jingle,2020,
296,Lo Entenderá,2020,
297,Dos Corazones,2020,
298,Tangled Tinsel,2020,
299,The Ceremony,2020,79
300,Woman with the Pearl Earring,2020,
301,Nocturne Falls,2020,
302,Bass Blister,2020,
303,Connective Tissue,2020,
304,Trumpet,2020,
305,Detektivbröderna - Made in China,2020,
306,Untitled Peter Fellows Vanity Project IV,2020,
307,The Winner,2020,
308,The Feeling,2020,
309,The Lady and the Dick,2020,
310,Closest Kin,2020,
311,Mirror Spider,2020,
312,Appetite,2020,8
313,Queen of Cannes,2020,
314,Rematch,2020,
315,Nice to Meet You,2020,
316,The Split,2020,76
"317,""Neighbors, Breakups and Surprises"",2020,"
318,Crocodile Tears,2020,-
319,Support,2020,
320,Jenna Gets an Abortion,2020,
321,Knocknock,2020,
322,Common Decency,2020,
323,RxR,2020,
324,Blind Sighted,2020,
325,Medusa's Bakery,2020,
326,The Chancla,2020,
327,Sweep,2020,
328,Buck Tucker,2020,
329,Rice & Bread,2020,
330,Thunder Fit,2020,
"331,""Valet, Please!"",2020,"
332,Tavlan,2020,
333,Becoming Grim,2020,
334,Swipe Right,2020,
335,Query,2020,
336,You and Me Before and After,2020,
337,Spinners,2020,
338,June Lake,2020,
339,Joan on Her Own,2020,
340,The Great Chicken Salt Debate,2020,
341,Mom's Day Off,2020,
342,My Awesome Self,2020,
343,Dead Air,2020,20
344,The Cookie Cutter,2020,
345,Chasing Gold,2020,96
346,Numb,2020,56
347,True Waver,2020,
348,Let me help you,2020,
349,The Suit,2020,
350,Tech News Network,2020,
351,My neighbor Earl,2020,
352,I'm Not Racist But...,2020,
353,The Neighbor,2020,
354,The Gobbler,2020,
355,Ritorno al presente,2020,
356,Zhertva,2020,
357,Bittersweet,2020,8
358,Your First Day in Hell,2020,
359,O Truque de Magia,2020,
360,Oh Deer,2020,
361,Palanteer M'Bedd,2020,
362,Neutrals,2020,
363,Dream of A Lost Earring,2020,
364,A Simple F*cking Gesture,2020,-
365,Honorable Cheater,2020,
366,Everything Is Going to Be Fine,2020,
367,Ride Share,2020,
368,The Breakroom Lost Episodes: Chapter III - Into the UCWverse,2020,
369,Far from Exceptional,2020,
370,Bumper,2020,
371,Unfinished Business,2020,90
372,Seven Seconds,2020,78
373,The Women's Room,2020,-
374,Pink Elephant,2020,-
"375,""Ding-Ding, Next"",2020,"
376,Peanut,2020,
377,Dealhership,2020,
378,The Messenger,2020,90
379,The Man with His Fingers in His Ears,2020,-
380,Good Clean Fun,2020,
381,Good Mourning,2020,0
382,Ranch Hands,2020,
383,All Tied Up,2020,20
384,The Chaddening,2020,
385,Leave to Remain,2020,100
386,Old Dog,2020,100
387,Across the Room,2020,
388,Will,2020,71
389,Digging Up Dorothy,2020,
390,The Janitor's Flush 2020,2020,
391,The Best Man,2020,33
392,A Madness to my Method,2020,
393,Love Magnets,2020,
394,Simple as That,2020,
395,The Power Agent,2020,
396,Influenser,2020,
397,Liker Stilen,2020,
398,Buds 2: The Unnecessary Sequel,2020,
399,A Shot at Love,2020,
400,Baby,2020,63
401,Swedish Erotica (a comedy),2020,
402,The Watchmaker,2020,
403,Saynday,2020,
404,Lowercase Joey,2020,
405,She Said No,2020,
406,Amanhã,2020,
407,Boondax,2020,
408,Jk,2020,
409,Please Slate: A Journey Through Young Hollywood,2020,
410,Man Eater,2020,
411,Blue Balls,2020,
412,Dent,2020,
413,Blanes Esquina Müller,2020,
414,First & Last,2020,-
415,Status Change,2020,
416,Werewolf,2020,
417,Make Yourself at Home,2020,-
418,A-Tien,2020,
419,Push,2020,100
420,What in the World,2020,
421,Le soir au fond des bois,2020,
422,Granny Knows Best,2020,
423,Memoirs of a Dead Bitch,2020,
424,Afro,2020,
425,Mac Isn't Gay,2020,
426,Black Sheep,2020,72
427,Know-It-All,2020,
428,Willy Goes Way Back!,2020,
429,Survive Hope,2020,
430,CEO Fantasma (CEO Ghost),2020,
431,Promises,2020,100
432,As Is,2020,
433,Honey,2020,
434,Stuck,2020,52
435,2 Dollars,2020,
436,Lake House Lottery,2020,
437,Bitch,2020,-
438,The Fossil Fools,2020,
439,The Hankerbox,2020,
440,Burnt,2020,28
441,The Speed of Time,2020,
442,The Bachelor,2020,
443,Date Night,2020,67
444,The Missing Potato,2020,
445,6+6,2020,
446,Amethyst,2020,
447,Smoking Wet,2020,
448,Party Slut,2020,
449,Purgatory,2020,78
450,Telling Porkies,2020,
451,The Ballad of Bobby Valentine,2020,
452,Pen Island,2020,
453,A Problematic Gesture Toward Auteur Theory,2020,
454,Fo Da Culture,2020,
455,Intellectual,2020,
456,Rot oder Grün?,2020,
457,Reboot vs. The Vaporhead,2020,-
458,The Four Stages of Cancer According to Introverts,2020,
459,Bus Man,2020,
460,Nu Kommer Jag!,2020,
461,EyeTanic,2020,
462,Drama - en komedie,2020,
463,Verden gikk under på en Onsdag!,2020,
464,Strawberry Fields,2020,60
465,Bible Gangsters,2020,
466,Lizzy's Plan,2020,
467,Allegory of the Man Cave,2020,
468,Undead Life,2020,
469,Demme,2020,
470,Biff & Me,2020,
471,Colleagues,2020,
472,Between Two Valleys,2020,
473,Príbuzenstvo,2020,
474,Nutmeg: The Movie,2020,
475,How I Learned to Breathe Out of Water,2020,
476,Cheater,2020,
477,Workshop,2020,
478,Watching Paint Dry,2020,
479,Country Club Mafia,2020,
480,Rumpa,2020,
481,I Love Your Guts,2020,
482,Not Your Average Bear,2020,
483,Disco Apocalypse,2020,
484,Jeep Boys,2020,
485,With Interest,2020,-
486,The Perfect Game,2020,58
487,The Elephant Spiel,2020,
488,Gold,2020,65
489,La Terapia,2020,
490,Operación RAE,2020,
491,Loose Change,2020,-
492,Bl nd Sp t,2020,
493,Murmur,2020,
494,Ren and Stimpy: It's Our House Now!,2020,
495,My Gift to You,2020,
496,What Problems,2020,
497,Football Party Massacre,2020,
498,A Guide to Being Herman,2020,
499,Sugarbabies,2020,
500,The International Style,2021,
"501,""Oak, Ivy, and Other Dead Elms"",2021,"
502,If I Only had a Name,2021,
503,La metafísica del asesino,2021,
504,Welcome to Mumbai,2021,
505,The Nod,2021,
506,Miss Fortunate,2021,
507,The Nicky Nack,2021,
508,2Cha,2021,
509,You Too,2021,
510,Nineteen on Fire,2021,
511,Playboy Eddy,2021,
512,An Interloper's Kiss,2021,
513,Kill Cat Oakland,2021,
514,Harmony in Gold,2021,
515,The Simplicity of Life,2021,
516,Bella Wild,2021,
517,Destined to Fail,2021,
518,Just Johnny,2021,
519,Change Will Come,2021,
520,The Ouiji Spot,2021,
521,Beverly Hills Vet Spa,2021,
522,The Zeke Sanders Story,2021,
523,The Start of the End,2021,
524,Orrajt,2021,
525,Home Sweet Hell,2021,5
526,It's Always Something,2021,
527,Pulp Friction,2021,
528,Contra la pared,2021,
529,The Dump,2021,
530,Hookers & Blow,2021,
531,Celine,2021,59
532,Untitled 2nd Epic Nerf Battle Project,2021,
533,Glory & Injustice,2021,
534,BJ's Mobile Gift Shop,2021,
535,The Auditon,2021,
536,Chuck!,2021,
537,Headphones,2021,
538,Sing (to me),2021,
539,Class,2021,100
540,Heads-a-Poppin'!,2021,
541,Perchance to Dream,2021,
542,The 90 Day Plan,2021,
543,Beats,2021,97
544,Mixed Feelings,2021,
545,Liza Anonymous,2021,
546,Vinyl Child,2021,
547,Comme des grands,2021,
548,CheckMate,2021,
549,For the Views,2021,
550,Arnold & The Purrfect Murder,2021,
551,Bootstrapped,2021,
552,Ex's Anonymous,2021,
553,Close Ties to Home Country,2021,
554,The Wayward Sisters,2021,
555,Smoothies for Lost Souls,2021,
556,Tour De Force,2021,45
557,All-In,2021,
558,The River at Twelve: The Transition,2021,
559,The River at Thirteen: My Love,2021,
560,The Fear of Beer,2021,
561,Blood on the Screenplay,2021,
562,Pool Ghouls,2021,
563,Petra,2021,94
564,Drunk,2021,
565,Mud,2021,97
566,A Heartfelt Change,2021,
567,IRA: Cashing In,2021,
568,Greg,2021,
569,The Breakdown Parables,2021,
570,Mark II,2021,
571,Date Wars 10,2021,
572,The 420 Club,2021,
573,You Eat Other Animals?,2021,
574,Bons amis,2021,
575,Super Bois,2021,
576,Swiped,2021,17
577,She Used to Laugh,2021,
578,Junk DNA,2021,
579,Last Strike,2021,
580,In the Woods with a Dead Dog,2021,
581,Wrong Way Up,2021,
582,The 80s,2021,
583,Wormhole in the Washer,2021,
584,City of Pigs,2021,
585,Over My Dead Body,2021,
586,Getaway,2021,
587,Robin de roodborst,2021,
588,Don't Frighten the Horses,2021,
589,Roundabouts,2021,
590,Tuxedo Terrace,2021,
"591,""Pussy, Pussy, Bling, Bling"",2021,"
592,Withdrawals,2021,
593,Sweet Dreams,2021,100
594,Dating Death,2021,33
595,Hockley Types,2021,
596,Afentheater,2021,
597,The Legends of Faymaple Hills,2021,
598,Biased,2021,
599,The Big Parade,2021,100
600,Rico,2021,
601,This Will Be My Last Cigarette,2021,
602,Fame (or something like it),2021,
603,T'es morte Hélène,2021,
604,Pie,2021,
605,The Porcupines,2021,
606,A Guide to Dining Out in Nairobi,2021,
607,Presents,2021,
608,Hot Pink,2021,
609,Debt Men,2021,
610,Cactus & Mime,2021,
"611,""Sex, Likes and Stories"",2021,"
612,Alma and the Climate,2021,
613,Dans les parages,2021,
614,Bruits blancs,2021,
615,First Love,2021,40
616,Expiation,2021,
617,Kilo,2021,
618,Constantly in Action Man,2021,
619,The Grim Truth,2021,
620,Untitled Brett Maline Project,2021,
621,Color My World,2021,
622,No Hard Feelings,2021,70
623,Bloom,2021,-
"624,""Come On, Shake Your Body Baby, Do the Conga!"",2021,"
625,Beach Boy,2021,
626,Till Death,2021,
627,Welcome to Usma,2021,
628,Maybe I Don't Actually Suck,2021,
629,Queen of Hearts: Before Alice Went Down the Rabbit Hole,2021,
630,The Rite Girl,2021,
631,Sound Mind: Sound Mind,2021,
632,Chicken Out,2021,
633,72 Hour Hold,2021,
634,Adieu from Brussels,2021,
635,Sisters!,2021,
636,The Date,2021,
637,Murder Chaser: A Detective Linda Story,2021,
638,You Said What?,2021,
639,Un Mec Gentil,2021,
640,The Invite,2021,
641,Fleeced,2021,
642,Untitled Bowling Alley Movie,2021,
643,The Other Morgan,2021,
644,Stick Up,2021,
645,Chocolate Thunder,2021,
646,Udgangen finder De samme sted De kom ind,2021,
647,Game Brunch,2021,
648,Guul,2021,
649,Uncle Steve's CD Sleeve,2021,
650,The Trip,2021,-
651,Mind the Gap,2021,56
652,You Wish,2021,
653,Behind the Mask,2021,38
654,Lost Signal,2021,
655,Handbook for a Privileged European Woman,2021,
"656,""We're doing our best, right?"",2021,"
657,Coasters: A Film by Ben Kurns,2021,
658,Dot Dot Dot,2021,
659,Popcorn,2021,-
660,TolisLive i (Toronto),2021,
661,Buzz Cut,2021,
662,Wine and Roses (and Wine),2021,
663,Used,2021,
664,ChatterBox,2021,
665,Table Talk,2021,
666,The Occult Son,2021,
667,Pole Climb,2021,
668,M*therfucker,2021,
669,Birthday Blood,2021,
670,Rent Do,2021,
671,Sanjay Saves the World,2021,
672,Aliens on Halloween,2021,
673,Me Again...,2021,
674,Midtown Mixup,2021,
675,Lash!,2021,
676,Virus Fem,2021,
677,Baelin's Route: An Epic NPC Man Adventure,2021,
"678,""Strange Lover, Or: How I Learned to Stop Worrying and Love the Quarantine"",2021,"
679,Winning in America,2021,
680,Last Fish Finger in the World,2021,
681,Bound,2021,87
682,The JayShow Movie,2021,
683,Frank & Emmet,2021,
684,Complicated,2021,-
685,A Confident Man,2021,
686,Escape Party,2021,
687,Piña Coladas,2021,
688,Homefish,2021,
689,Lovesick in the West Bank,2021,
690,Office Manager,2021,
691,IRL,2021,100
692,Plenty of Fish,2021,
693,Date Night,2021,67
694,Strobicon,2021,
695,Sock,2021,
696,Upgrade,2021,88
697,Let's Kill Grandpa Joe,2021,
698,Calico Kid,2021,
699,Good Time,2021,91
700,Bump,2021,
701,Keaton & Lloyd,2021,
702,Please Care,2021,
703,People Holes,2021,
704,Investi-GAY-tion,2021,
705,Not selected,2021,
706,Adam & Eve and an Apple,2021,
707,MacGAYver,2021,
708,GAYted Community,2021,
709,How I Raised My Mom,2021,
710,Aces,2021,20
711,Moronavirus,2021,
712,Moorriiss the Robot,2021,
713,Story.Telling,2021,
714,S*!T,2021,
715,The Trees,2021,
716,Vegan and Then Sum,2021,
717,Okay Google,2021,
718,F News,2021,
719,Edamame,2021,
720,Something Borrowed,2021,15
721,The N0ughty List III,2021,
722,Shiny New World,2021,
723,Special Evening part 2,2021,
724,Le discours philosophique de Pierre du vendredi soir au samedi apres-midi,2021,
725,What's Yours is Mine,2021,
726,The Deal,2021,27
727,Ibiza,2021,67
728,Chocolate Roulette,2021,
729,Badnapping,2021,
730,Open Mic at the Comedy Cabaret,2021,
731,The C Word,2021,100
732,Don't Touch Me,2021,
733,Tere,2021,
734,The Interview,2021,
735,Hex & Rage,2021,
736,Isodate,2021,
737,Otra vez Juan?,2021,
738,Swiped Out,2021,
739,Shut Up and Salute,2021,
740,Because I'm Black,2021,
741,Seph & Danny Were Here,2021,
742,YO!,2021,
743,Tales of Useless Beauty,2021,
744,Companions,2021,
745,Paradiesvogel,2021,
746,Velvet Crush,2021,
747,The Searcher,2021,
748,A Summers Day at Sherwood Park,2021,
749,Saving Daylight,2021,
750,Pineapple Insurance,2021,
751,Turning the Tide,2021,
752,Green Banana,2021,
753,Revolt,2021,60
754,The Carducci Talent Show,2021,
755,Afrodisiac,2021,
756,Fish on Mars,2021,
757,Killing Kitty,2021,
758,A Sunny Day on Melancholy Street,2021,
759,Pandeemia,2021,
760,Alien Hunters,2021,
761,TYCU,2021,
762,Alice in Somnia,2021,
763,The Life of Paula,2021,
764,Escaping Ohio,2021,-
765,Hiya Janice,2021,
766,What If Sex Was A Sport 2021,2021,
767,Terrordactyl: Extinction USA,2021,
768,Woman,2021,
769,Man,2021,
770,Love Bites,2021,43
771,Literary Attention,2021,
772,Tigerlilly,2021,
773,American Girl,2021,100
"774,""Have Courage, Clarence!"",2021,"
775,The Man at the Bottom of the Garden,2021,
776,Mugsey Seaside Drive,2021,
777,American Scumbag,2021,
778,Closer Than Close,2021,
779,The Neckbreaker,2021,
780,Let's Keep This Professional,2021,
781,Terms of Employment,2021,
782,A Lonely Conversation,2021,
783,Speaking,2021,
784,A Hill to Die On,2021,
785,Badass Princess,2021,
786,Eliza's Roll,2021,
787,Tonton Maurice,2021,
788,Fizz Brains,2021,
789,Psycho Therapy,2021,
790,Recline Time,2021,
"791,""Us, Again"",2021,"
792,Mikey & Marie,2021,
793,Compliant,2021,
794,Knock,2021,
795,Man Haunt,2021,
"796,""Sing, O Muse"",2021,"
797,A Woman in Heat,2021,
798,Tycu II,2021,
799,Dagger,2021,
800,Brother Mary,2021,
801,The Cook,2021,66
802,Bask,2021,
803,Amiga Virtual,2021,
804,I due amori di Valerio Santi,2021,
805,C'est meilleur avec des cornichons,2021,
806,It's a Date!,2021,
807,Madeline the Child Exorcist,2021,
808,Work,2021,
809,Primary Concern,2021,
810,Taylor & Barinov 3,2021,
811,Our Friend Andrew,2021,
"812,""It's Not You, It's Her"",2021,"
813,The Announcement,2021,-
814,Teens,2021,
815,A Few Miles South,2021,
816,Up to Here,2021,
817,Hellige Høne,2021,
818,USA Holiday,2021,
819,Dead End,2021,78
820,Alex and Sam's Mixtape,2021,
821,Just the Two of Us,2021,
822,Troll,2021,90
823,Dot,2021,
824,The Dead Collectors,2021,
825,Tinsel over Twizel,2021,
826,Talponi,2021,
827,Empty Hands,2021,
828,Working Out the Kinks,2021,
829,Roy,2021,0
830,Ett liv för hundra spänn,2021,
831,Gud i himlen,2021,
832,Bunkern,2021,
833,Lie Low,2021,
834,Everything was fine,2021,
835,The Gospel According to Gail,2021,
836,Flushed,2021,-
837,Show Me What You Got,2021,80
838,Covid Tales: House Party,2021,
839,Hell in a Handbasket,2021,
"840,""Love, Carol"",2021,"
841,Sí,2021,
842,Bucket Hat!,2021,
843,From Here to Here,2021,
844,Crime Scene Ringer,2021,
845,Real Heroes Don't Die,2021,
846,The Ungrateful Son,2021,
847,Isaiah Nicks: Mother vs. Cable 2,2021,
848,Because of Mika,2021,
849,Dear Prospective Student,2021,
850,Danzamatta,2021,
851,Relax with Draco,2021,
852,Junkie Opera,2021,
853,FanFobia,2021,
854,The Rough Gig,2021,
855,Rated R,2021,
856,The Lesson,2021,76
857,Madd4_U,2021,
858,The Pink Elephant,2021,
859,GOLF - Tee Shot,2021,
860,Difficulties,2021,
861,Jouvencelle,2021,
862,Nacho,2021,
863,Catarina,2021,
864,Kisha Kissed Me,2021,
865,Nothing's Original,2021,
866,The Ring,2021,71
867,Welcome to Los Angeles,2021,
868,Ladies Room,2021,46
869,Managing,2021,
870,Reencuentro,2021,-
871,Plaisir,2021,
872,The Club,2021,88
873,Blue Ruby,2021,
874,One More Night,2021,
875,The First Sunday After the First Full Moon,2021,
876,Fish,2021,
877,Closest to the Pin,2021,
878,Ropey,2021,
879,Just a Friendly Obsession,2021,
880,Netflix & Chill,2021,
881,Fat Stripper,2021,
882,Leaf,2021,
883,Common Ground,2021,81
884,Daddy Daughter Drugs,2021,
885,Vårens första brasa,2021,
886,The Mystery Murder,2021,
887,To Have and to List,2021,
888,Soundman,2021,0
889,Crime City,2021,
890,Fruit Loops,2021,
891,The Social Doctor,2021,
892,Bad Mushroom,2021,
893,Pegged,2021,
894,Game Night,2021,85
895,Agent Love,2021,
896,Drama Mama,2021,
897,Percy & Reggie and the Great Parisian Air Exposition,2021,
898,Intriga,2021,
899,Putt,2021,
900,Santa's Night Out,2021,
"901,""Stand Up, Please"",2021,"
902,The Confessionist,2021,
903,Acrimonius Alfie Atkins,2021,
904,Lost for Words,2021,94
905,Fat Stripper,2021,
906,Photo Op,2021,
907,Mabrook,2021,
908,Girl Night Stand: Chapter 2,2021,
909,Brief Survey,2021,
910,Fat Stripper,2021,
911,Climate Strange,2021,
912,Forever Maybe,2021,
913,Benevolent,2021,
914,Taste the Difference!,2021,
915,The Lost Girl Part 2 2021,2021,
916,The Investigators,2021,-
917,Wonderland,2021,34
918,Wake the Clock,2021,
919,Tickets,2021,71
920,Too Black,2021,
921,Ninja Sex Party in the Mystic Crystal,2021,
922,The Phone Call,2021,88
923,Putting Club,2021,
924,The Human Kind,2021,
925,Someone Gets Shot!,2021,
926,What to Eat,2021,
927,Smoke 'N Mirrors,2021,
"928,""Love, Pizza and Zombies"",2021,"
929,The Fuzzies,2021,
930,The Barbaric Bavarian Beverage Brawl,2021,
931,Thank You for Being Here,2021,
932,Why do we trust Rotten Tomatoes?,2021,
933,Dog Swimming,2021,
934,Mate & Date,2021,
935,LMFT,2021,
936,A Barbaric First Date,2021,
937,Pizza Guy,2021,
938,Hoodie,2021,
939,Plain View,2021,
940,Donut Give Up!,2021,
941,Breakout,2021,67
942,My Own Shadow,2021,
943,What Do I Owe You?,2021,
944,Rigged,2021,
945,Crow God,2021,
946,To the Moon,2021,87
947,Falling Up and Up,2021,
948,Chastity,2021,0
949,Pops,2021,
950,Gone Fishing,2021,63
951,ENDOMIC,2021,
952,The Pickup,2021,
953,Star Crossed,2021,
"954,""La vida de Michelle Pfeiffer, en general"",2021,"
955,Producenten,2021,
956,Bunker Down Under,2021,
957,Coyote,2021,62
958,Breaking Through,2021,83
959,Fishing with Baited Breath,2021,
960,Would You Date the Planets?,2021,
961,The Workplace,2021,
962,The Cave,2021,12
963,Work Party,2021,
964,Wanderlist,2021,
965,You Hate to See It,2021,
966,Airway,2021,
967,Girls Night,2021,
968,Love & Coffee,2021,
969,Bros. for Life,2021,
970,A Portion of Wrath,2021,
971,Definitely,2021,
972,Sapien,2021,
973,Exterior Day,2021,
974,Pink Tax,2021,
975,Soy Un Vampiro,2021,
976,The Toy,2021,
977,Check to the King,2021,
978,No estamos solos,2021,
979,Steve Bracknall,2021,
980,A Western,2021,
981,After All This Time,2021,
982,Bits and Pieces,2021,
983,24 Hotdogs,2021,
984,Carta à A.H.,2021,
985,Learning to Cuss,2021,
986,Assimilation,2021,
"987,""The Horror, the Horror"",2021,"
988,Pawsea (or: The Melancholy Ruminations of a Solitary French Bulldog),2021,
989,Un vampiro hispano,2021,
990,Not Funny,2021,
991,La Muchacha de Servicio,2021,
992,Swing of the Axe,2021,
993,Jane Austen Virtual Book Club,2021,
994,Sunday Morning,2021,
995,Swän Søng,2021,79
996,Patter,2021,
997,Black Jummy,2021,
998,The Untold Story of Mild Sauce,2021,
999,The Right Side,2021,
1000,Stalking Elvis,2022,
1001,Find Your Horn & Let It Kill You,2022,
1002,Toxicos,2022,
1003,Unhired Guns,2022,
1004,Saturday the 14th Part 2,2022,
1005,True to Life,2022,
1006,The Life of Ingrid,2022,
1007,Avalon Drive,2022,
1008,The Eagle Flyer,2022,
1009,Das Photo,2022,
1010,Le Concert,2022,
1011,Pedestrian at Best,2022,
1012,Räven Raskar Över Isen,2022,
1013,The Lego Batman and Spider-Man Movie,2022,
1014,Espressivo,2022,
1015,What If I Were You,2022,
1016,Scout's Honour,2022,
1017,Mi Casa Su Casa,2022,
1018,Takes Me Back,2022,
1019,I Wanna Be Famous,2022,
1020,Untitled Rob G. Smith Project,2022,
1021,Samsara,2022,100
1022,Smoke and Mirrors,2022,
1023,Peaches the Cat,2022,
"1024,""Carro, ferro, farro"",2022,"
1025,You've Earned It,2022,
1026,Killer Roadtrip,2022,
1027,A Walk in West LA,2022,
1028,O Intrépido Explorador,2022,
1029,The Playboy of Park Slope,2022,
1030,Meet Natasha,2022,
1031,Zeitpunkt X,2022,
1032,Full Throttle Paradise,2022,
1033,Pitiful Pilferers,2022,
1034,Totem Goat,2022,
1035,F**ked Up,2022,
1036,En Sann Historia,2022,
1037,Evil Con Carne Reanimated Collab,2022,
1038,For a slice of Pizza,2022,
1039,Chloë 'Two Fingers',2022,
1040,Flatters,2022,
1041,Catch a Break,2022,
1042,Fun Sized Trouble,2022,
1043,Laughing Boy,2022,
1044,Geeta's Anatomy,2022,
1045,The Stunt,2022,
1046,Summer End and the Homecoming,2022,
1047,A Message from A Higher Dimension,2022,
1048,Ron the Reindeer - Another Christmas Story,2022,
1049,Sundry,2022,
1050,Bad Song,2022,
1051,Moving Day,2022,38
1052,The Great Pacific Race,2022,
1053,Don't Say Vagina!,2022,
1054,Mona,2022,
"1055,""Exist, Not Exist"",2022,"
1056,The Love Spell,2022,
1057,Exsanguinated by a Bulkhead Monster,2022,
1058,Terminator: Bad Judgment Day,2022,
1059,Hotter Than July,2022,
1060,Last Chance,2022,
1061,A Great Escape,2022,
1062,COMIN' IN HOT,2022,
1063,Bertie the Brilliant,2022,
1064,Too Many Ethnics,2022,
1065,Good Night Henry,2022,
1066,The Job,2022,
1067,Dinner at Lou's,2022,
1068,Positive Thoughts,2022,
1069,It's non-emergency!,2022,
1070,We Believe You,2022,
1071,The Event,2022,
1072,Sicily Street,2022,
1073,Bagg-age,2022,
1074,Dodgy Dealings,2022,
1075,Hellbender,2022,97
"1076,""Danika, lord of dawa"",2022,"
1077,Slaves of the Abuser,2022,
1078,Two's a Crowd,2022,
1079,Carpe Diem,2022,
1080,Jameson is Missing and We Must Go Find Him,2022,
1081,I'm Nobody SideKick,2022,
1082,Massive!,2022,
1083,Lemons,2022,
1084,Livin' After Midnight,2022,
1085,The Lunch,2022,
1086,Krémes,2022,
1087,The Last Human Person on Earth,2022,
1088,Dad Grows Up,2022,
1089,Mega School Heist,2022,
1090,Almirante,2022,
1091,Sensibility,2022,
1092,Comida Gratis,2022,
1093,Bolognese,2022,
1094,Relationshirt,2022,
1095,Untitled La Loba Films Project,2022,
1096,Rent a Neighbor,2022,
1097,The Package Thief,2022,
1098,Fire-Man's Fetish,2022,
1099,La flûte enchantée,2022,
1100,Southern Bois in London,2022,
1101,We Should Get Dinner!,2022,
1102,Valentina,2022,
1103,Wonderful Montreal,2022,
1104,In Crypto,2022,
1105,The Party Job,2022,
1106,Pretty Fly for A Doña,2022,
1107,Interview with the Neighbors,2022,
1108,A Word of Caution,2022,
1109,Erotropine (Carousel of Quills),2022,
1110,Love on Speed,2022,
1111,Gary Screams for You,2022,
1112,The Flash,2022,63
1113,I Don't Normally Do This,2022,
1114,What's Your Thing?,2022,
1115,Beaver Boys,2022,
1116,Stonewall Prep,2022,
1117,Help! I've Stolen Amy Adams' Nose!,2022,
1118,A Word of Caution,2022,
1119,Another Blood Sucker,2022,
1120,The Couple Upstairs,2022,
1121,Hitched,2022,42
1122,Nique le privé!,2022,
1123,Pillow Talk,2022,94
1124,Stars Align,2022,
1125,The Hadlee Projects,2022,
1126,Avocado,2022,
1127,Court of Honor,2022,
1128,What's Your Name?,2022,
1129,Rundown: Charlie V Tender,2022,
1130,Post-Citrus,2022,
1131,Smile,2022,79
1132,A Gentle Push,2022,
1133,Cyber-Ex,2022,
1134,Undercover,2022,75
1135,My Chinese Neighbor,2022,
1136,Daddy's Girl,2022,60
1137,Sam & Kiki,2022,
1138,Black People Don't Tango,2022,
1139,No Witnesses,2022,
1140,The Game of Silence,2022,
1141,Burton Upon Trent Massive,2022,
1142,Lichfield Massive,2022,
1143,Birmingham Massive,2022,
1144,Anything You Can Do,2022,
1145,F^¢k 'Em R!ght B@¢k,2022,
1146,Read Between the Lines,2022,-
1147,Scrambled or Over Easy?,2022,
1148,Random Players,2022,
1149,Pasko,2022,
1150,Under the Haunted Moon,2022,
1151,My First Dick,2022,
1152,Gravedigger,2022,
1153,The Mill Creek Strangler,2022,
1154,Used Furniture,2022,
1155,Making a Scene,2022,-
1156,Therapy,2022,
1157,Thirty Candles,2022,-
1158,The Hicksorcists,2022,
1159,Past is a blast,2022,
1160,It Clicked Too Late for Kiligan Cruz,2022,
1161,The Z Word,2022,
1162,Lapushka!,2022,
1163,Waiting for Eve,2022,
1164,Dinner Party,2022,85
1165,Alarm,2022,
1166,No Man's Land,2022,39
1167,My Cousin's Wedding,2022,
1168,Bingo,2022,
1169,Kody Switch,2022,
1170,Burying A Body,2022,
1171,Static Storm,2022,
1172,Gmn,2022,
1173,Welcome to the Wilsons',2022,
1174,Copy That,2022,
1175,What's So Scary?,2022,
1176,Time for Change,2022,
1177,End of the Road,2022,31
1178,Welcome to the Wilsons',2022,
1179,Wearing the Trousers,2022,
1180,Not a Mourning Person,2022,
1181,Lost Dog in the Hollywood Hills,2022,
1182,The Kids Are Not All Right,2022,
1183,Roger Must Die,2022,
1184,Dark Energy,2022,
1185,The Tenant,2022,84
1186,Posers,2022,
1187,Starch,2022,
"1188,""Love, Bigfoot"",2022,"
1189,Survival Job,2022,
1190,Miami All Over Again,2022,
1191,Census,2022,
1192,Veto,2022,
1193,Reese & Rone,2022,
1194,¡Quién bailara dos piezas!,2022,
"1195,""Monkey-Love, Please Hold"",2022,"
1196,Das Stöhnen,2022,
1197,Hallelujah,2022,
1198,The Sinister Tale of Scoopy Burger,2022,
1199,Mr. Dogwalker,2022,
1200,The Ostrich Paradox,2022,
1201,Love and Lust,2022,
1202,Steal Magnolias,2022,
1203,Heavy: A Tale of Two Junkies,2022,
1204,Une journée ordinaire,2022,
1205,Fetish,2022,
1206,Degenerate,2022,
1207,Nuclear Mist Chaos,2022,
1208,Kiri,2022,
1209,Let Me Assist You,2022,
1210,Fall Dance,2022,
1211,Is He Gay?,2022,
1212,Not Served on A Plate,2022,
1213,Luv 2 Dance,2022,
1214,Nails & Beauty,2022,
"1215,""Julie, Julia (and Judy)"",2022,"
1216,Sin Salida,2022,
1217,Lärarlyftet,2022,
1218,Love at Third Sight,2022,
1219,Stray Identity,2022,
1220,Lollygag,2022,
"1221,""The Good, the Bad and the Buggy"",2022,"
1222,Audition in Hell,2022,
1223,Master Giovanni N the Movie,2022,
1224,Little Lark,2022,
1225,Buzzkill,2022,25
1226,Killat,2022,
1227,Express Delivery,2022,
1228,Treasure Hunters,2022,
1229,With the Fishes,2022,
1230,Mr. Corruption,2022,
1231,Mother's Day,2022,43
1232,Writer's Block,2022,
1233,Muffler Bruthlers,2022,
1234,The Contract,2022,
1235,Boomslang 2: The Dinner,2022,
1236,Chico and Miguel,2022,
1237,Johnny Has A Visitor,2022,
1238,Another Alone,2022,
1239,Tomorrow,2022,
1240,The Last Mechanic,2022,
1241,ChickenQueen Paradise,2022,
1242,Headshots,2022,
"1243,""Pool Service, Inc"",2022,"
1244,Take Me to Your Influencer,2022,
1245,Skip to the End,2022,
1246,Podcast Killed the radio Star,2022,
1247,Dying with Laughter,2022,
1248,February the 14th,2022,
1249,Lord Basura,2022,
1250,Helpline,2022,
1251,I'm Gonna Get You,2022,
1252,Black Caesar,2022,64
1253,Viva la Revolución,2022,
1254,Bing Bang Blussey,2022,
1255,A Severe Case of Prudery,2022,
1256,Baggage,2022,
"1257,""Dead, But Whatever"",2022,"
1258,Don't Look At Me,2022,
1259,Lo Sguardo,2022,
1260,Jakob & Maria,2022,
1261,Heather,2022,
1262,Cub Scout,2022,
1263,A Little Girl with a Bow and Arrow,2022,
1264,Wei-Lai,2022,
"1265,""Scotch, Please"",2022,"
1266,Modest Male Exposure,2022,
1267,Dude Tips! w/ Florpy (The Man-Child Comedian),2022,
1268,Chaos Theory,2022,30
1269,Rewind 1984,2022,
1270,Family Antics,2022,
1271,Hapa,2022,
1272,The Autograph,2022,
1273,Losing My Head,2022,
1274,Crises no Escuro,2022,
1275,First Day on the Job,2022,
1276,Friends & Flour,2022,
1277,On the First Day,2022,
1278,Victoria,2022,83
1279,Potluck,2022,
1280,Buried Nuts,2022,
1281,Everyone Forgot,2022,
1282,How to Start a Fire: Confessions,2022,
1283,Pillow Talk,2022,94
1284,Baba Yaga 2: Retribution,2022,
1285,Mantis Club,2022,
1286,Wild Bitch,2022,
1287,Le destin du mois,2022,
1288,The Pardoner's Sale,2022,
1289,Nonfiction,2022,
1290,The Not-So-Super Interns,2022,
1291,Subtitles,2022,
1292,Mr.Mellow & Bones,2022,
1293,Captain Ocean,2022,
1294,Will You Be My Quaran-tine?,2022,
1295,House of the Setting Sun,2022,
1296,What Would Julie Do?,2022,
1297,Waiting for Gateau,2022,
1298,Opening Night,2022,
1299,Nobody Gets Hurt,2022,
1300,The Breakdown,2022,
1301,El Pavo Bravo,2022,
1302,Parallax Error,2022,
1303,Bang,2022,
1304,Moe,2022,
1305,Vacsora,2022,
1306,Wtf Is Brunch,2022,
1307,Atardeceres,2022,
1308,Made,2022,
1309,On Time Timothy,2022,
1310,Sorry,2022,
1311,Arnie Syndrome,2022,
1312,Ask Aldo,2022,
1313,J'ai Rêvé de Toi,2022,
1314,Jessica,2022,
1315,Balads,2022,
1316,The Wise Guys,2022,
1317,Nosey,2022,
1318,Miss Cartwright,2022,
1319,Kevin,2022,43
1320,Ritmo,2022,
1321,A Future in Question,2022,
1322,Burning Men,2022,
1323,Lets Go Camping!,2022,
1324,Derailer,2022,
1325,Jonathans World,2022,
1326,Do gooders,2022,
1327,Desahucio Express,2022,
1328,Bhoole Bisare Din,2022,
1329,Unlucky Me,2022,
1330,Thunder Harvest: The Story of a Band,2022,
1331,Wicked Plans,2022,
1332,Cheers to Life,2022,
1333,Of Age,2022,
1334,5 Weeks to Transform Your Life,2022,
1335,Ode to Plantains,2022,
1336,Snot Him,2022,
1337,So What,2022,
1338,Dick Control,2022,
1339,Repetition,2022,
1340,Jurassic Movie Camp,2022,
1341,Think Pink,2022,
1342,Training Wheels,2022,
1343,As Seen on TV,2022,
1344,Soul Daddy,2022,
1345,Suck My Shakespeare,2022,
1346,The Portrait of Laura,2022,
1347,Migajas,2022,
1348,An Afternoon at the Beach,2022,
1349,Skate Night,2022,
1350,Venir a mi casa a ver el eclipse,2022,
1351,Art is Subjective,2022,
1352,In Search of Him,2022,
1353,Kristin Wants a Car,2022,
1354,The Man of Her Dreams,2022,
1355,An Actor,2022,
1356,Unseen Wager,2022,
1357,Ideal,2022,
1358,Guil-tea,2022,
1359,The Hermit,2022,
1360,Groom 2022,2022,
1361,Safe Word,2022,
1362,Like Dirt,2022,
1363,Joulun Ihme,2022,
"1364,""Christy, Casey, Lou and Cindy Too"",2022,"
1365,Dirtbag,2022,
1366,Body of Ashes,2022,
1367,Other People's Problems,2022,
1368,The Pickle King,2022,
1369,The Showdown,2022,
1370,The Other End,2022,
1371,Ghost Trippers,2022,
1372,Pick UP,2022,
1373,Scooty,2022,
1374,Therapists,2022,
1375,PrOtectiOn,2022,
1376,One-way ticket,2022,
1377,What You Will,2022,
1378,Fanny,2022,
1379,Imaginary Friends,2022,
1380,Deductible,2022,
1381,Check Date,2022,
1382,Las uñas de Don Julio,2022,
"1383,""Don't You Want Me, Baby?"",2022,"
1384,Megan,2022,
1385,Playbill,2022,
1386,Inferno,2022,23
1387,Killer Friends,2022,
1388,Sandwich 2: Machete to Wasabi,2022,
1389,Pax Films' Trapped,2022,
1390,Inner Child,2022,
1391,Elrah,2022,
1392,Wheat,2022,46
1393,Birds,2022,
1394,Smells Like American Spirits,2022,
1395,Peaches,2022,0
1396,Roger-Roger,2022,
1397,Crook$,2022,
1398,Tiktok,2022,
1399,The Dinner Party,2022,40
1400,Double Date,2022,83
1401,Kaun Con Man?,2022,
1402,Dollar Store Dracula,2022,
1403,Mummy's Present,2022,
1404,Scott Stiles of the Seven Seas,2022,
1405,The pass,2022,
1406,Miscommunication,2022,
1407,Kroka,2022,
1408,Evil Head: Dead by Dong,2022,
1409,Big Bad Taxes,2022,
1410,Yann,2022,
1411,Half Awake,2022,
1412,My Stepson Evan,2022,
1413,Heal,2022,66
1414,Double Blind,2022,100
1415,Diadem,2022,
1416,Flip Mode,2022,
1417,Incoming Mail,2022,
1418,White Now Please,2022,
1419,Never Too Late for Dessert,2022,
1420,Hibachi Man,2022,
1421,The Coco,2022,
1422,I'm Ethan,2022,
1423,Bible Weed,2022,
1424,It Happens!!!,2022,
1425,Gnarly,2022,
1426,Good Girl,2022,
1427,Worst Case Scenario,2022,
1428,Firecracker,2022,49
1429,Love Me Now Please,2022,
1430,La casa de Fermín,2022,
"1431,""After You, Please."",2022,"
1432,Don Enfermedad,2022,
1433,Banana Palace,2022,
"1434,""Stress, why you do dis?"",2022,"
1435,Meet My Family,2022,
1436,Gifts,2022,
1437,South Pasadena 2,2022,
1438,Art,2022,
1439,If A Tree Falls...,2022,
1440,The End of a British Summer,2022,
1441,Le Pompon,2022,
1442,Gallery Row 2.0,2022,
1443,Peaches,2022,0
1444,EatsMates,2022,
1445,Free Spirits,2022,
1446,Humbug Room,2022,
1447,Return Service,2022,
1448,The Finger Date Ordeal,2022,
1449,Non-Negotiable,2022,
1450,I Won the Lottery...,2022,
1451,Krodhit,2022,
1452,Teknisk Hjelp,2022,
1453,Tinseltown,2022,
1454,Una comedia muy moderna,2022,
1455,The Caper,2022,
1456,Godbox,2022,
1457,What Waits for You,2022,
1458,Damsel out of Distress,2022,
1459,Night Ride,2022,-
1460,Postmates,2022,
1461,The Water Balloon Affair,2022,
1462,Dude Days,2022,
1463,Lovers Leap,2022,
1464,Podcast Killed the radio Star,2022,
1465,#filthybutkeepitcute,2022,
1466,Indoorsy,2022,
1467,It Only Hurts When I Laugh,2022,-
1468,The Funeral,2022,80
1469,Orientation,2022,
1470,Sunday Service,2022,
1471,The 20-Year-Old Virgin,2022,
1472,Une jolie ruelle,2022,
1473,Funky Chicken,2022,
1474,Don't Sweat(er) the Small Stuff,2022,
1475,Broken Bottles,2022,
1476,Bachelorette,2022,56
1477,Filipinos Get Some,2022,
1478,Bebê Diabo de São Bernardo,2022,
1479,Nana Dara is Gay,2022,
1480,Long Black,2022,
1481,Maundy,2022,
1482,Green-Fit,2022,
1483,Rattled,2022,38
1484,Dawn's Demon,2022,
1485,Thirst,2022,81
1486,He Ain't Up,2022,
1487,Mojito,2022,
1488,Who's Really Real?,2022,
1489,First Born,2022,19
1490,Osma zapovijed,2022,
1491,NYC Tips and Tricks,2022,
1492,Artsy in Black & White,2022,
1493,Zoober,2022,
1494,BROCA,2022,
1495,Skeleton,2022,
1496,Habitat,2022,29
1497,Books and Queens,2022,
1498,Q is for Queen,2022,
1499,Így Gyújtottam Fel a Barátnomet a Harmadik Randinkon,2022,
1500,The Sexorcism,2023,
1501,Bear Trap,2023,
1502,Facebook,2023,
1503,Bilan de santé,2023,
1504,Bloodbowl I,2023,
1505,Deli Meat,2023,
1506,Troll,2023,90
1507,Sexy Nails by Aunt Tootsie,2023,
1508,Only in Springfield,2023,
1509,Shadows Fall Behind You,2023,
1510,Flatmates,2023,
1511,I Care,2023,
1512,3,2023,
1513,Liga dos Carecas Maguire'S Cut,2023,
1514,Bardache,2023,
1515,Stuck with Friends,2023,
1516,Catfish,2023,
1517,Nesten død,2023,
1518,Absent Jack,2023,
1519,Food Dating,2023,
1520,Spider-Man 2: Electro Boogaloo,2023,
1521,Briefcase,2023,
1522,Bugbear II,2023,
1523,Simpleman,2023,
"1524,""Oh, Marie"",2023,"
1525,Gold and Mud,2023,
1526,The Phoney,2023,
1527,Flags and Emblems,2023,
1528,European Man... American Beach,2023,
1529,Dinner with the Inlaws,2023,
1530,Love on Lock,2023,
1531,Gotcha!,2023,
1532,Loading Love,2023,
1533,Always Tomorrow,2023,
1534,Concerned Citizen,2023,
1535,House Haunting,2023,
1536,The Curse of Room 102,2023,
1537,Faulty Newsroom,2023,
1538,The London Gals,2023,
1539,Write Off,2023,
1540,A Meeting of the Henry Chapel Fan Club,2023,
1541,Nostalgia,2023,
1542,The Menu,2023,88
1543,Spellbound,2023,86
1544,Check,2023,
1545,Death's Day Off,2023,
1546,A Happy Ending,2023,
1547,Maybe Daddy?,2023,
1548,The Dentist's Tale,2023,
1549,Alex and Ethan's Multiversal Misadventures,2023,
1550,Hope,2023,98
1551,Day at the Zoo,2023,
"1552,""Mission A, Plan B"",2023,"
1553,Relatively Bad Date,2023,
1554,We Kray Kray,2023,
1555,Baba,2023,
1556,The Perfect Knight,2023,
1557,Letter Eight,2023,
1558,Aaaah!,2023,
"1559,""Le Père, le Fils et le Rav Kalmenson"",2023,"
1560,Brodeo,2023,
1561,Slippin',2023,
1562,Oh Deer!,2023,
1563,Audition,2023,83
1564,A Yzp reunion,2023,
1565,Rematch,2023,
1566,Love and Marriage,2023,
1567,Influence,2023,
1568,Inland Empire,2023,72
1569,The Trash Can,2023,
1570,The World According to Barry the Bauble,2023,
1571,Game Lessons,2023,
1572,Baby Shrooms,2023,
1573,Juste Avant 20 Heures,2023,
1574,Amigos Tontos,2023,
1575,The Orb,2023,
1576,CookedFellas,2023,
1577,After Hours,2023,89
1578,Closing Up Shop,2023,
1579,The French Teacher,2023,
1580,Donald Duck in Too Late for Christmas,2023,
"1581,""Fuck Me, Richard"",2023,"
1582,I Love Diz,2023,
1583,Yarrumilla Thaniaaraiyil,2023,
1584,Leaving the Dream,2023,
1585,Bad with Kids,2023,
1586,Work-Life Balance,2023,
"1587,""With Love, from Ray Bradbury"",2023,"
1588,ScarePods,2023,
1589,Night Lights,2023,
1590,What A Waste!,2023,
1591,How Can I Be Present when Photographs Exist,2023,
1592,Dost Gaya Karachi Ka Mujtaba,2023,
1593,The Treasure of Monty's Grove,2023,
1594,The Seduction of Randy Winters,2023,
1595,The Reporter from Chattanooga with Love,2023,
1596,Dave & Alice Want to Have Sex,2023,
1597,MiND MY GOOFiNESS: the Self Portrait,2023,
1598,Love and a Virus,2023,
1599,Sonic vs Rule 34 Collection (Volume 2),2023,
1600,A Viewfinder and White Sneakers,2023,
1601,The Great Aspie,2023,
1602,Drew Landry: All My Friends Are Dead,2023,
1603,Love Potion,2023,-
1604,5 Stages of Grief,2023,
1605,Coffee with Baba,2023,
1606,Terapia de pareja,2023,
1607,Complejo de algo,2023,
1608,Blowing Up (Or: How I Learned to Stop Worrying and Love the TikTok Challenge),2023,
1609,Chroniki Piekla,2023,
1610,Miracle sur la 3e Avenue,2023,
1611,Homewrecker,2023,38
1612,Group Project,2023,
1613,Addiction,2023,
1614,Second Person,2023,
1615,(In)convenience,2023,
"1616,""No Way, Bidet"",2023,"
1617,When Your Sister Is Getting Married to Your Crush,2023,
1618,Noches de Abril,2023,
1619,The Worst Day of My Life in Detroit,2023,
1620,Scam Up Comedy,2023,
1621,The Offended Cat,2023,
1622,Splorry,2023,
1623,Baseball with Dad,2023,
1624,Garage Sale,2023,
1625,Short Comedy 2,2023,
1626,Filmen känns för vit,2023,
1627,It's Not Delivery,2023,
1628,Fatih le Conquérant,2023,
1629,Pennies from Heaven,2023,83
1630,Wüm,2023,
1631,Don't Blink,2023,21
1632,Frosty Night,2023,
1633,Funny Face,2023,69
1634,Pearadox,2023,
1635,Choices,2023,-
1636,Gunchakkar,2023,
1637,Clown Orthodontist,2023,
1638,Richie Rich Hustla,2023,
1639,Ball People,2023,
1640,Nai Nai & Wài Pó,2023,
1641,Sandwich Cat,2023,
1642,It'll Pass,2023,
1643,Supermercati Infiniti,2023,
1644,Dead Enders,2023,
1645,The Flute,2023,
1646,The Mundanes,2023,
1647,WG-Frieden,2023,
1648,Selidba,2023,
1649,Call Me Mommy,2023,
1650,Dressed,2023,
1651,Remove Hind Legs Before Consumption,2023,
1652,That's the Spirit,2023,
1653,Rocky Meets Lucy,2023,
1654,Coming Out,2023,
1655,The Trial,2023,100
1656,I porno-astronauti XXX,2023,
1657,The Standoff,2023,45
1658,A Monster Under My Bed,2023,
1659,And a Happy New Year,2023,
1660,Scoops,2023,
1661,A Laughing Matter,2023,
1662,The Lost Verse,2023,
1663,Tänk om,2023,
1664,The Game of Kings,2023,
1665,La charge mentale,2023,
1666,Donald Duck in New Years Daze,2023,
1667,Work for Nobody,2023,
1668,The Demojordan Strikes Back,2023,
1669,Silver Alert (Alerte Argent),2023,
1670,Deader the Better,2023,
1671,Wiener,2023,
1672,My Dear Rebecca,2023,
1673,Love After Life,2023,
1674,Clownin',2023,
1675,Ballatoio n. 5,2023,
1676,The Interview,2023,51
1677,The Swiss Homeless Crisis,2023,
1678,Jimmy Crippit his phone & the End of the World,2023,
1679,The Red Lady from Foley Street,2023,
1680,King of the Ducks,2023,
1681,The Catalyst,2023,
1682,The Phrogger,2023,
1683,Offline,2023,65
1684,The Birthday Butterfly,2023,
1685,Little Boxes,2023,67
1686,Ride or Die,2023,69
1687,Trials and Tribulations,2023,
1688,La Última Cena,2023,
1689,Star Wars: Rebel Spy Reject,2023,
1690,Bilatérale,2023,
1691,Way Gone,2023,
1692,Real Italian Pizza,2023,
1693,Vhsvid,2023,
1694,Besties - A Garage Sale Saga,2023,
1695,Sweet deal (sort of),2023,
1696,Gamer Girl,2023,
1697,Public Indecency,2023,
1698,Someone Crazy,2023,
1699,A Taco Story,2023,
1700,Sisters Forever?,2023,
1701,Down to Earth,2023,20
1702,Felix: Throughout the Years,2023,
1703,990 - A Love Story,2023,
1704,Zombie Is the New Black,2023,
1705,The Vegemite Sandwich,2023,
1706,Re:agera,2023,
1707,Mid-Life Crisis: The New Hire,2023,
1708,Thirst Trap,2023,
1709,Support Group,2023,
1710,Licence for Nil,2023,
1711,Squidville Reef-Blown Collab,2023,
1712,Dinner Ginner,2023,
1713,El Reggaetonero,2023,
1714,A Simple Mix-Up,2023,
1715,What's in the Bag,2023,
1716,Mariposa,2023,
1717,Hold and Secure,2023,
1718,Cone of Uncertainty,2023,
1719,Pricks & Chicks,2023,
1720,Cock Robin,2023,
"1721,""X-III by Night, Z-IV in Another Life"",2023,"
1722,Steak,2023,
1723,Gazfickók,2023,
1724,Burger Boy,2023,
1725,Isn't that obvious,2023,
1726,The Lost Blazer,2023,
1727,Crunchy Girl,2023,
1728,Hey yourself,2023,
1729,1174,2023,
1730,End Date,2023,
1731,Hell of a Party,2023,
1732,#NanaRocks,2023,
1733,Phone Breaker,2023,
1734,Sloanne's Day Off,2023,
1735,The Hand,2023,93
1736,No Country for Dumb Man,2023,
1737,Red Velvet,2023,50
1738,Hold to Dash,2023,
1739,Economy of Loneliness,2023,
1740,Pay Your Rent,2023,
1741,GTFO,2023,
1742,Partners Forever?,2023,
1743,Dixie and Trixie go to the Laundromat,2023,
1744,Patient,2023,
1745,Oy Junior!,2023,
1746,Un colpo al cerchio e uno alla botte,2023,
1747,Tech Support,2023,
1748,Just A Flame,2023,
1749,The Followed,2023,
1750,O Re Saajan,2023,
1751,Aath Aana,2023,
1752,A Cousin and a Hood Complex,2023,
1753,You Ask Him,2023,
1754,Kakor,2023,
1755,The Mighty Beam!,2023,
1756,Parlons peu Parlons Psy 2,2023,
1757,The Albatross Cafe,2023,
1758,England Til I Die,2023,
1759,No More Talking,2023,
1760,Model Spending,2023,
1761,Pill Hai Ke Manta Nahi,2023,
1762,Bitches,2023,
1763,Every Bob Milton,2023,
1764,Deadbeats,2023,
1765,Smile,2023,79
1766,ALBI: The Alien Inside Me,2023,
1767,An Unusual Night at Camp Winnipeg,2023,
1768,Friends for Dinner,2023,
1769,Cages,2023,
1770,PG 13 (version censurée),2023,
1771,Le 13,2023,
1772,Dinguerie,2023,
1773,32 Octobre,2023,
1774,Canal 13,2023,
1775,How to Make a Burger,2023,
1776,Seul en Cène,2023,
1777,Äntligen fredag,2023,
1778,Jean à la 13ème place,2023,
1779,The Karens,2023,
1780,The Flannoisseur,2023,
1781,Love on the Beach,2023,
1782,Slaw Soaker,2023,
1783,Sequence 13,2023,
1784,Checklist,2023,
1785,Can You Feel Me Now?,2023,
1786,Unsubscribe,2023,
1787,Luvr,2023,
1788,S.O.S en dé treize,2023,
1789,La Grinta,2023,
1790,Wedding Song,2023,
"1791,""Don't Kill Me, I Can Be Your Butler!"",2023,"
1792,Missed Connections,2023,-
1793,The Favorite,2023,
1794,The Business,2023,
1795,Vida y la torta de chocolate,2023,
1796,13 Mauvaises Idées Pour Perdre Le Nikon,2023,
1797,Te piace 'o presepe 2,2023,
1798,Kicking While They're Down,2023,
1799,What Day is it,2023,
1800,Operation: Breakfast Menu,2023,
1801,Crónicas Talegueras (7 capítulos),2023,
1802,San Miguel,2023,
1803,Peony and Violet,2023,
1804,Dreemlynd,2023,
1805,Boss of the Toss,2023,
1806,Find That Fido,2023,
1807,Barry Normal Investigations,2023,
1808,La véritable histoire d'Amélie Poulain,2023,
1809,Le Crapken,2023,
1810,Waka Chicka Waka,2023,
1811,Heartdrop,2023,
1812,Invisible,2023,
1813,Five stars,2023,
1814,Staring at the Sun,2023,
1815,Untitled Screenplay,2023,
1816,The Chicken Files,2023,
1817,12+1,2023,
1818,Serpentaire,2023,
1819,Veronica,2023,88
1820,Si Vos Te Vas,2023,
1821,The Shoreham Haunting,2023,
1822,Video Game Walkthrough,2023,
1823,Life with Patels 2: Oh Deer!,2023,
1824,Clean Up Crew,2023,
1825,Nashville Bachelorettes: A Ben Oddo Investigation,2023,
1826,Clueless Superbowl Commercial,2023,
1827,You and Me and Her,2023,
1828,Dean's List,2023,
1829,THE JACKSUCKSATSTUFF ATTIC TOUR,2023,
1830,Jimmy Boden,2023,
1831,Patent Pending,2023,
1832,Kaze se Cakovec,2023,
1833,Follow the Recipe,2023,
1834,The Killer Performance,2023,
1835,Twitch,2023,
1836,Bhai Saab,2023,
1837,The Fixer,2023,17
1838,Skinamarinki-doo Part II,2023,
1839,Crime Pays,2023,
1840,Bhasad,2023,
1841,Eat It,2023,
1842,A Febre do Cão Bravo,2023,
1843,Beef Sticks,2023,
1844,Séance,2023,45
1845,An American Embarrassed,2023,
1846,Deaduccine Alfraido,2023,
1847,A Ghost Marriage Story,2023,
1848,Impenetrable,2023,
1849,The Long Shadow,2023,83
1850,Losing It,2023,
1851,Hey Pinky,2023,
1852,The Midnight Retaliator,2023,
1853,A Messy Divorce,2023,
1854,Float,2023,55
1855,Wetwork,2023,
1856,Rebellious 8,2023,
1857,Boiz Klub,2023,
1858,You're Absolutely Right!,2023,
1859,Vacant,2023,
1860,Nose Goes,2023,
1861,Artesanía,2023,
"1862,""At the Gathering, I Lost My Phone"",2023,"
1863,Smile Airlines,2023,
1864,Tastey Matey,2023,
1865,Treat Myself,2023,
1866,Tinder Surprise,2023,
1867,Pilar Carvalho,2023,
1868,This Valentine's Day II Akhand Single Yuva II Fun4stars,2023,
1869,Carl's Date,2023,69
1870,Musical Dog,2023,
1871,Lootin',2023,
1872,He pescado,2023,
1873,The Realistic Project,2023,
1874,Carma,2023,
1875,Lads,2023,
1876,Hell's Help Desk,2023,
1877,Yo maté a Lucca,2023,
1878,Lunch Time,2023,
1879,Grassroots,2023,50
1880,Bidding War,2023,
1881,Fish,2023,
1882,The Ride,2023,
1883,Cupid's Arrow: A Bloody Love Story,2023,
1884,Blind Date,2023,24
1885,Hypercoin,2023,
1886,Monty the Champ from Bleecker Street,2023,
1887,The Cheaters,2023,46
1888,My Retro TV,2023,
1889,Sztuka mijania,2023,
1890,Uiyyy!,2023,
1891,Fight,2023,
1892,All Costs Covered,2023,
1893,Azul y Celeste,2023,
1894,Overly Apologetic Influencer,2023,
1895,Surprised,2023,
1896,House Rules,2023,-
1897,I Shoulda' Died!,2023,
1898,Aam,2023,
1899,La Roche aux Sabots,2023,
1900,Floundering for Love,2023,
1901,The Living Dead Room,2023,
1902,Squatch,2023,
1903,Full Time,2023,98
1904,In Love with a Lobster,2023,
1905,Late to the Party,2023,
1906,Francesco and Juliet,2023,
1907,Four Killers and a Liar,2023,
1908,Cupid's Love,2023,
1909,Graveyard of Dreams,2023,
1910,Marvel vs. Capcom: Infinite: Redub,2023,
1911,Week-end à l'école,2023,
1912,Guidance,2023,89
1913,Making of Escape of the Lap Lizard,2023,
1914,Mitzi,2023,
1915,Oh Come on Man,2023,
1916,Peanut Butter,2023,
1917,The Banshees of Carmel Valley,2023,
1918,The Scratch,2023,-
1919,Jellyfish and Lobster,2023,
1920,It Ain't What You Think It Is,2023,
1921,Rest in Piss,2023,
"1922,""If You Have Any Information, Please Call:"",2023,"
1923,UGA: Biedeigais B,2023,
1924,A Turkey's Time,2023,
1925,Wish You Well,2023,70
1926,The Lord's Work,2023,
1927,Second Chance,2023,
1928,Justice Is Served,2023,
"1929,""Crouching Party, Drunken Cleric"",2023,"
1930,2 Days in Vegas,2023,
1931,Float,2023,55
1932,Instant Chaos Repellent Commercial,2023,
1933,A Witch's Guide to Summoning the Unworldly,2023,
1934,Best Day of My Life (in LA),2023,
1935,For My Love,2023,
1936,Here Boy,2023,
1937,I Had A Great Time Last Night,2023,
1938,Eggs,2023,
1939,Sole Suspect,2023,
1940,Jimmy Dances,2023,
1941,Blown,2023,
1942,Hesitant with Love,2023,
1943,Flushed Away,2023,73
1944,Happy F@cking Birthday,2023,
1945,The Tits (We are the Tits) Pilot,2023,
1946,Barry Black and the Bad Trip,2023,
1947,A Most Annoying Man,2023,
1948,La Fleur de l'Âge,2023,
1949,A Sweet Reunion,2023,
1950,The Toupee!,2023,
1951,Turk Ankh Amun,2023,
1952,Be Careful What You Wish For,2023,
1953,Jules & Dee,2023,
1954,How We Are,2023,
1955,Penguin,2023,
1956,Welcome to 8th Street,2023,
1957,If we lived,2023,
1958,Gaytopia,2023,
1959,Elokuvanäyttelijä Jasu Rinteelä (vain pääosat),2023,
1960,Louis Zetrei,2023,
1961,I'm Not A Stereotype,2023,
1962,I Think I'm Gonna Kill Myself,2023,
1963,The Final Act,2023,
1964,Everything is Great and Nobody's Happy,2023,
1965,Fixing Barry,2023,
1966,Dirty Laundry,2023,50
"1967,""Shaun, Ron, & Johnny: Bounty Hunters"",2023,"
1968,The Apps,2023,
1969,IAS interview,2023,
1970,The Fools Who Dream,2023,
1971,Jaxon Cross,2023,
1972,Avatard 2: The Way of Wiping,2023,
1973,Half,2023,
1974,The Voice: Blake's Last Season,2023,
1975,À mort le bikini!,2023,
1976,Brenda,2023,
1977,OTC,2023,
1978,Going Vegan,2023,
1979,Illegally Brown,2023,
1980,Segni molto particolari,2023,
1981,Punch,2023,81
1982,The Milky Way,2023,95
1983,Swipe!,2023,
1984,Guilt Actually,2023,
1985,Judy and family,2023,
1986,Stalk,2023,
1987,Snuggledown,2023,
1988,Channels,2023,
1989,Welcome to Celibacy Club,2023,
1990,BreakAway,2023,17
1991,The Englishman,2023,
1992,Unsere Problemzone,2023,
1993,Les 13 Cyclistes,2023,
1994,Despondency 2,2023,
1995,More!,2023,
1996,Crimson Wave,2023,
1997,Walküren,2023,
1998,Monster P.O.V.,2023,
1999,Paul Delvaux,2023,
