,tipo,nombre,año estreno,mes estreno,id_pelicula
0,Pelicula,The Naked Monster,2005,4,tt0088751
1,Pelicula,Shooting Vegetarians,2005,2,tt0146272
2,Pelicula,Three,2005,8,tt0159790
3,Pelicula,Angels with Angles,2005,12,tt0179803
4,Pelicula,Bob the Butler,2005,1,tt0216584
5,Pelicula,Bad Girls from Valley High,2005,3,tt0216746
6,Pelicula,Lucky 13,2005,,tt0222167
7,Pelicula,Slipdream,2005,,tt0226851
8,Pelicula,Striptease Baby Dolls from Cleveland Meet the Unkillables,2005,12,tt0228906
9,Pelicula,Fortunes,2005,12,tt0238992
10,Pelicula,Wilson Chance,2005,12,tt0244306
11,Pelicula,Silent Men,2005,,tt0242882
12,Pelicula,Vultures,2005,1,tt0243246
13,Pelicula,Secret Agent 420,2005,4,tt0244944
14,Pelicula,In Memory of My Father,2005,,tt0251744
15,Pelicula,Cursed,2005,4,tt0257516
16,Pelicula,The Luau,2005,3,tt0258901
17,Pelicula,2001 Maniacs,2005,7,tt0264323
18,Pelicula,The Ringer,2005,3,tt0267891
19,Pelicula,Alchemy,2005,4,tt0285682
20,Pelicula,Lava Lounge,2005,6,tt0289275
21,Pelicula,Wheelmen,2005,6,tt0299215
22,Pelicula,Heidi,2005,12,tt0298903
23,Pelicula,All Babes Want to Kill Me,2005,7,tt0300922
24,Pelicula,Love Thy Neighbor,2005,9,tt0304356
25,Pelicula,Funny Valentine,2005,2,tt0305858
26,Pelicula,Better Days,2005,9,tt0308028
27,Pelicula,Les Boys IV,2005,12,tt0308064
28,Pelicula,Extreme Dating,2005,6,tt0309578
29,Pelicula,The Curse of the Were-Rabbit,2005,10,tt0312004
30,Pelicula,Break a Leg,2005,4,tt0315323
31,Pelicula,Because of Winn-Dixie,2005,2,tt0317132
32,Pelicula,Sahara,2005,7,tt0318649
33,Pelicula,Thumbsucker,2005,10,tt0318761
34,Pelicula,Ze film,2005,2,tt0322999
35,Pelicula,"Jesus, Mary and Joey",2005,9,tt0325651
36,Pelicula,Sabah,2005,8,tt0325191
37,Pelicula,The Bike Squad,2005,9,tt0327498
38,Pelicula,Dirty Love,2005,5,tt0327643
39,Pelicula,Lung do kei yuen,2005,1,tt0327660
40,Pelicula,My Suicidal Sweetheart,2005,3,tt0328121
41,Pelicula,Man of the House,2005,2,tt0331933
42,Pelicula,The Perfect Catch,2005,4,tt0332047
43,Pelicula,Backseat,2005,3,tt0337584
44,Pelicula,Diamond Zero,2005,5,tt0338443
45,Pelicula,Nowhere Man,2005,3,tt0338294
46,Pelicula,Sledge: The Untold Story,2005,1,tt0337887
47,Pelicula,De Magische Draaimolen,2005,2,tt0339334
48,Pelicula,Daltry Calhoun,2005,9,tt0339642
49,Pelicula,Dear Wendy,2005,5,tt0342272
50,Pelicula,Krush,2005,3,tt0342640
51,Pelicula,Room 36,2005,9,tt0340321
52,Pelicula,Fugitives Run,2005,9,tt0343603
53,Pelicula,Halfway Decent,2005,10,tt0345370
54,Pelicula,Les gens honnêtes vivent en France,2005,3,tt0347056
55,Pelicula,Waiting...,2005,10,tt0348333
56,Pelicula,Die You Zombie Bastards!,2005,2,tt0349349
57,Pelicula,Madagascar,2005,6,tt0351283
58,Pelicula,Slaughterhouse of the Rising Sun,2005,3,tt0350128
59,Pelicula,The Brothers Grimm,2005,10,tt0355295
60,Pelicula,The Crow: Wicked Prayer,2005,9,tt0353324
61,Pelicula,The Illustrated Family Doctor,2005,3,tt0355563
62,Pelicula,The Family Stone,2005,12,tt0356680
63,Pelicula,Mr. & Mrs. Smith,2005,7,tt0356910
64,Pelicula,Robots,2005,3,tt0358082
65,Pelicula,Valiant,2005,7,tt0361089
66,Pelicula,Have You Seen Clem,2005,1,tt0359389
67,Pelicula,Standing Still,2005,6,tt0360016
68,Pelicula,Halloween House Party,2005,-,tt0360629
69,Pelicula,Happy Endings,2005,7,tt0361693
70,Pelicula,Son of the Mask,2005,4,tt0362165
71,Pelicula,Once Upon a Wedding,2005,,tt0363269
72,Pelicula,The Gingerdead Man,2005,11,tt0364376
73,Pelicula,Bigger Than the Sky,2005,2,tt0363504
74,Pelicula,Dating Games People Play,2005,7,tt0365100
75,Pelicula,The Upside of Anger,2005,6,tt0365885
76,Pelicula,The Hand Job,2005,,tt0367830
77,Pelicula,Communal Commitment,2005,-,tt0365074
78,Pelicula,Las mantenidas sin sueños,2005,10,tt0365479
79,Pelicula,Lickin' the Quits: A Slice of American Culture,2005,6,tt0365437
80,Pelicula,Hooch & Daddy-O,2005,10,tt0367862
81,Pelicula,Man with the Screaming Brain,2005,9,tt0365478
82,Pelicula,The Matador,2005,1,tt0365485
83,Pelicula,The Myth,2005,9,tt0365847
84,Pelicula,The Squid and the Whale,2005,12,tt0367089
85,Pelicula,Star Wait,2005,11,tt0368298
86,Pelicula,Romance & Cigarettes,2005,3,tt0368222
87,Pelicula,Deuce Bigalow: European Gigolo,2005,8,tt0367652
88,Pelicula,Crab Orchard,2005,12,tt0368662
89,Pelicula,Are We There Yet?,2005,1,tt0368578
90,Pelicula,Americano,2005,1,tt0368571
91,Pelicula,Charlie and the Chocolate Factory,2005,7,tt0367594
92,Pelicula,Elizabethtown,2005,11,tt0368709
93,Pelicula,Bal-Kan-Kan,2005,10,tt0369258
94,Pelicula,La demolición,2005,2,tt0368679
95,Pelicula,The Reality Trap,2005,-,tt0368673
96,Pelicula,Fun with Dick and Jane,2005,2,tt0369441
97,Pelicula,Monster-in-Law,2005,8,tt0369735
98,Pelicula,Window Theory,2005,2,tt0371405
99,Pelicula,Strangers with Candy,2005,7,tt0369994
100,Pelicula,Bocce Balls,2005,,tt0372799
101,Pelicula,Chicken Little,2005,11,tt0371606
102,Pelicula,Dinotopia: Quest for the Ruby Sunstone,2005,5,tt0372238
103,Pelicula,The Extra,2005,4,tt0372907
104,Pelicula,Adam & Steve,2005,5,tt0372122
105,Pelicula,Sex Sells: The Making of 'Touché',2005,2,tt0372401
106,Pelicula,Guess Who,2005,6,tt0372237
107,Pelicula,The Hitchhiker's Guide to the Galaxy,2005,8,tt0371724
108,Pelicula,The Wedding Date,2005,5,tt0372532
109,Pelicula,Kiss Kiss Bang Bang,2005,12,tt0373469
110,Pelicula,Wait a Minute,2005,6,tt0373432
111,Pelicula,The Wendell Baker Story,2005,8,tt0373445
112,Pelicula,Underclassman,2005,9,tt0373416
113,Pelicula,Khullam Khulla Pyaar Karen,2005,4,tt0373972
114,Pelicula,The Honeymooners,2005,6,tt0373908
115,Pelicula,Pusca Bistra,2005,7,tt0374144
116,Pelicula,Bewitched,2005,10,tt0374536
117,Pelicula,Searching for Bobby D,2005,5,tt0374201
118,Pelicula,Shadows in the Sun,2005,6,tt0376181
119,Pelicula,Lenny the Wonder Dog,2005,9,tt0374621
120,Pelicula,Guy in Row Five,2005,,tt0376633
121,Pelicula,Rebound,2005,7,tt0376108
122,Pelicula,On the One,2005,4,tt0374923
123,Pelicula,You and Your Stupid Mate,2005,5,tt0375222
124,Pelicula,Racing Stripes,2005,2,tt0376105
125,Pelicula,Colour Me Kubrick: A True...ish Story,2005,1,tt0376543
126,Pelicula,Self-Inflicted,2005,-,tt0378729
127,Pelicula,The Dukes of Hazzard,2005,9,tt0377818
128,Pelicula,Pizza,2005,5,tt0376827
129,Pelicula,24 Hours on Craigslist,2005,10,tt0377029
130,Pelicula,Be Cool,2005,3,tt0377471
131,Pelicula,Ringers: Lord of the Fans,2005,1,tt0379473
132,Pelicula,Winter Passing,2005,6,tt0380817
133,Pelicula,Bailey's Billion$,2005,8,tt0379708
134,Pelicula,Dead Fish,2005,2,tt0379240
135,Pelicula,The Works,2005,4,tt0379033
136,Pelicula,Cloud Seven,2005,,tt0379570
137,Pelicula,Night of Henna,2005,3,tt0379402
138,Pelicula,The Perfect Man,2005,8,tt0380623
139,Pelicula,Flirt,2005,2,tt0381190
140,Pelicula,Pretty Persuasion,2005,5,tt0381505
141,Pelicula,Vet hard,2005,2,tt0382365
142,Pelicula,Formosa,2005,,tt0382038
143,Pelicula,Trois couples en quête d'orages,2005,4,tt0381667
144,Pelicula,Things to Do Before You're 30,2005,6,tt0382382
145,Pelicula,Evil Aliens,2005,3,tt0383353
146,Pelicula,Life of the Party,2005,,tt0382717
147,Pelicula,Die Bluthochzeit,2005,4,tt0382572
148,Pelicula,Vom Suchen und Finden der Liebe,2005,1,tt0383041
149,Pelicula,Fastback,2005,,tt0383358
150,Pelicula,Kameleon 2,2005,6,tt0382960
151,Pelicula,Sueño,2005,7,tt0383648
152,Pelicula,A Coat of Snow,2005,8,tt0383274
153,Pelicula,Af banen,2005,8,tt0384194
154,Pelicula,Boo,2005,7,tt0385560
155,Pelicula,Miss Congeniality 2: Armed & Fabulous,2005,3,tt0385307
156,Pelicula,Drivers Wanted,2005,6,tt0385666
157,Pelicula,How the Garcia Girls Spent Their Summer,2005,5,tt0385006
158,Pelicula,The Long Weekend,2005,10,tt0385057
159,Pelicula,Mall Cop,2005,4,tt0383491
160,Pelicula,Point sublime,2005,5,tt0384436
161,Pelicula,Kicking & Screaming,2005,5,tt0384642
162,Pelicula,Charlie's Party,2005,6,tt0385594
163,Pelicula,Lonesome Jim,2005,11,tt0385056
164,Pelicula,The Weather Man,2005,5,tt0384680
165,Pelicula,My Big Fat Independent Movie,2005,9,tt0385890
166,Pelicula,The Godfather of Green Bay,2005,4,tt0385727
167,Pelicula,Vieni via con me,2005,4,tt0384891
168,Pelicula,Le parfum de la dame en noir,2005,9,tt0385933
169,Pelicula,Hitch,2005,3,tt0386588
170,Pelicula,Love for Rent,2005,2,tt0386603
171,Pelicula,Store planer!,2005,1,tt0386802
172,Pelicula,In Her Shoes,2005,12,tt0388125
173,Pelicula,The L.A. Riot Spectacular,2005,11,tt0388193
174,Pelicula,King's Ransom,2005,4,tt0388183
175,Pelicula,My Big Phat Hip Hop Family,2005,3,tt0388287
176,Pelicula,Beauty Shop,2005,3,tt0388500
177,Pelicula,Prime,2005,2,tt0387514
178,Pelicula,Johnny Slade's Greatest Hits,2005,8,tt0389053
179,Pelicula,Killing Cupid,2005,7,tt0389073
180,Pelicula,The Girl from Monday,2005,7,tt0388973
181,Pelicula,A Lot Like Love,2005,6,tt0391304
182,Pelicula,Waqt: The Race Against Time,2005,4,tt0390614
183,Pelicula,Adam and Eve,2005,3,tt0391728
184,Pelicula,When Do We Eat?,2005,4,tt0392908
185,Pelicula,Mozart and the Whale,2005,4,tt0392465
186,Pelicula,Santa's Slay,2005,10,tt0393685
187,Pelicula,The Third Wish,2005,4,tt0393875
188,Pelicula,The Producers,2005,12,tt0395251
189,Pelicula,Le courage d'aimer,2005,6,tt0395553
190,Pelicula,The Pacifier,2005,4,tt0395699
191,Pelicula,Maman Last Call,2005,2,tt0396116
192,Pelicula,Wedding Crashers,2005,8,tt0396269
193,Pelicula,Opium Royale,2005,-,tt0395692
194,Pelicula,Club eutanasia,2005,4,tt0396535
195,Pelicula,Nanny McPhee,2005,2,tt0396752
196,Pelicula,The Longest Yard,2005,9,tt0398165
197,Pelicula,Ice Princess,2005,10,tt0396652
198,Pelicula,Drop Dead Sexy,2005,3,tt0397401
199,Pelicula,L.A. Dicks,2005,9,tt0397077
200,Pelicula,Zemanovaload,2005,,tt0397753
201,Pelicula,"Travaux, on sait quand ça commence...",2005,6,tt0397692
202,Pelicula,"Stress, Orgasms, and Salvation",2005,-,tt0398346
203,Pelicula,Rumor Has It...,2005,1,tt0398375
204,Pelicula,Miracolo a Palermo!,2005,4,tt0399356
205,Pelicula,The Indie Pendant,2005,6,tt0399186
206,Pelicula,Dead Meat,2005,2,tt0398927
207,Pelicula,Duane Hopwood,2005,9,tt0398982
208,Pelicula,Down and Derby,2005,12,tt0398971
209,Pelicula,Slapdash,2005,-,tt0399872
210,Pelicula,Je préfère qu'on reste amis,2005,2,tt0399222
211,Pelicula,Herbie Fully Loaded,2005,7,tt0400497
212,Pelicula,Out on a Limb,2005,10,tt0399462
213,Pelicula,The Man,2005,4,tt0399327
214,Pelicula,The Ice Harvest,2005,2,tt0400525
215,Pelicula,Take Out,2005,-,tt0400871
216,Pelicula,Som man bäddar...,2005,3,tt0399860
217,Pelicula,Chanthupottu,2005,8,tt0400186
218,Pelicula,Brooklyn Lobster,2005,11,tt0401591
219,Pelicula,The Baxter,2005,4,tt0401244
220,Pelicula,Bab el web,2005,3,tt0402043
221,Pelicula,C.R.A.Z.Y.,2005,9,tt0401085
222,Pelicula,Say Uncle,2005,7,tt0401385
223,Pelicula,"Tu vas rire, mais je te quitte",2005,1,tt0400897
224,Pelicula,Hating Alison Ashley,2005,3,tt0402247
225,Pelicula,The Big White,2005,10,tt0402850
226,Pelicula,The Helix... Loaded,2005,3,tt0401462
227,Pelicula,Avant qu'il ne soit trop tard,2005,5,tt0402040
228,Pelicula,The Great New Wonderful,2005,9,tt0402230
229,Pelicula,Csak szex és más semmi,2005,12,tt0402115
230,Pelicula,Ivkova slava,2005,11,tt0402493
231,Pelicula,Iznogoud,2005,2,tt0402294
232,Pelicula,Casanova,2005,1,tt0402894
233,Pelicula,The Sisterhood of the Traveling Pants,2005,6,tt0403508
234,Pelicula,Rose Woes and Joe's,2005,-,tt0403459
235,Pelicula,Solkongen,2005,2,tt0403522
236,Pelicula,The Lady from Sockholm,2005,6,tt0405086
237,Pelicula,Roll Bounce,2005,9,tt0403455
238,Pelicula,The Ape,2005,6,tt0403848
239,Pelicula,Everything Is Illuminated,2005,11,tt0404030
240,Pelicula,Sky High,2005,7,tt0405325
241,Pelicula,Shut Up and Shoot Me,2005,12,tt0406219
242,Pelicula,Suits on the Loose,2005,10,tt0405357
243,Pelicula,The 40 Year Old Virgin,2005,10,tt0405422
244,Pelicula,Nearing Grace,2005,6,tt0406097
245,Pelicula,The Moguls,2005,4,tt0405163
246,Pelicula,Zathura: A Space Adventure,2005,11,tt0406375
247,Pelicula,Wit's End,2005,,tt0406350
248,Pelicula,El amor - primera parte,2005,3,tt0406528
249,Pelicula,Barfuss,2005,3,tt0405743
250,Pelicula,Skrítek,2005,3,tt0406222
251,Pelicula,The Chumscrubber,2005,10,tt0406650
252,Pelicula,Dobro ustimani mrtvaci,2005,9,tt0406711
253,Pelicula,Transamerica,2005,4,tt0407265
254,Pelicula,Szöke kóla,2005,12,tt0407111
255,Pelicula,Dirty Deeds,2005,8,tt0407732
256,Pelicula,The Truth About Love,2005,2,tt0407269
257,Pelicula,Sílení,2005,11,tt0407236
258,Pelicula,Pooh's Heffalump Movie,2005,4,tt0407121
259,Pelicula,Príbehy obycejného sílenství,2005,2,tt0408120
260,Pelicula,Complete Guide to Guys,2005,11,tt0407680
261,Pelicula,Kamenák 3,2005,1,tt0407918
262,Pelicula,Csudafilm,2005,1,tt0407703
263,Pelicula,The Life and Hard Times of Guy Terrifico,2005,2,tt0408993
264,Pelicula,Le souffleur,2005,3,tt0408203
265,Pelicula,Voksne mennesker,2005,4,tt0408318
266,Pelicula,Knetter,2005,10,tt0408302
267,Pelicula,Les poupées russes,2005,10,tt0409184
268,Pelicula,Espace détente,2005,2,tt0409937
269,Pelicula,Shi cha qi xiao shi,2005,10,tt0408930
270,Pelicula,Guy X,2005,10,tt0408828
271,Pelicula,Marilyn Hotchkiss' Ballroom Dancing & Charm School,2005,1,tt0409034
272,Pelicula,Bad News Bears,2005,1,tt0408524
273,Pelicula,Love Wrecked,2005,6,tt0409011
274,Pelicula,Hrubes a Mares jsou kamarádi do deste,2005,10,tt0409032
275,Pelicula,Kids in America,2005,10,tt0408961
276,Pelicula,On a Clear Day,2005,8,tt0410400
277,Pelicula,Broken Flowers,2005,11,tt0412019
278,Pelicula,Return of the Living Dead: Necropolis,2005,3,tt0411805
279,Pelicula,One Day in Europe,2005,4,tt0411427
280,Pelicula,Mi Mejor Enemigo,2005,5,tt0410316
281,Pelicula,Return of the Living Dead: Rave to the Grave,2005,8,tt0411806
282,Pelicula,Breakfast on Pluto,2005,5,tt0411195
283,Pelicula,Tout pour plaire,2005,3,tt0412298
284,Pelicula,Vinnare och förlorare,2005,1,tt0412032
285,Pelicula,Brice de Nice,2005,4,tt0412535
286,Pelicula,L'antidote,2005,3,tt0412422
287,Pelicula,Brutal Incasso,2005,12,tt0412498
288,Pelicula,Quartier V.I.P.,2005,5,tt0413179
289,Pelicula,Little Manhattan,2005,1,tt0412922
290,Pelicula,Seven Days of Grace,2006,4,tt0136517
291,Pelicula,Viúva Rica Solteira Não Fica,2006,11,tt0166871
292,Pelicula,Live Freaky Die Freaky,2006,7,tt0197633
293,Pelicula,Death of a Saleswoman,2006,2,tt0204250
294,Pelicula,Funny Money,2006,1,tt0244521
295,Pelicula,How to Go Out on a Date in Queens,2006,7,tt0270417
296,Pelicula,Mothers and Daughters,2006,12,tt0275258
297,Pelicula,Ozzie,2006,,tt0280000
298,Pelicula,Obsluhoval jsem anglického krále,2006,11,tt0284363
299,Pelicula,The Worst Day Ever,2006,9,tt0291569
300,Pelicula,Free Jimmy,2006,1,tt0298337
301,Pelicula,Raising Flagg,2006,4,tt0302498
302,Pelicula,Happily N'Ever After,2006,4,tt0308353
303,Pelicula,Waitin' to Live,2006,8,tt0310334
304,Pelicula,Cars,2006,6,tt0317219
305,Pelicula,Neil's Party,2006,,tt0328179
306,Pelicula,Over the Hedge,2006,7,tt0327084
307,Pelicula,The Creature of the Sunny Side Up Trailer Park,2006,3,tt0328899
308,Pelicula,1972,2006,11,tt0337564
309,Pelicula,Goose on the Loose,2006,,tt0339086
310,Pelicula,Meteoro,2006,11,tt0339382
311,Pelicula,Arthur en de Minimoys,2006,1,tt0344854
312,Pelicula,Life on Mars,2006,,tt0354704
313,Pelicula,The Science of Sleep,2006,11,tt0354899
314,Pelicula,"Wood & Stock: Sexo, Orégano e Rock'n'Roll",2006,10,tt0356201
315,Pelicula,The Quest,2006,10,tt0362058
316,Pelicula,Lurking in Suburbia,2006,5,tt0361858
317,Pelicula,Love Hollywood Style,2006,4,tt0361852
318,Pelicula,Scary Movie 4,2006,4,tt0362120
319,Pelicula,Tenacious D in The Pick of Destiny,2006,2,tt0365830
320,Pelicula,Art School Confidential,2006,5,tt0364955
321,Pelicula,Shortbus,2006,10,tt0367027
322,Pelicula,Happy Feet,2006,12,tt0366548
323,Pelicula,Superhero Excelsior,2006,,tt0368311
324,Pelicula,Mi fiesta de casamiento,2006,3,tt0368863
325,Pelicula,Astérix et les Vikings,2006,4,tt0371552
326,Pelicula,American Scary,2006,10,tt0371530
327,Pelicula,Gray Matters,2006,7,tt0375785
328,Pelicula,I'll Believe You,2006,11,tt0377061
329,Pelicula,A-List,2006,4,tt0377320
330,Pelicula,The Naked Ape,2006,8,tt0381053
331,Pelicula,Kisses and Caroms,2006,8,tt0381341
332,Pelicula,The Penalty King,2006,11,tt0382222
333,Pelicula,Curious George,2006,7,tt0381971
334,Pelicula,The Pink Panther,2006,3,tt0383216
335,Pelicula,Love Comes to the Executioner,2006,8,tt0383478
336,Pelicula,Zoom,2006,8,tt0383060
337,Pelicula,Accepted,2006,8,tt0384793
338,Pelicula,Sajtóvadászat,2006,12,tt0385206
339,Pelicula,Monster House,2006,8,tt0385880
340,Pelicula,Idiocracy,2006,1,tt0387808
341,Pelicula,My First Wedding,2006,3,tt0388288
342,Pelicula,Matti,2006,1,tt0390245
343,Pelicula,The West Wittering Affair,2006,5,tt0389528
344,Pelicula,Click,2006,10,tt0389860
345,Pelicula,Swarm of the Snakehead,2006,7,tt0390528
346,Pelicula,I Want Someone to Eat Cheese With,2006,4,tt0391229
347,Pelicula,Forget About It,2006,10,tt0393297
348,Pelicula,Sportman van de Eeuw,2006,4,tt0393813
349,Pelicula,The Shaggy Dog,2006,5,tt0393735
350,Pelicula,The Ugly Duckling and Me!,2006,10,tt0396042
351,Pelicula,Catch and Release,2006,1,tt0395495
352,Pelicula,Egyetleneim,2006,8,tt0396575
353,Pelicula,Arizona sur,2006,1,tt0397314
354,Pelicula,Just My Luck,2006,7,tt0397078
355,Pelicula,Suspiros del corazón,2006,1,tt0397660
356,Pelicula,My Bollywood Bride,2006,3,tt0397551
357,Pelicula,Cattle Call,2006,5,tt0398839
358,Pelicula,Grad Night,2006,9,tt0399110
359,Pelicula,Avril,2006,6,tt0399497
360,Pelicula,Open Season,2006,10,tt0400717
361,Pelicula,"Paris, je t'aime",2006,1,tt0401711
362,Pelicula,A Good Year,2006,10,tt0401445
363,Pelicula,Comme tout le monde,2006,6,tt0402378
364,Pelicula,Americanese,2006,3,tt0402763
365,Pelicula,Think Tank,2006,4,tt0403598
366,Pelicula,Rang De Basanti,2006,1,tt0405508
367,Pelicula,Irish Jam,2006,3,tt0405052
368,Pelicula,The Wild,2006,4,tt0405469
369,Pelicula,Southland Tales,2006,12,tt0405336
370,Pelicula,Cloud 9,2006,5,tt0403946
371,Pelicula,The House,2006,4,tt0406850
372,Pelicula,Pucked,2006,2,tt0407038
373,Pelicula,Full Grown Men,2006,4,tt0407814
374,Pelicula,Last Holiday,2006,5,tt0408985
375,Pelicula,East Broadway,2006,4,tt0409301
376,Pelicula,Prachy delaj cloveka,2006,9,tt0409398
377,Pelicula,Taxidermia,2006,10,tt0410730
378,Pelicula,Grilled,2006,10,tt0409043
379,Pelicula,The Alibi,2006,1,tt0409681
380,Pelicula,Thanks to Gravity,2006,6,tt0410751
381,Pelicula,29 Reasons to Run,2006,1,tt0412297
382,Pelicula,Delirious,2006,5,tt0412637
383,Pelicula,Barnyard,2006,2,tt0414853
384,Pelicula,Peregon,2006,7,tt0416111
385,Pelicula,Mr. Fix It,2006,12,tt0416051
386,Pelicula,Keeping Up with the Steins,2006,6,tt0415949
387,Pelicula,Charlotte's Web,2006,12,tt0413895
388,Pelicula,Talladega Nights: The Ballad of Ricky Bobby,2006,8,tt0415306
389,Pelicula,Kalamazoo?,2006,4,tt0416887
390,Pelicula,Bandidas,2006,3,tt0416496
391,Pelicula,Pledge This!,2006,2,tt0417056
392,Pelicula,Comedy Hell,2006,9,tt0417547
393,Pelicula,Unbeatable Harold,2006,6,tt0417220
394,Pelicula,The Surfer King,2006,,tt0418206
395,Pelicula,Der rote Kakadu,2006,2,tt0418115
396,Pelicula,Novel Romance,2006,7,tt0418676
397,Pelicula,En soap,2006,1,tt0419146
398,Pelicula,"Jeste ziju s vesákem, plácackou a cepicí",2006,1,tt0418765
399,Pelicula,The Latin Legends of Comedy,2006,10,tt0418823
400,Pelicula,Living the Dream,2006,,tt0417909
401,Pelicula,A Prairie Home Companion,2006,2,tt0420087
402,Pelicula,Phir Hera Pheri,2006,6,tt0419058
403,Pelicula,Goldene Zeiten,2006,1,tt0418657
404,Pelicula,Pittsburgh,2006,-,tt0419236
405,Pelicula,Find Me Guilty,2006,3,tt0419749
406,Pelicula,"Sexo, amor y otras perversiones",2006,3,tt0419396
407,Pelicula,Stranger Than Fiction,2006,11,tt0420223
408,Pelicula,The Marine,2006,10,tt0419946
409,Pelicula,Screaming Blue Murder,2006,7,tt0421244
410,Pelicula,Bickford Shmeckler's Cool Ideas,2006,5,tt0421045
411,Pelicula,Man About Town,2006,6,tt0420757
412,Pelicula,Big Momma's House 2,2006,2,tt0421729
413,Pelicula,The Guatemalan Handshake,2006,1,tt0422366
414,Pelicula,Hatchet,2006,4,tt0422401
415,Pelicula,The Oh in Ohio,2006,2,tt0422861
416,Pelicula,American Blend,2006,3,tt0425478
417,Pelicula,Flushed Away,2006,11,tt0424095
418,Pelicula,Leabet el hob,2006,10,tt0424818
419,Pelicula,Clerks II,2006,10,tt0424345
420,Pelicula,Mini's First Time,2006,7,tt0425253
421,Pelicula,Fifty Pills,2006,4,tt0426462
422,Pelicula,Outsourced,2006,11,tt0425326
423,Pelicula,Trailer Park Boys: The Movie,2006,10,tt0425601
424,Pelicula,Play It by Ear,2006,5,tt0424804
425,Pelicula,Employee of the Month,2006,4,tt0424993
426,Pelicula,Relative Strangers,2006,5,tt0425395
427,Pelicula,Confetti,2006,5,tt0427089
428,Pelicula,Failure to Launch,2006,4,tt0427229
429,Pelicula,Just Another Romantic Wrestling Comedy,2006,4,tt0427415
430,Pelicula,Hui Buh: Das Schlossgespenst,2006,7,tt0428646
431,Pelicula,Hollywood Dreams,2006,5,tt0431124
432,Pelicula,Il caimano,2006,7,tt0429727
433,Pelicula,The Darwin Awards,2006,7,tt0428446
434,Pelicula,Shaadi Karke Phas Gaya Yaar,2006,8,tt0430589
435,Pelicula,Toute la beauté du monde,2006,2,tt0429187
436,Pelicula,Little Man,2006,7,tt0430304
437,Pelicula,Waltzing Anna,2006,8,tt0431461
438,Pelicula,Der Räuber Hotzenplotz,2006,3,tt0430559
439,Pelicula,Aquamarine,2006,5,tt0429591
440,Pelicula,Stick It,2006,4,tt0430634
441,Pelicula,Rock House,2006,,tt0430552
442,Pelicula,Sandwich,2006,8,tt0430202
443,Pelicula,Rabbit Fever,2006,9,tt0429018
444,Pelicula,Sejtanov ratnik,2006,4,tt0430582
445,Pelicula,The Ant Bully,2006,9,tt0429589
446,Pelicula,Nitro,2006,5,tt0431287
447,Pelicula,Finding Preet,2006,12,tt0432288
448,Pelicula,Live Free or Die,2006,3,tt0432318
449,Pelicula,Jak se krotí krokodýli,2006,1,tt0431841
450,Pelicula,Everyone's Hero,2006,9,tt0430779
451,Pelicula,Material Girls,2006,8,tt0433412
452,Pelicula,El don de la duda,2006,4,tt0433549
453,Pelicula,Dios los junta y ellos se separan,2006,12,tt0433988
454,Pelicula,Wrinkles,2006,-,tt0433665
455,Pelicula,Shut Up and Shoot!,2006,6,tt0433451
456,Pelicula,Late Night Girls,2006,-,tt0433472
457,Pelicula,Friends with Money,2006,9,tt0436331
458,Pelicula,The Last Kiss,2006,9,tt0434139
459,Pelicula,Beur blanc rouge,2006,5,tt0435794
460,Pelicula,Creatures from the Pink Lagoon,2006,,tt0436200
461,Pelicula,Nina's Heavenly Delights,2006,9,tt0435706
462,Pelicula,Return of the Jackalope,2006,4,tt0436717
463,Pelicula,East Side Story,2006,6,tt0437171
464,Pelicula,Something New,2006,2,tt0437777
465,Pelicula,Pacala se întoarce,2006,6,tt0439752
466,Pelicula,Behind the Mask: The Rise of Leslie Vernon,2006,4,tt0437857
467,Pelicula,The Benchwarmers,2006,4,tt0437863
468,Pelicula,These Foolish Things,2006,12,tt0439848
469,Pelicula,Fat Girls,2006,4,tt0439179
470,Pelicula,Snuppet,2006,9,tt0441507
471,Pelicula,Ice Age: The Meltdown,2006,3,tt0438097
472,Pelicula,Jopog manura 3,2006,12,tt0439654
473,Pelicula,Irma Vap: O Retorno,2006,4,tt0438916
474,Pelicula,Cyxork 7,2006,2,tt0441748
475,Pelicula,Slither,2006,6,tt0439815
476,Pelicula,Running with Scissors,2006,10,tt0439289
477,Pelicula,Ein Freund von mir,2006,10,tt0441762
478,Pelicula,Riisuttu mies,2006,9,tt0441633
479,Pelicula,American Stag,2006,1,tt0440992
480,Pelicula,The Best of Robbers,2006,-,tt0441786
481,Pelicula,Volver,2006,8,tt0441909
482,Pelicula,Enfermés dehors,2006,4,tt0442207
483,Pelicula,Fay Grim,2006,9,tt0444628
484,Pelicula,Fauteuils d'orchestre,2006,2,tt0444112
485,Pelicula,Brand Upon the Brain! A Remembrance in 12 Chapters,2006,9,tt0443455
486,Pelicula,Un ticket pour l'espace,2006,1,tt0444519
487,Pelicula,Forgiving the Franklins,2006,1,tt0443512
488,Pelicula,The Beach Party at the Threshold of Hell,2006,,tt0443441
489,Pelicula,Expiration Date,2006,4,tt0443501
490,Pelicula,One Last Dance,2006,1,tt0445609
491,Pelicula,Splinter,2006,,tt0443651
492,Pelicula,Another Gay Movie,2006,5,tt0443431
493,Pelicula,Leiutajateküla Lotte,2006,10,tt0447249
494,Pelicula,Slippery Slope,2006,,tt0443644
495,Pelicula,Borat: Cultural Learnings of America for Make Benefit Glorious Nation of Kazakhstan,2006,11,tt0443453
496,Pelicula,Scorpius Gigantus,2006,7,tt0443629
497,Pelicula,Ruudi,2006,2,tt0447383
498,Pelicula,Driving Lessons,2006,7,tt0446687
499,Pelicula,Nail Polish,2006,,tt0445035
500,Pelicula,Hot Tamale,2006,4,tt0447999
501,Pelicula,Two Weeks,2006,10,tt0448166
502,Pelicula,Kráska v nesnázích,2006,9,tt0449303
503,Pelicula,Les bronzés 3: amis pour la vie,2006,2,tt0445800
504,Pelicula,Bye Bye Harry!,2006,2,tt0448076
505,Pelicula,Offset,2006,11,tt0448239
506,Pelicula,Rescue Rocket X-5,2006,-,tt0448098
507,Pelicula,Alien Incursion,2006,7,tt0448001
508,Pelicula,L'homme qui rêvait d'un enfant,2006,3,tt0450784
509,Pelicula,As You Like It,2006,9,tt0450972
510,Pelicula,Sheitan,2006,2,tt0450843
511,Pelicula,Quatre étoiles,2006,5,tt0448245
512,Pelicula,La doublure,2006,3,tt0449851
513,Pelicula,Se Eu Fosse Você,2006,1,tt0448927
514,Pelicula,Kummelin Jackpot,2006,2,tt0448909
515,Pelicula,RV,2006,4,tt0449089
516,Pelicula,Dead Long Enough,2006,12,tt0449003
517,Pelicula,Siren,2006,-,tt0449393
518,Pelicula,Call Me Agostino,2006,7,tt0450586
519,Pelicula,Pieces of Eight,2006,-,tt0451158
520,Pelicula,Halal Harry,2006,9,tt0449031
521,Pelicula,Little Miss Sunshine,2006,10,tt0449059
522,Pelicula,Premium,2006,3,tt0451166
523,Pelicula,Buddha Wild: Monk in a Hut,2006,12,tt0449570
524,Pelicula,Suburban Mayhem,2006,10,tt0450506
525,Pelicula,"Young, Single & Angry",2006,1,tt0451284
526,Pelicula,L'entente cordiale,2006,6,tt0450615
527,Pelicula,Ik omhels je met 1000 armen,2006,3,tt0450440
528,Pelicula,The Waiters,2006,6,tt0451264
529,Pelicula,In a Day,2006,5,tt0452634
530,Pelicula,Who Made the Potatoe Salad?,2006,11,tt0452706
531,Pelicula,She's the Man,2006,7,tt0454945
532,Pelicula,Sex & Sushi,2006,4,tt0452685
533,Pelicula,The Santa Clause 3: The Escape Clause,2006,11,tt0452681
534,Pelicula,Komm näher,2006,3,tt0452633
535,Pelicula,Studs,2006,3,tt0452866
536,Pelicula,No. 2,2006,2,tt0452345
537,Pelicula,Love and Other Disasters,2006,4,tt0452643
538,Pelicula,The Break-Up,2006,6,tt0452594
539,Pelicula,Azuloscurocasinegro,2006,5,tt0452971
540,Pelicula,Circus Camp,2006,-,tt0453500
541,Pelicula,The Breed,2006,10,tt0455362
542,Pelicula,Comeback Season,2006,8,tt0455400
543,Pelicula,January 2nd,2006,4,tt0454482
544,Pelicula,Beer League,2006,9,tt0453453
545,Pelicula,The Groomsmen,2006,9,tt0455958
546,Pelicula,Ways of the Flesh,2006,1,tt0455841
547,Pelicula,Hoot,2006,5,tt0453494
548,Pelicula,Lage Raho Munna Bhai,2006,9,tt0456144
549,Pelicula,Madea's Family Reunion,2006,2,tt0455612
550,Pelicula,Célibataires,2006,3,tt0455093
551,Pelicula,Locos por el sexo,2006,8,tt0456513
552,Pelicula,Outside Sales,2006,3,tt0455671
553,Pelicula,Un mundo maravilloso,2006,3,tt0456467
554,Pelicula,Dikkenek,2006,6,tt0456123
555,Pelicula,The Elder Son,2006,3,tt0455988
556,Pelicula,Jaan-E-Mann: Let's Fall in Love... Again,2006,10,tt0456481
557,Pelicula,Grandma's Boy,2006,1,tt0456554
558,Pelicula,Blind Dating,2006,4,tt0454084
559,Pelicula,Incontrôlable,2006,2,tt0456070
560,Pelicula,Let's Go to Prison,2006,11,tt0454987
561,Pelicula,Va a ser que nadie es perfecto,2006,10,tt0456698
562,Pelicula,Garfield 2,2006,8,tt0455499
563,Pelicula,Frostbiten,2006,2,tt0454457
564,Pelicula,Surf School,2006,9,tt0456014
565,Pelicula,Church Ball,2006,3,tt0457303
566,Pelicula,Nacho Libre,2006,1,tt0457510
567,Pelicula,John Tucker Must Die,2006,7,tt0455967
568,Pelicula,Evil Behind You,2006,10,tt0457342
569,Pelicula,El ratón Pérez,2006,7,tt0458076
570,Pelicula,The Devil Wears Prada,2006,10,tt0458352
571,Pelicula,The Other Half,2006,5,tt0458449
572,Pelicula,Mixed Doubles,2006,2,tt0458017
573,Pelicula,Are You Ready for Love?,2006,,tt0457279
574,Pelicula,Turn Left,2006,6,tt0458509
575,Pelicula,Scoop,2006,10,tt0457513
576,Pelicula,El boquete,2006,3,tt0457807
577,Pelicula,The Holiday,2006,12,tt0457939
578,Pelicula,Marta's Sex Tape,2006,6,tt0458229
579,Pelicula,Atina & Herakles,2006,1,tt0458326
580,Pelicula,The Junior Defenders,2007,10,tt0119231
581,Pelicula,Tortilla Heaven,2007,10,tt0227671
582,Pelicula,The Bros.,2007,2,tt0275236
583,Pelicula,Rush Hour 3,2007,10,tt0293564
584,Pelicula,Hollywood Dot Com,2007,-,tt0294654
585,Pelicula,The Man Who Would Be Queen,2007,9,tt0300007
586,Pelicula,Marigold,2007,8,tt0329354
587,Pelicula,"So, You've Downloaded a Demon",2007,,tt0348062
588,Pelicula,The Chosen One,2007,,tt0357545
589,Pelicula,Kottentail,2007,8,tt0361724
590,Pelicula,Uncle P,2007,6,tt0365880
591,Pelicula,Beyond Baklava: The Fairy Tale Story of Sylvia's Baklava,2007,9,tt0371407
592,Pelicula,Red Is the Color of,2007,9,tt0373263
593,Pelicula,Tijuana Makes Me Happy,2007,1,tt0381704
594,Pelicula,For Pete's Wake!,2007,12,tt0382036
595,Pelicula,Ratatouille,2007,8,tt0382932
596,Pelicula,Pistoleros,2007,2,tt0385683
597,Pelicula,King of California,2007,9,tt0388182
598,Pelicula,Bee Movie,2007,12,tt0389790
599,Pelicula,Go Go Tales,2007,6,tt0393329
600,Pelicula,Viva,2007,5,tt0393956
601,Pelicula,Meet the Robinsons,2007,10,tt0396555
602,Pelicula,God Only Knows!,2007,1,tt0398404
603,Pelicula,Gardener of Eden,2007,6,tt0403057
604,Pelicula,Wild Girls Gone,2007,10,tt0408336
605,Pelicula,The Heartbreak Kid,2007,10,tt0408839
606,Pelicula,Evan Almighty,2007,8,tt0413099
607,Pelicula,Mama's Boy,2007,12,tt0415141
608,Pelicula,Shrek the Third,2007,6,tt0413267
609,Pelicula,Martian Child,2007,11,tt0415965
610,Pelicula,Mattie Fresno and the Holoflux Universe,2007,,tt0416966
611,Pelicula,The Cake Eaters,2007,3,tt0418586
612,Pelicula,Corazón marchito,2007,2,tt0419656
613,Pelicula,Donkey Xote,2007,12,tt0419704
614,Pelicula,S. O. S. - Spasite nase duse,2007,7,tt0419083
615,Pelicula,Mr. Woodcock,2007,2,tt0419984
616,Pelicula,In the Land of Women,2007,4,tt0419843
617,Pelicula,Latin Divas of Comedy,2007,12,tt0421135
618,Pelicula,Are We Done Yet?,2007,4,tt0422774
619,Pelicula,Pusinky,2007,4,tt0422981
620,Pelicula,Music Within,2007,1,tt0422783
621,Pelicula,Surf's Up: Een Oceanimatiefilm,2007,10,tt0423294
622,Pelicula,Hot Fuzz,2007,4,tt0425112
623,Pelicula,Balls of Fury,2007,8,tt0424823
624,Pelicula,Video Kings,2007,9,tt0424539
625,Pelicula,Charlie Bartlett,2007,2,tt0423977
626,Pelicula,Too Much Too Young,2007,5,tt0425546
627,Pelicula,Noise,2007,11,tt0425308
628,Pelicula,Run Fatboy Run,2007,12,tt0425413
629,Pelicula,Target Audience 9.1,2007,,tt0425522
630,Pelicula,Hairspray,2007,8,tt0427327
631,Pelicula,Suburban Girl,2007,10,tt0428579
632,Pelicula,The Grand,2007,6,tt0427998
633,Pelicula,P.S. I Love You,2007,12,tt0431308
634,Pelicula,Clubland,2007,6,tt0432264
635,Pelicula,Everything or Nothing,2007,9,tt0436288
636,Pelicula,Le temps d'un regard,2007,11,tt0436825
637,Pelicula,Sextet,2007,9,tt0437473
638,Pelicula,Three Days to Vegas,2007,,tt0438365
639,Pelicula,Virgin Territory,2007,7,tt0437954
640,Pelicula,All the Days Before Tomorrow,2007,2,tt0439115
641,Pelicula,What Love Is,2007,3,tt0439876
642,Pelicula,Neues vom Wixxer,2007,3,tt0446009
643,Pelicula,Hard Four,2007,6,tt0443529
644,Pelicula,Du levande,2007,3,tt0445336
645,Pelicula,Moving McAllister,2007,10,tt0444672
646,Pelicula,Save Angel Hope,2007,6,tt0446027
647,Pelicula,Weenie Roast Massacre,2007,11,tt0446801
648,Pelicula,The Little Documentary That Couldn't,2007,2,tt0446060
649,Pelicula,Blades of Glory,2007,5,tt0445934
650,Pelicula,Full of It,2007,6,tt0446752
651,Pelicula,The Sandpiper,2007,10,tt0448106
652,Pelicula,The All Together,2007,5,tt0450238
653,Pelicula,Dennis P.,2007,3,tt0450412
654,Pelicula,Believe,2007,4,tt0447857
655,Pelicula,Concursante,2007,3,tt0447907
656,Pelicula,Die Aufschneider,2007,2,tt0449080
657,Pelicula,Die drei Räuber,2007,12,tt0448150
658,Pelicula,Diablita,2007,4,tt0451039
659,Pelicula,California Dreamin' (Nesfarsit),2007,11,tt0449573
660,Pelicula,Sweetzer,2007,8,tt0451223
661,Pelicula,Loveless in Los Angeles,2007,5,tt0451106
662,Pelicula,The List,2007,5,tt0451082
663,Pelicula,Good Luck Chuck,2007,9,tt0452625
664,Pelicula,Mr. Bean's Holiday,2007,3,tt0453451
665,Pelicula,Then She Found Me,2007,7,tt0455805
666,Pelicula,Lucky Miles,2007,7,tt0452644
667,Pelicula,Bruno,2007,4,tt0452595
668,Pelicula,Arizona Seaside,2007,7,tt0452586
669,Pelicula,TMNT,2007,4,tt0453556
670,Pelicula,The Hunting Party,2007,4,tt0455782
671,Pelicula,The Mini,2007,3,tt0453517
672,Pelicula,Aqua Teen Hunger Force Colon Movie Film for Theaters,2007,4,tt0455326
673,Pelicula,Taking 5,2007,4,tt0454962
674,Pelicula,Næste skridt,2007,3,tt0454517
675,Pelicula,In the Land of Merry Misfits,2007,4,tt0457385
676,Pelicula,Mr. Magorium's Wonder Emporium,2007,12,tt0457419
677,Pelicula,Traci Townsend,2007,9,tt0457505
678,Pelicula,Don't Stop Dreaming,2007,3,tt0459652
679,Pelicula,Morirse está en Hebreo,2007,10,tt0459468
680,Pelicula,Elf Bowling the Movie: The Great North Pole Elf Strike,2007,10,tt0460811
681,Pelicula,Chaos Theory,2007,10,tt0460745
682,Pelicula,The Bet,2007,12,tt0461012
683,Pelicula,Daddy Day Camp,2007,8,tt0462244
684,Pelicula,Enchanted,2007,12,tt0461770
685,Pelicula,Code Name: The Cleaner,2007,1,tt0462229
686,Pelicula,The Simpsons Movie,2007,8,tt0462538
687,Pelicula,Walk the Talk,2007,6,tt0462601
688,Pelicula,Flakes,2007,3,tt0462295
689,Pelicula,Bunny Whipped,2007,4,tt0462409
690,Pelicula,Más que un hombre,2007,10,tt0462474
691,Pelicula,A New Tomorrow,2007,5,tt0464131
692,Pelicula,Back in Business,2007,2,tt0463873
693,Pelicula,After Sex,2007,3,tt0465375
694,Pelicula,Four Last Songs,2007,12,tt0465461
695,Pelicula,Cake: A Wedding Story,2007,10,tt0463934
696,Pelicula,Stagknight,2007,,tt0465616
697,Pelicula,Max Minsky und ich,2007,9,tt0466100
698,Pelicula,Midsummer Madness,2007,10,tt0466456
699,Pelicula,Kein Bund fürs Leben,2007,8,tt0466713
700,Pelicula,Underdog,2007,1,tt0467110
701,Pelicula,Juno,2007,2,tt0467406
702,Pelicula,Randy and the Mob,2007,10,tt0466943
703,Pelicula,The Karaoke King,2007,3,tt0466867
704,Pelicula,Drive Thru,2007,5,tt0466766
705,Pelicula,I Could Never Be Your Woman,2007,11,tt0466839
706,Pelicula,Alles is liefde,2007,10,tt0468644
707,Pelicula,Gympl,2007,9,tt0471725
708,Pelicula,Shanghai Kiss,2007,3,tt0469184
709,Pelicula,Her Best Move,2007,9,tt0469429
710,Pelicula,Saturday Morning,2007,10,tt0469694
711,Pelicula,Boxboarders!,2007,7,tt0473153
712,Pelicula,Callback,2007,10,tt0469236
713,Pelicula,Man zkt vrouw,2007,8,tt0472477
714,Pelicula,The Dukes,2007,11,tt0470737
715,Pelicula,Charlie Wilson's War,2007,1,tt0472062
716,Pelicula,Watching the Detectives,2007,9,tt0472205
717,Pelicula,Ram Gopal Varma Ki Aag,2007,8,tt0473310
718,Pelicula,Get Pony Boy,2007,4,tt0475283
719,Pelicula,Waitress,2007,5,tt0473308
720,Pelicula,Closing Escrow,2007,2,tt0473015
721,Pelicula,Trust Me,2007,6,tt0473403
722,Pelicula,Graduation,2007,5,tt0475286
723,Pelicula,Hack!,2007,7,tt0475289
724,Pelicula,Días de cine,2007,2,tt0475567
725,Pelicula,Permanent Vacation,2007,10,tt0475431
726,Pelicula,Uno de los dos no puede estar equivocado,2007,2,tt0476705
727,Pelicula,Mister Lonely,2007,3,tt0475984
728,Pelicula,Firehouse Dog,2007,4,tt0476995
729,Pelicula,Nehlle Pe Dehlla,2007,3,tt0476819
730,Pelicula,Rocket Science,2007,9,tt0477078
731,Pelicula,Norbit,2007,3,tt0477051
732,Pelicula,Knocked Up,2007,9,tt0478311
733,Pelicula,The Go-Getter,2007,1,tt0479289
734,Pelicula,Small Town Folk,2007,1,tt0478265
735,Pelicula,Hvordan vi slipper af med de andre,2007,2,tt0478365
736,Pelicula,Bajo las estrellas,2007,6,tt0479221
737,Pelicula,Dante's Inferno,2007,4,tt0479008
738,Pelicula,Nancy Drew,2007,6,tt0479500
739,Pelicula,Totally Baked,2007,4,tt0479181
740,Pelicula,Vikaren,2007,6,tt0478394
741,Pelicula,Be My Baby,2007,11,tt0478763
742,Pelicula,The Inner Life of Martin Frost,2007,10,tt0479074
743,Pelicula,Zavet,2007,7,tt0479519
744,Pelicula,Párpados azules,2007,2,tt0481320
745,Pelicula,Dan in Real Life,2007,4,tt0480242
746,Pelicula,Blind Date,2007,9,tt0480268
747,Pelicula,Sexina: Popstar P.I.,2007,11,tt0479978
748,Pelicula,Crime Fiction,2007,1,tt0481497
749,Pelicula,No Reservations,2007,9,tt0481141
750,Pelicula,Simple Things,2007,2,tt0481583
751,Pelicula,Six Bend Trap,2007,3,tt0482600
752,Pelicula,Duhovi Sarajeva,2007,11,tt0482201
753,Pelicula,Noé bárkája,2007,3,tt0483093
754,Pelicula,El baño del Papa,2007,1,tt0482901
755,Pelicula,Oliviero Rising,2007,2,tt0483098
756,Pelicula,De unge år: Erik Nietzsche sagaen del 1,2007,12,tt0482358
757,Pelicula,The Speed Track,2007,3,tt0482961
758,Pelicula,Out of Omaha,2007,3,tt0483763
759,Pelicula,Popcorn,2007,10,tt0483776
760,Pelicula,¿Quién dice que es fácil?,2007,2,tt0483759
761,Pelicula,Nobel Son,2007,12,tt0483756
762,Pelicula,Moola,2007,4,tt0483796
763,Pelicula,The Good Night,2007,1,tt0484111
764,Pelicula,Homo Erectus,2007,7,tt0484207
765,Pelicula,Salaam-E-Ishq,2007,1,tt0485272
766,Pelicula,Americanizing Shelley,2007,10,tt0485185
767,Pelicula,Mejor es que Gabriela no se muera,2007,9,tt0485129
768,Pelicula,No digas nada,2007,12,tt0485131
769,Pelicula,Trail of the Screaming Forehead,2007,6,tt0486665
770,Pelicula,Postal,2007,10,tt0486640
771,Pelicula,Fred Claus,2007,12,tt0486583
772,Pelicula,Made in Brooklyn,2007,11,tt0486620
773,Pelicula,Wild Hogs,2007,4,tt0486946
774,Pelicula,Cherche fiancé tous frais payés,2007,6,tt0486497
775,Pelicula,Speed Dating,2007,4,tt0486209
776,Pelicula,"Très bien, merci",2007,4,tt0487505
777,Pelicula,Killing Zelda Sparks,2007,8,tt0487144
778,Pelicula,Cow-Boy,2007,12,tt0487203
779,Pelicula,My Name Is Bruce,2007,4,tt0489235
780,Pelicula,The Longest Yard Sale,2007,2,tt0489213
781,Pelicula,Je crois que je l'aime,2007,2,tt0488565
782,Pelicula,Suffering Man's Charity,2007,3,tt0489286
783,Pelicula,The Nanny Diaries,2007,1,tt0489237
784,Pelicula,The Living Wake,2007,6,tt0489212
785,Pelicula,Man in the Chair,2007,1,tt0489225
786,Pelicula,Expired,2007,8,tt0488535
787,Pelicula,Out at the Wedding,2007,,tt0488023
788,Pelicula,Welcome,2007,12,tt0488798
789,Pelicula,Purple Violets,2007,2,tt0491109
790,Pelicula,"Good Boy, Bad Boy",2007,5,tt0489486
791,Pelicula,Stanley Cuba,2007,1,tt0491168
792,Pelicula,Big Stan,2007,6,tt0490086
793,Pelicula,Dedication,2007,10,tt0490579
794,Pelicula,Because I Said So,2007,8,tt0490084
795,Pelicula,Tres minutos,2007,2,tt0490016
796,Pelicula,Surviving the Rush,2007,4,tt0491176
797,Pelicula,You Are Here,2007,1,tt0490701
798,Pelicula,Heavy Petting,2007,7,tt0491211
799,Pelicula,Capri You Love?,2007,6,tt0493224
800,Pelicula,Cook Off!,2007,11,tt0493407
801,Pelicula,The Scoop: An Ode to Customer Service,2007,5,tt0493445
802,Pelicula,Razzle Dazzle: A Journey Into Dance,2007,3,tt0493160
803,Pelicula,Eagle vs Shark,2007,8,tt0494222
804,Pelicula,Shrooms,2007,11,tt0492486
805,Pelicula,Your Beautiful Cul de Sac Home,2007,9,tt0494295
806,Pelicula,The Agonist,2007,,tt0493388
807,Pelicula,The Game Plan,2007,9,tt0492956
808,Pelicula,Fool N Final,2007,6,tt0493417
809,Pelicula,Buscando a Miguel,2007,8,tt0495025
810,Pelicula,Greetings from the Shore,2007,8,tt0493421
811,Pelicula,Freezer Burn,2007,2,tt0496304
812,Pelicula,Itty Bitty Titty Committee,2007,9,tt0496328
813,Pelicula,Pretty Cool Too,2007,6,tt0496373
814,Pelicula,Miguel y William,2007,2,tt0497411
815,Pelicula,Sex and Death 101,2007,2,tt0497972
816,Pelicula,The Metrosexual,2007,,tt0498368
817,Pelicula,The Happiest Day of His Life,2007,3,tt0498350
818,Pelicula,Lissi und der wilde Kaiser,2007,10,tt0498525
819,Pelicula,Ein La Elohim,2007,5,tt0498793
820,Pelicula,L'île aux trésors,2007,1,tt0499435
821,Pelicula,Slipstream,2007,4,tt0499570
822,Pelicula,Reno 911!: Miami,2007,8,tt0499554
823,Pelicula,Taitei no ken,2007,4,tt0499261
824,Pelicula,Year of the Dog,2007,5,tt0756729
825,Pelicula,Music and Lyrics,2007,3,tt0758766
826,Pelicula,Margot at the Wedding,2007,3,tt0757361
827,Pelicula,Illegal Aliens,2007,5,tt0758754
828,Pelicula,The Wedding Video,2007,6,tt0756724
829,Pelicula,If I Had Known I Was a Genius,2007,11,tt0758753
830,Pelicula,Weirdsville,2007,10,tt0758798
831,Pelicula,Stuck,2007,1,tt0758786
832,Pelicula,Agent X44,2007,1,tt0757858
833,Pelicula,Z: A Zombie Musical,2007,10,tt0760332
834,Pelicula,How to Rob a Bank (and 10 Tips to Actually Get Away with It),2007,6,tt0762104
835,Pelicula,I Now Pronounce You Chuck & Larry,2007,7,tt0762107
836,Pelicula,Lovely by Surprise,2007,6,tt0760173
837,Pelicula,License to Wed,2007,8,tt0762114
838,Pelicula,Les 3 p'tits cochons,2007,8,tt0762142
839,Pelicula,The Doorman,2007,10,tt0762093
840,Pelicula,X's & O's,2007,,tt0763847
841,Pelicula,Das wilde Leben,2007,2,tt0764639
842,Pelicula,Pactar amb el gat,2007,9,tt0765130
843,Pelicula,American Zombie,2007,3,tt0765430
844,Pelicula,Podecrer!,2007,11,tt0768177
845,Pelicula,I Think I Love My Wife,2007,3,tt0770772
846,Pelicula,Broken English,2007,7,tt0772157
847,Pelicula,Kickin' It Old Skool,2007,4,tt0772178
848,Pelicula,Hellphone,2007,3,tt0775480
849,Pelicula,Capital (Todo el mundo va a Buenos Aires),2007,9,tt0775073
850,Pelicula,The Savages,2007,2,tt0775529
851,Pelicula,Skid Marks,2007,10,tt0775536
852,Pelicula,Mataharis,2007,8,tt0780565
853,Pelicula,Teeth,2007,4,tt0780622
854,Pelicula,Un amore su misura,2007,1,tt0782684
855,Pelicula,Blood Car,2007,3,tt0780485
856,Pelicula,Blue State,2007,2,tt0780486
857,Pelicula,Smiley Face,2007,1,tt0780608
858,Pelicula,Tatt av kvinnen,2007,9,tt0780621
859,Pelicula,Lady Godiva: Back in the Saddle,2007,11,tt0780552
860,Pelicula,Mein Führer - Die wirklich wahrste Wahrheit über Adolf Hitler,2007,1,tt0780568
861,Pelicula,Luo ye gui gen,2007,4,tt0783475
862,Pelicula,Dr. Plonk,2007,8,tt0783511
863,Pelicula,Trainwreck: My Life as an Idiot,2007,9,tt0783601
864,Pelicula,The Baker,2007,5,tt0783234
865,Pelicula,7-10 Split,2007,8,tt0784962
866,Pelicula,The Brothers Solomon,2007,9,tt0784972
867,Pelicula,Who's Your Caddy?,2007,7,tt0785077
868,Pelicula,Just Married: Marriage Was Only the Beginning!,2007,3,tt0785004
869,Pelicula,Daymaker,2007,8,tt0784618
870,Pelicula,Biriken,2008,8,tt0115686
871,Pelicula,Quality Time,2008,3,tt0119970
872,Pelicula,Berlin Calling,2008,10,tt0211946
873,Pelicula,A Circle on the Cross,2008,9,tt0317249
874,Pelicula,Big River Blues,2008,11,tt0340020
875,Pelicula,Delgo,2008,12,tt0361500
876,Pelicula,Lymelife,2008,11,tt0363780
877,Pelicula,Anywhere But Home,2008,12,tt0369436
878,Pelicula,In Your Dreams,2008,7,tt0373028
879,Pelicula,Elvis in East Peoria,2008,,tt0373817
880,Pelicula,Carlston za Ognjenku,2008,1,tt0380249
881,Pelicula,Leatherheads,2008,5,tt0379865
882,Pelicula,Kalandorok,2008,1,tt0383062
883,Pelicula,The Onion Movie,2008,1,tt0392878
884,Pelicula,Take Me to Your Leader,2008,1,tt0393849
885,Pelicula,Bolt,2008,2,tt0397892
886,Pelicula,My Sassy Girl,2008,6,tt0404254
887,Pelicula,Rudo y Cursi,2008,7,tt0405393
888,Pelicula,Nim's Island,2008,8,tt0410377
889,Pelicula,Llamando a un ángel,2008,2,tt0411271
890,Pelicula,A Previous Engagement,2008,5,tt0411234
891,Pelicula,American Crude,2008,7,tt0415489
892,Pelicula,Check It Out,2008,8,tt0413896
893,Pelicula,West of Brooklyn,2008,9,tt0420999
894,Pelicula,The Tale of Despereaux,2008,2,tt0420238
895,Pelicula,McCartney's Genes,2008,-,tt0422734
896,Pelicula,Glow Ropes: The Rise and Fall of a Bar Mitzvah Emcee,2008,7,tt0425068
897,Pelicula,Superhero Movie,2008,8,tt0426592
898,Pelicula,Get Smart,2008,8,tt0425061
899,Pelicula,The Women,2008,11,tt0430770
900,Pelicula,Agent One-Half,2008,-,tt0430878
901,Pelicula,Role Models,2008,3,tt0430922
902,Pelicula,Tulpan,2008,5,tt0436854
903,Pelicula,The Woman of Ahhs,2008,10,tt0439882
904,Pelicula,Kung Fu Panda,2008,7,tt0441773
905,Pelicula,Stick It in Detroit,2008,,tt0441799
906,Pelicula,Deal,2008,6,tt0446676
907,Pelicula,The Gamers: Dorkness Rising,2008,8,tt0447166
908,Pelicula,South of Heaven,2008,6,tt0448128
909,Pelicula,Enloquecidas,2008,4,tt0448458
910,Pelicula,Bitter & Twisted,2008,4,tt0448205
911,Pelicula,Stone & Ed,2008,1,tt0451214
912,Pelicula,Horton,2008,3,tt0451079
913,Pelicula,How to Lose Friends & Alienate People,2008,11,tt0455538
914,Pelicula,Australia,2008,12,tt0455824
915,Pelicula,The Great Buck Howard,2008,4,tt0460810
916,Pelicula,La personne aux deux personnes,2008,6,tt0463352
917,Pelicula,Camille,2008,6,tt0462219
918,Pelicula,Lonely Street,2008,9,tt0464096
919,Pelicula,Astérix aux jeux olympiques,2008,2,tt0463872
920,Pelicula,Igor,2008,4,tt0465502
921,Pelicula,The Cottage,2008,3,tt0465430
922,Pelicula,For Heaven's Sake,2008,9,tt0469081
923,Pelicula,Hey Hey It's Esther Blueburger,2008,3,tt0469099
924,Pelicula,Sea of Dust,2008,9,tt0471032
925,Pelicula,Bart Got a Room,2008,4,tt0472050
926,Pelicula,Short Track,2008,9,tt0473539
927,Pelicula,Eden Court,2008,8,tt0475259
928,Pelicula,Jack and Jill vs. the World,2008,10,tt0475252
929,Pelicula,Jaane Tu... Ya Jaane Na,2008,7,tt0473367
930,Pelicula,Parting Words,2008,4,tt0475997
931,Pelicula,Bar Starz,2008,3,tt0475936
932,Pelicula,God Tussi Great Ho,2008,8,tt0476550
933,Pelicula,Were the World Mine,2008,5,tt0476991
934,Pelicula,Lucifer et moi,2008,2,tt0477768
935,Pelicula,Det perfekte kup,2008,6,tt0477812
936,Pelicula,The Pirates Who Don't Do Anything: A VeggieTales Movie,2008,1,tt0475998
937,Pelicula,Screw Cupid,2008,,tt0479263
938,Pelicula,The Book of Caleb,2008,,tt0478984
939,Pelicula,Freebird,2008,2,tt0478154
940,Pelicula,Triloquist,2008,3,tt0478305
941,Pelicula,Side by Each,2008,,tt0479999
942,Pelicula,Madagascar 2,2008,11,tt0479952
943,Pelicula,Harold & Kumar Escape from Guantanamo Bay,2008,4,tt0481536
944,Pelicula,The Controller,2008,,tt0481494
945,Pelicula,Of Golf and God,2008,,tt0480566
946,Pelicula,Muzika,2008,4,tt0481417
947,Pelicula,Space Chimps,2008,10,tt0482603
948,Pelicula,Spy School,2008,3,tt0484831
949,Pelicula,Los actores del conflicto,2008,10,tt0485794
950,Pelicula,The Marconi Bros.,2008,3,tt0485675
951,Pelicula,The Thirst: Blood War,2008,11,tt0485782
952,Pelicula,First Sunday,2008,1,tt0486578
953,Pelicula,What Just Happened,2008,1,tt0486674
954,Pelicula,Strange Wilderness,2008,2,tt0489282
955,Pelicula,The Fifth Commandment,2008,8,tt0492881
956,Pelicula,Strictly Sexual,2008,6,tt0494277
957,Pelicula,"Welcome Home, Roscoe Jenkins",2008,2,tt0494652
958,Pelicula,Show Stoppers,2008,2,tt0493447
959,Pelicula,Corporate Affairs,2008,4,tt0494279
960,Pelicula,Vicky Cristina Barcelona,2008,12,tt0497465
961,Pelicula,The Candy Shop,2008,7,tt0497339
962,Pelicula,Altamont Now,2008,3,tt0499420
963,Pelicula,Unemployed,2008,9,tt0499672
964,Pelicula,Labou,2008,5,tt0756673
965,Pelicula,Beautiful Loser,2008,,tt0756621
966,Pelicula,Fracassés,2008,10,tt0757201
967,Pelicula,Blind Ambition,2008,,tt0758734
968,Pelicula,Frozen Stupid,2008,8,tt0758747
969,Pelicula,Moe,2008,12,tt0762118
970,Pelicula,Stella und der Stern des Orients,2008,12,tt0765242
971,Pelicula,Meet Dave,2008,8,tt0765476
972,Pelicula,The Mysteries of Pittsburgh,2008,1,tt0768218
973,Pelicula,Rice Cracker,2008,-,tt0768230
974,Pelicula,Cuttin Da Mustard,2008,,tt0770736
975,Pelicula,Fool's Gold,2008,5,tt0770752
976,Pelicula,Tennessee,2008,4,tt0770814
977,Pelicula,In Bruges,2008,6,tt0780536
978,Pelicula,My Mom's New Boyfriend,2008,4,tt0780534
979,Pelicula,Lady Magdalene's,2008,10,tt0783538
980,Pelicula,Cash and Curry,2008,7,tt0784979
981,Pelicula,Over Her Dead Body,2008,5,tt0785007
982,Pelicula,Killer Pad,2008,2,tt0787485
983,Pelicula,Just Add Water,2008,3,tt0790723
984,Pelicula,Diamonds and Guns,2008,5,tt0790643
985,Pelicula,Sleeping with the Fishes,2008,10,tt0791533
986,Pelicula,Mamma Mia!,2008,7,tt0795421
987,Pelicula,Te amo Ana Elisa,2008,9,tt0796907
988,Pelicula,Polaróides Urbanas,2008,2,tt0798732
989,Pelicula,Wieners,2008,6,tt0800268
990,Pelicula,Forgetting Sarah Marshall,2008,7,tt0800039
991,Pelicula,Be Kind Rewind,2008,5,tt0799934
992,Pelicula,Happy Holidays,2008,,tt0800058
993,Pelicula,The Promotion,2008,6,tt0803057
994,Pelicula,Extreme Movie,2008,7,tt0806147
995,Pelicula,The Ramen Girl,2008,1,tt0806165
996,Pelicula,The Hottie & the Nottie,2008,2,tt0804492
997,Pelicula,An American in China,2008,,tt0804438
998,Pelicula,Movie Pizza Love,2008,12,tt0804508
999,Pelicula,Flogging Margaret,2008,2,tt0806073
1000,Pelicula,"New York, I Love You",2008,10,tt0808399
1001,Pelicula,The Accidental Husband,2008,9,tt0809504
1002,Pelicula,Easy Virtue,2008,6,tt0808244
1003,Pelicula,The Love Guru,2008,9,tt0811138
1004,Pelicula,Conozca la cabeza de Juan Pérez,2008,11,tt0809920
1005,Pelicula,Speed Racer,2008,5,tt0811080
1006,Pelicula,Hank and Mike,2008,1,tt0814131
1007,Pelicula,Agent Crush,2008,,tt0815096
1008,Pelicula,Religulous,2008,12,tt0815241
1009,Pelicula,Acné,2008,8,tt0815490
1010,Pelicula,We Pedal Uphill,2008,9,tt0815229
1011,Pelicula,Paris Nord Sud,2008,12,tt0816607
1012,Pelicula,Sharp as Marbles,2008,2,tt0815235
1013,Pelicula,Mortal Fools,2008,,tt0818610
1014,Pelicula,Drillbit Taylor,2008,6,tt0817538
1015,Pelicula,Bull,2008,6,tt0818831
1016,Pelicula,Summerhood,2008,1,tt0819735
1017,Pelicula,Marley & Me,2008,3,tt0822832
1018,Pelicula,Man Maid,2008,10,tt0822831
1019,Pelicula,Kissing Cousins,2008,3,tt0822819
1020,Pelicula,"Mes amis, mes amours",2008,7,tt0827192
1021,Pelicula,Ibid,2008,,tt0826558
1022,Pelicula,Sweet Tessie and Bags,2008,,tt0826637
1023,Pelicula,Capers,2008,11,tt0826523
1024,Pelicula,Our Feature Presentation,2008,,tt0826592
1025,Pelicula,Alibi,2008,2,tt0827170
1026,Pelicula,Furtivo,2008,12,tt0830813
1027,Pelicula,"Márió, a varázsló",2008,11,tt0830924
1028,Pelicula,Placebo,2008,,tt0831328
1029,Pelicula,Casa da Mãe Joana,2008,9,tt0831904
1030,Pelicula,The Boneyard Collection,2008,,tt0832284
1031,Pelicula,"Definitely, Maybe",2008,3,tt0832266
1032,Pelicula,Visioneers,2008,,tt0833557
1033,Pelicula,Taarka,2008,8,tt0834171
1034,Pelicula,Say Goodnight,2008,7,tt0834899
1035,Pelicula,Sherman's Way,2008,3,tt0834541
1036,Pelicula,Brown Soup Thing,2008,11,tt0833878
1037,Pelicula,Ha-Proyect Shel Piter Shmychel,2008,,tt0834580
1038,Pelicula,The Urn,2008,2,tt0835383
1039,Pelicula,Goodnight Irene,2008,5,tt0835828
1040,Pelicula,Step Brothers,2008,7,tt0838283
1041,Pelicula,Semi-Pro,2008,2,tt0839980
1042,Pelicula,Beau Jest,2008,2,tt0841009
1043,Pelicula,Osso Bucco,2008,4,tt0841138
1044,Pelicula,College,2008,8,tt0844671
1045,Pelicula,The Brothers Bloom,2008,5,tt0844286
1046,Pelicula,My Name Is Anthony Gonsalves,2008,1,tt0845492
1047,Pelicula,Don't Shoot the Pharmacist!,2008,6,tt0847211
1048,Pelicula,Kit Kittredge: An American Girl,2008,7,tt0846308
1049,Pelicula,Vox Populi,2008,10,tt0847770
1050,Pelicula,The Deal,2008,11,tt0848281
1051,Pelicula,Sakkarakatti,2008,9,tt0848638
1052,Pelicula,Gong fu guan lan,2008,2,tt0848538
1053,Pelicula,Hindemidth,2008,11,tt0853186
1054,Pelicula,The House Bunny,2008,8,tt0852713
1055,Pelicula,Legiunea straina,2008,2,tt0853129
1056,Pelicula,Juan Frances: Live,2008,7,tt0855846
1057,Pelicula,Das Baby mit dem Goldzahn,2008,1,tt0856163
1058,Pelicula,Smart People,2008,4,tt0858479
1059,Pelicula,The Village Barbershop,2008,2,tt0859644
1060,Pelicula,Sunshine Cleaning,2008,5,tt0862846
1061,Pelicula,Made of Honour,2008,6,tt0866439
1062,Pelicula,Smother,2008,4,tt0867591
1063,Pelicula,Chile Puede,2008,1,tt0867271
1064,Pelicula,October Moon 2: November Son,2008,7,tt0870176
1065,Pelicula,Paris,2008,5,tt0869994
1066,Pelicula,Humboldt County,2008,9,tt0870122
1067,Pelicula,Passe-passe,2008,4,tt0871511
1068,Pelicula,Baby Mama,2008,11,tt0871426
1069,Pelicula,The Caretaker,2008,2,tt0871026
1070,Pelicula,The Rimshop,2008,12,tt0872264
1071,Pelicula,Pretty Ugly People,2008,4,tt0874425
1072,Pelicula,Public Interest,2008,6,tt0875611
1073,Pelicula,The Plex,2008,9,tt0875608
1074,Pelicula,Ponyo,2008,7,tt0876563
1075,Pelicula,Stóra planið,2008,3,tt0880458
1076,Pelicula,The Golden Boys,2008,11,tt0882969
1077,Pelicula,"One, Two, Many",2008,4,tt0882755
1078,Pelicula,Nora's Hair Salon II,2008,5,tt0883410
1079,Pelicula,Looking for Palladin,2008,10,tt0882113
1080,Pelicula,"War, Inc.",2008,10,tt0884224
1081,Pelicula,Dark Reel,2008,8,tt0883398
1082,Pelicula,Burn After Reading,2008,10,tt0887883
1083,Pelicula,Shades of Ray,2008,12,tt0886531
1084,Pelicula,Finding Amanda,2008,3,tt0889134
1085,Pelicula,Remarkable Power,2008,1,tt0892096
1086,Pelicula,Sisterhood,2008,10,tt0892099
1087,Pelicula,The Dissection of Thanksgiving,2008,,tt0893322
1088,Pelicula,That One Night,2008,,tt0892900
1089,Pelicula,Blonde and Blonder,2008,1,tt0893509
1090,Pelicula,Caught in the Act,2008,,tt0899191
1091,Pelicula,Joheunnom nabbeunnom isanghannom,2008,7,tt0901487
1092,Pelicula,I Sell the Dead,2008,1,tt0902290
1093,Pelicula,Extra Ordinary Barry,2008,3,tt0903133
1094,Pelicula,¡Soy un pelele!,2008,10,tt0904028
1095,Pelicula,Prom Wars: Love Is a Battlefield,2008,5,tt0904128
1096,Pelicula,Lo que tiene el otro,2008,8,tt0906609
1097,Pelicula,The Auteur,2008,4,tt0906319
1098,Pelicula,Edison & Leo,2008,4,tt0907678
1099,Pelicula,Goyband,2008,12,tt0910898
1100,Pelicula,Pineapple Express,2008,8,tt0910936
1101,Pelicula,I Know How Many Runs You Scored Last Summer,2008,8,tt0910904
1102,Pelicula,Life in Flight,2008,11,tt0910915
1103,Pelicula,Bottle Shock,2008,10,tt0914797
1104,Pelicula,Familiar Strangers,2008,3,tt0914845
1105,Pelicula,Grizzly Park,2008,2,tt0915460
1106,Pelicula,This Is Not a Test,2008,6,tt0915473
1107,Pelicula,The View from Greenhaven,2008,10,tt0918639
1108,Pelicula,The Cook,2008,3,tt0918627
1109,Pelicula,Couch,2008,,tt0922395
1110,Pelicula,The Year of Getting to Know Us,2008,1,tt0924134
1111,Pelicula,Baghead,2008,1,tt0923600
1112,Pelicula,Dance of the Dead,2008,1,tt0926063
1113,Pelicula,Okka Magadu,2008,1,tt0928160
1114,Pelicula,Le syndrome de Jerusalem,2008,11,tt0929285
1115,Pelicula,Boku no kanojo wa saibôgu,2008,5,tt0929860
1116,Pelicula,Sexo com Amor?,2008,2,tt0931353
1117,Pelicula,Float,2008,10,tt0934840
1118,Pelicula,The Full Picture,2008,8,tt0937221
1119,Pelicula,Cheung gong 7 hou,2008,1,tt0940709
1120,Pelicula,Mentiras piadosas,2008,8,tt0940828
1121,Pelicula,Boys of Summerville,2008,4,tt0940584
1122,Pelicula,Dunya & Desie,2008,4,tt0940688
1123,Pelicula,Tropic Thunder,2008,9,tt0942385
1124,Pelicula,Banking on Love,2008,11,tt0942886
1125,Pelicula,Who Is KK Downey?,2008,9,tt0944849
1126,Pelicula,Good Dick,2008,10,tt0944101
1127,Pelicula,The Watermelon,2008,5,tt0945521
1128,Pelicula,Ljubav i drugi zlocini,2008,9,tt0944958
1129,Pelicula,Chasseurs de dragons,2008,4,tt0944834
1130,Pelicula,Aanrijding in Moscou,2008,10,tt0948530
1131,Pelicula,Flick,2008,4,tt0950749
1132,Pelicula,El lince perdido,2008,12,tt0951333
1133,Pelicula,Nur ein Sommer,2008,3,tt0950670
1134,Pelicula,Mad Money,2008,1,tt0951216
1135,Pelicula,Finnischer Tango,2008,8,tt0953394
1136,Pelicula,Disco,2008,4,tt0953369
1137,Pelicula,Que parezca un accidente,2008,11,tt0955321
1138,Pelicula,Crooked Business,2008,10,tt0954272
1139,Pelicula,You Don't Mess with the Zohan,2008,8,tt0960144
1140,Pelicula,Zombie Strippers!,2008,9,tt0960890
1141,Pelicula,Bedtime Stories,2008,12,tt0960731
1142,Pelicula,Adventures of Power,2008,1,tt0960721
1143,Pelicula,High School Musical 3: Senior Year,2008,12,tt0962726
1144,Pelicula,Where in the World Is Osama Bin Laden?,2008,9,tt0963208
1145,Pelicula,4th and Forever,2008,,tt0963738
1146,Pelicula,"Angus, Thongs and Perfect Snogging",2008,10,tt0963743
1147,Pelicula,8 päivää ensi-iltaan,2008,1,tt0965400
1148,Pelicula,Dog Gone,2008,3,tt0969250
1149,Pelicula,Mutant Vampire Zombies from the 'Hood!,2008,,tt0970520
1150,Pelicula,Hanging in Hedo,2008,9,tt0970936
1151,Pelicula,Mortadelo y Filemón. Misión: Salvar la Tierra,2008,1,tt0970469
1152,Pelicula,Miss Pettigrew Lives for a Day,2008,3,tt0970468
1153,Pelicula,Spartakiada. Lokalnoe poteplenie,2008,2,tt0970961
1154,Pelicula,A Guerra dos Rocha,2008,10,tt0972378
1155,Pelicula,Inconceivable,2008,6,tt0974005
1156,Pelicula,Ninja Cheerleaders,2008,5,tt0972857
1157,Pelicula,Four 1 Liberation Front,2008,,tt0974980
1158,Pelicula,Bad Biology,2008,6,tt0974977
1159,Pelicula,"Surfer, Dude",2008,4,tt0976247
1160,Pelicula,Rózsaszín sajt,2009,9,tt0153140
1161,Pelicula,El reino de los cielos,2009,9,tt0288190
1162,Pelicula,Unter Strom,2009,12,tt0304876
1163,Pelicula,Railed,2009,12,tt0311698
1164,Pelicula,Chinango,2009,,tt0312958
1165,Pelicula,Los muertos van deprisa,2009,3,tt0353765
1166,Pelicula,Two-Minute Heist,2009,5,tt0365873
1167,Pelicula,Astro Boy,2009,2,tt0375568
1168,Pelicula,Boppin' at the Glue Factory,2009,,tt0382579
1169,Pelicula,Youth in Revolt,2009,1,tt0403702
1170,Pelicula,Mixing Karma,2009,2,tt0411670
1171,Pelicula,Tom Cool,2009,,tt0417205
1172,Pelicula,Fantastic Mr. Fox,2009,4,tt0432283
1173,Pelicula,G-Force,2009,7,tt0436339
1174,Pelicula,Paper Man,2009,5,tt0437405
1175,Pelicula,Kisse Pyaar Karoon?,2009,2,tt0438894
1176,Pelicula,It's a Mismatch,2009,7,tt0453501
1177,Pelicula,Un ajuste de cuentas,2009,4,tt0452935
1178,Pelicula,The Time Traveler's Wife,2009,11,tt0452694
1179,Pelicula,Land of the Lost,2009,6,tt0457400
1180,Pelicula,Naco es chido,2009,3,tt0462479
1181,Pelicula,Summer of the Eagle,2009,,tt0462559
1182,Pelicula,Baja Beach Bums,2009,-,tt0464137
1183,Pelicula,Labor Day,2009,-,tt0464077
1184,Pelicula,Tripping Forward,2009,4,tt0469251
1185,Pelicula,The Perfect Game,2009,4,tt0473102
1186,Pelicula,Bald,2009,11,tt0473001
1187,Pelicula,RiffRaff,2009,7,tt0476009
1188,Pelicula,Embarque Imediato,2009,12,tt0478860
1189,Pelicula,Fanboys,2009,2,tt0489049
1190,Pelicula,My Suicide,2009,9,tt0492896
1191,Pelicula,A Little Party,2009,,tt0494252
1192,Pelicula,Calvin Marshall,2009,9,tt0496673
1193,Pelicula,He's Such a Girl,2009,,tt0499493
1194,Pelicula,Planet 51,2009,4,tt0762125
1195,Pelicula,Baghdad Texas,2009,1,tt0762072
1196,Pelicula,I Hate Valentine's Day,2009,4,tt0762105
1197,Pelicula,My Sweet Misery,2009,9,tt0770790
1198,Pelicula,"Angels, Devils and Men",2009,11,tt0775418
1199,Pelicula,Aliens in the Attic,2009,7,tt0775552
1200,Pelicula,Contact High,2009,4,tt0780002
1201,Pelicula,Imagine That,2009,10,tt0780567
1202,Pelicula,The Princess and the Frog,2009,2,tt0780521
1203,Pelicula,Balls Out: Gary the Tennis Coach,2009,4,tt0787470
1204,Pelicula,Hotel for Dogs,2009,2,tt0785006
1205,Pelicula,Brief Interviews with Hideous Men,2009,1,tt0790627
1206,Pelicula,The Cops Did It,2009,11,tt0790633
1207,Pelicula,Saddle Up with Dick Wrangler & Injun Joe,2009,8,tt0791488
1208,Pelicula,Dream State,2009,,tt0804469
1209,Pelicula,The Pool Boys,2009,,tt0807028
1210,Pelicula,The Good Heart,2009,7,tt0808285
1211,Pelicula,A Dog Year,2009,2,tt0808232
1212,Pelicula,Life During Wartime,2009,5,tt0808526
1213,Pelicula,Spring Breakdown,2009,6,tt0814331
1214,Pelicula,Irene in Time,2009,6,tt0815182
1215,Pelicula,Ghosts of Girlfriends Past,2009,7,tt0821640
1216,Pelicula,Mentiras y gordas,2009,3,tt0822833
1217,Pelicula,Steppin: The Movie,2009,8,tt0826751
1218,Pelicula,Tapioca,2009,,tt0826641
1219,Pelicula,Taking Chances,2009,11,tt0828103
1220,Pelicula,The Flying Scissors,2009,11,tt0829427
1221,Pelicula,Doilie's Diner,2009,10,tt0829422
1222,Pelicula,What Goes Up,2009,11,tt0832318
1223,Pelicula,The Pink Panther 2,2009,2,tt0838232
1224,Pelicula,Benny Bliss and the Disciples of Greatness,2009,6,tt0839741
1225,Pelicula,How to Seduce Difficult Women,2009,10,tt0839856
1226,Pelicula,Growing Out,2009,1,tt0843852
1227,Pelicula,The Strip,2009,,tt0843876
1228,Pelicula,Cloudy with a Chance of Meatballs,2009,2,tt0844471
1229,Pelicula,The Alpha Geek,2009,-,tt0844466
1230,Pelicula,American Cowslip,2009,9,tt0850648
1231,Pelicula,Feng kuang de sai che,2009,1,tt0851515
1232,Pelicula,IceBreaker,2009,6,tt0852967
1233,Pelicula,Right Hand Drive,2009,,tt0854676
1234,Pelicula,Wonderful World,2009,4,tt0857275
1235,Pelicula,God Thinks You're a Loser,2009,8,tt0857280
1236,Pelicula,The Confessional,2009,10,tt0860837
1237,Pelicula,My Life in Ruins,2009,6,tt0865559
1238,Pelicula,Chasing Butterflies,2009,12,tt0871857
1239,Pelicula,All About Steve,2009,9,tt0881891
1240,Pelicula,Mr. Right,2009,11,tt0882789
1241,Pelicula,Karma Calling,2009,3,tt0884326
1242,Pelicula,My Name Is Jerry,2009,9,tt0889146
1243,Pelicula,Under New Management,2009,12,tt0887966
1244,Pelicula,Brüno,2009,7,tt0889583
1245,Pelicula,Ready or Not,2009,,tt0892094
1246,Pelicula,Grilling Bobby Hicks,2009,,tt0892060
1247,Pelicula,Monsters vs. Aliens,2009,4,tt0892782
1248,Pelicula,White on Rice,2009,3,tt0892904
1249,Pelicula,Robodoc,2009,11,tt0893367
1250,Pelicula,Friends (with Benefits),2009,7,tt0896811
1251,Pelicula,Bride Wars,2009,3,tt0901476
1252,Pelicula,Hooking Up,2009,1,tt0903606
1253,Pelicula,Frequently Asked Questions About Time Travel,2009,4,tt0910554
1254,Pelicula,Generic Thriller,2009,3,tt0910555
1255,Pelicula,Bumping Off Burt,2009,-,tt0909808
1256,Pelicula,The Marc Pease Experience,2009,5,tt0913413
1257,Pelicula,The Magnificent Cooly-T,2009,5,tt0914366
1258,Pelicula,I Do... I Did!,2009,8,tt0918529
1259,Pelicula,Dogging: A Love Story,2009,12,tt0924468
1260,Pelicula,I'm No Dummy,2009,7,tt0926091
1261,Pelicula,Behaving Badly,2009,,tt0933874
1262,Pelicula,Transylmania,2009,12,tt0936471
1263,Pelicula,Off the Ledge,2009,12,tt0955381
1264,Pelicula,Wake,2009,2,tt0960097
1265,Pelicula,Short Cut to Hollywood,2009,9,tt0969336
1266,Pelicula,All Screwed Up,2009,9,tt0972759
1267,Pelicula,I Wish I Were Stephanie V,2009,6,tt0974011
1268,Pelicula,17 Again,2009,4,tt0974661
1269,Pelicula,Old Dogs,2009,12,tt0976238
1270,Pelicula,Minty: The Assassin,2009,4,tt0975699
1271,Pelicula,Staten Island,2009,8,tt0976246
1272,Pelicula,Bandslam,2009,8,tt0976222
1273,Pelicula,Commute,2009,2,tt0977644
1274,Pelicula,Mary and Max.,2009,9,tt0978762
1275,Pelicula,Cadavres,2009,2,tt0986220
1276,Pelicula,Night Crawlers,2009,2,tt0985060
1277,Pelicula,Jackrabbit Sky,2009,-,tt0985053
1278,Pelicula,Mango Tango,2009,1,tt0985056
1279,Pelicula,The Smell of Success,2009,1,tt0985695
1280,Pelicula,Ingenious,2009,4,tt0991174
1281,Pelicula,High Society: A Pot Boiler,2009,9,tt0993790
1282,Pelicula,The Diet Life,2009,,tt0994765
1283,Pelicula,Community College,2009,4,tt0995063
1284,Pelicula,Cafe Coexistence,2009,8,tt0997212
1285,Pelicula,Unmade Beds,2009,8,tt0997263
1286,Pelicula,Condones.com,2009,5,tt0997434
1287,Pelicula,My Father's Will,2009,3,tt1001534
1288,Pelicula,He's Just Not That Into You,2009,4,tt1001508
1289,Pelicula,Something Blue,2009,9,tt1002741
1290,Pelicula,Perrier's Bounty,2009,3,tt1003034
1291,Pelicula,The Open Road,2009,8,tt1007018
1292,Pelicula,Yattâman,2009,3,tt1010055
1293,Pelicula,Life's a Drag (When You're a Man in a Dress),2009,,tt1013641
1294,Pelicula,Fame,2009,10,tt1016075
1295,Pelicula,Break It Down,2009,12,tt10168962
1296,Pelicula,A Serious Man,2009,1,tt1019452
1297,Pelicula,Infestation,2009,11,tt1020543
1298,Pelicula,Lesbian Vampire Killers,2009,7,tt1020885
1299,Pelicula,(500) Days of Summer,2009,9,tt1022603
1300,Pelicula,Minghags,2009,,tt1022877
1301,Pelicula,True Adolescents,2009,7,tt1023346
1302,Pelicula,Doghouse,2009,6,tt1023500
1303,Pelicula,Recién cazado,2009,8,tt1024820
1304,Pelicula,Beyond the Pole,2009,10,tt1029269
1305,Pelicula,Morris: A Life with Bells On,2009,1,tt1029342
1306,Pelicula,The Best Sex,2009,2,tt1031576
1307,Pelicula,Corked,2009,10,tt1031562
1308,Pelicula,The Life of Lucky Cucumber,2009,3,tt1031606
1309,Pelicula,I Picciuli,2009,,tt10320778
1310,Pelicula,"I Love You, Beth Cooper",2009,7,tt1032815
1311,Pelicula,All's Faire in Love,2009,9,tt1034090
1312,Pelicula,Tiao chu qu,2009,12,tt1035733
1313,Pelicula,Le bal des actrices,2009,1,tt1035729
1314,Pelicula,Whisky mit Wodka,2009,9,tt1037227
1315,Pelicula,Mein Kampf,2009,3,tt1038045
1316,Pelicula,Yonayona pengin,2009,12,tt1039651
1317,Pelicula,Sakura na hito tachi,2009,1,tt1039903
1318,Pelicula,The Immaculate Conception of Little Dizzle,2009,5,tt1039786
1319,Pelicula,The Proposal,2009,6,tt1041829
1320,Pelicula,Totally Spies! Le Film,2009,10,tt1042916
1321,Pelicula,Lascars,2009,6,tt1043852
1322,Pelicula,I Love You Phillip Morris,2009,4,tt1045772
1323,Pelicula,Year One,2009,6,tt1045778
1324,Pelicula,Endless Bummer,2009,5,tt1047102
1325,Pelicula,Lo,2009,10,tt1047490
1326,Pelicula,Up,2009,10,tt1049413
1327,Pelicula,My Last Five Girlfriends,2009,3,tt1050002
1328,Pelicula,All About Dad,2009,2,tt1049946
1329,Pelicula,Maternelle,2009,9,tt1050333
1330,Pelicula,Made for Each Other,2009,4,tt1051241
1331,Pelicula,Frankenhood,2009,5,tt1051226
1332,Pelicula,"Tritones, más allá de ningún sitio",2009,10,tt1051329
1333,Pelicula,Ratko: The Dictator's Son,2009,1,tt1052027
1334,Pelicula,Smile of April,2009,,tt1052354
1335,Pelicula,"Little Fish, Strange Pond",2009,10,tt1053880
1336,Pelicula,The Imaginarium of Doctor Parnassus,2009,2,tt1054606
1337,Pelicula,Shark City,2009,11,tt1055367
1338,Pelicula,Other People's Parties,2009,,tt1056110
1339,Pelicula,Buddy BeBop vs the Living Dead,2009,,tt1057572
1340,Pelicula,I Got Five on It Too,2009,4,tt1057574
1341,Pelicula,The Invention of Lying,2009,10,tt1058017
1342,Pelicula,London Betty,2009,1,tt1066327
1343,Pelicula,A Christmas Carol,2009,11,tt1067106
1344,Pelicula,May the Best Man Win,2009,9,tt1072753
1345,Pelicula,My Dad's Six Wives,2009,6,tt1074214
1346,Pelicula,Le bonheur de Pierre,2009,2,tt1075115
1347,Pelicula,De helaasheid der dingen,2009,10,tt1075110
1348,Pelicula,Joy,2009,6,tt1075748
1349,Pelicula,Reykjavik Whale Watching Massacre,2009,9,tt1075749
1350,Pelicula,The Adventures of Umbweki,2009,,tt1078276
1351,Pelicula,The Mild West,2009,3,tt10786974
1352,Pelicula,Deep in the Valley,2009,10,tt1078885
1353,Pelicula,Bubble Trubble,2009,,tt1078882
1354,Pelicula,The Last Hurrah,2009,12,tt1078904
1355,Pelicula,Night at the Museum: Battle of the Smithsonian,2009,5,tt1078912
1356,Pelicula,Spirit Camp,2009,12,tt1078933
1357,Pelicula,Couples Retreat,2009,11,tt1078940
1358,Pelicula,Ice Age: Dawn of the Dinosaurs,2009,7,tt1080016
1359,Pelicula,Jack and the Beanstalk,2009,11,tt1079968
1360,Pelicula,Dirty Mind,2009,4,tt1081964
1361,Pelicula,Italians,2009,1,tt1082007
1362,Pelicula,Baarìa,2009,5,tt1081935
1363,Pelicula,Tales from the Catholic Church of Elvis!,2009,-,tt1082876
1364,Pelicula,Fired Up!,2009,2,tt1083456
1365,Pelicula,The Golden Door,2009,12,tt1084955
1366,Pelicula,Weather Girl,2009,7,tt1085515
1367,Pelicula,Etienne!,2009,9,tt1087443
1368,Pelicula,City Rats,2009,4,tt1090646
1369,Pelicula,Opposite Day,2009,10,tt1090674
1370,Pelicula,Bob Funk,2009,3,tt1091172
1371,Pelicula,Knuckle Draggers,2009,4,tt1091228
1372,Pelicula,Chandni Chowk to China,2009,1,tt1091229
1373,Pelicula,Company Retreat,2009,11,tt1091752
1374,Pelicula,Adventureland,2009,4,tt1091722
1375,Pelicula,Mr. Sadman,2009,11,tt1092018
1376,Pelicula,"The Goods: Live Hard, Sell Hard",2009,8,tt1092633
1377,Pelicula,Confessions of a Shopaholic,2009,3,tt1093908
1378,Pelicula,Welcome to Academia,2009,,tt1094206
1379,Pelicula,Jusqu'à toi,2009,7,tt1094668
1380,Pelicula,New in Town,2009,2,tt1095174
1381,Pelicula,Sirithal Rasipen,2009,7,tt10956492
1382,Pelicula,Next Day Air,2009,5,tt1097013
1383,Pelicula,Red Hook,2009,10,tt1097015
1384,Pelicula,Night of the Revenge of the Evil Zombitron Spy-bot,2009,2,tt1097646
1385,Pelicula,Se Eu Fosse Você 2,2009,1,tt1099227
1386,Pelicula,Tormented,2009,5,tt1100053
1387,Pelicula,The Commune,2009,6,tt1104052
1388,Pelicula,Zonad,2009,3,tt1105748
1389,Pelicula,The Maiden Heist,2009,7,tt1107860
1390,Pelicula,Miloserdnyy,2009,2,tt1108853
1391,Pelicula,Clear Blue Tuesday,2009,9,tt1111295
1392,Pelicula,Nasha Masha i Volshebnyy orekh,2009,12,tt1112289
1393,Pelicula,Bharya Swantham Suhruthu,2009,2,tt1114733
1394,Pelicula,Tú eliges,2009,11,tt1114734
1395,Pelicula,Hannah Montana: The Movie,2009,8,tt1114677
1396,Pelicula,Paul Blart: Mall Cop,2009,1,tt1114740
1397,Pelicula,Crno na belem,2009,10,tt11162176
1398,Pelicula,Strigoi,2009,8,tt1117636
1399,Pelicula,Ilusiones Ópticas,2009,2,tt1117978
1400,Pelicula,Tamo i ovde,2009,4,tt1118045
1401,Pelicula,The Calling,2009,4,tt1118660
1402,Pelicula,Duel,2009,,tt1119132
1403,Pelicula,Accidents Happen,2009,4,tt1119123
1404,Pelicula,Yamagata sukurîmu,2009,8,tt1119169
1405,Pelicula,Golden Sunset,2009,-,tt1119135
1406,Pelicula,The Hangover,2009,6,tt1119646
1407,Pelicula,Pinoy Sunday,2009,5,tt1121985
1408,Pelicula,Love Conquers Paul,2009,,tt1122596
1409,Pelicula,Rosencrantz and Guildenstern Are Undead,2009,1,tt1122775
1410,Pelicula,Geeta in Paradise,2009,,tt1122587
1411,Pelicula,Alien Trespass,2009,1,tt1122836
1412,Pelicula,And Then Came Lola,2009,7,tt1123894
1413,Pelicula,Why We Laugh: Black Comedians on Black Comedy,2009,1,tt1124061
1414,Pelicula,Play the Game,2009,8,tt1124388
1415,Pelicula,One Minutes,2009,5,tt1124335
1416,Pelicula,Defective Man!,2009,5,tt1125300
1417,Pelicula,Why Am I Doing This?,2009,3,tt1125413
1418,Pelicula,Taking Woodstock,2009,9,tt1127896
1419,Pelicula,Dedd Brothers,2009,12,tt1127900
1420,Pelicula,Cold Souls,2009,5,tt1127877
1421,Pelicula,ThanksKilling,2009,12,tt1129441
1422,Pelicula,Il viaggio,2009,8,tt11297684
1423,Pelicula,The Informant!,2009,10,tt1130080
1424,Pelicula,Old Dogs,2009,1,tt1130090
1425,Pelicula,16 to Life,2009,9,tt1130087
1426,Pelicula,Cinéman,2009,10,tt1130984
1427,Pelicula,Jennifer's Body,2009,10,tt1131734
1428,Pelicula,The Boat That Rocked,2009,4,tt1131729
1429,Pelicula,Asylum Seekers,2009,6,tt1132135
1430,Pelicula,(Untitled),2009,6,tt1132193
1431,Pelicula,Serious Moonlight,2009,12,tt1133993
1432,Pelicula,ZMD: Zombies of Mass Destruction,2009,8,tt1134674
1433,Pelicula,The Private Lives of Pippa Lee,2009,7,tt1134629
1434,Pelicula,Boogie Woogie,2009,9,tt1134664
1435,Pelicula,Survival of the Dead,2009,5,tt1134854
1436,Pelicula,Duplicity,2009,5,tt1135487
1437,Pelicula,Houn jau de,2009,1,tt11355034
1438,Pelicula,The Slammin' Salmon,2009,7,tt1135525
1439,Pelicula,Sharing God Kid Style,2009,1,tt1135520
1440,Pelicula,"La différence, c'est que c'est pas pareil",2009,5,tt1135923
1441,Pelicula,Chintu Ji,2009,9,tt1135931
1442,Pelicula,"Mord ist mein Geschäft, Liebling",2009,2,tt1135940
1443,Pelicula,Lock and Roll Forever,2009,6,tt1135938
1444,Pelicula,Post Grad,2009,8,tt1142433
1445,Pelicula,Madea Goes to Jail,2009,2,tt1142800
1446,Pelicula,The Ugly Truth,2009,10,tt1142988
1447,Pelicula,High Life,2009,2,tt1143110
1448,Pelicula,Best Worst Movie,2009,4,tt1144539
1449,Pelicula,Coyote County Loser,2009,2,tt1144541
