,0,1,2,3,4,5,6
0,,,,,,a moment of silence,2000
1,,,,,,the package,2000
2,,,,,,the extra,2000
3,,,,,,in between,2000
4,,,,,,dinner,2000
5,,,,,,they walk among us,2000
6,,,,,,"love, ltd.",2000
7,,,,,,blutiger ernst,2000
8,,,,,,ruben,2000
9,,,,,,divine intervention,2000
10,,,,,,short,2000
11,,,,,,the dancing cow,2000
12,,,,,,little go beep,2000
13,,,,,,twitch,2000
14,,,,,,damned if you do,2000
15,,,,,,the rules of engagement,2000
16,,,,,,dressing the nelsons,2000
17,,,,,,somewhere else,2000
18,,,,,,robot love,2000
19,,,,,,comm-raid on the potemkin,2000
20,,,,,,maggie moore,2000
21,,,,,,my chorus,2000
22,,,,,,above the dust level,2000
23,,,,,,spoof! an insider's guide to short film success,2000
24,,,,,,"marisa, where art thou?",2000
25,,,,,,the window,2000
26,,,,,,in god we trust,2000
27,,,,,,little sister,2000
28,,,,,,what you lookin' at,2000
29,,,,,,titler,2000
30,,,,,,night deposit,2000
31,,,,,,bit players,2000
32,,,,,,the bus stop,2000
33,,,,,,poketto monsutâ: pichû to pikachû,2000
34,,,,,,a suspeita,2000
35,,,,,,self storage,2000
36,7.8,Andrew Davis,"['Jeb Stuart', 'David Twohy', 'Roy Huggins']",-,-,thumbtanic,2000
37,,,,,,dolman 2000,2000
38,,,,,,rejected,2000
39,,,,,,kid quick,2000
40,,,,,,he's the one,2000
41,,,,,,h.r. pukenshette,2000
42,,,,,,kovat miehet,2000
43,,,,,,bsss,2000
44,,,,,,hoverboy,2000
45,,,,,,where's charlie?,2000
46,,,,,,yksityisetsivän tytär,2000
47,,,,,,"men named milo, women named greta",2000
48,,,,,,it's a shame about ray,2000
49,,,,,,film club,2000
50,,,,,,the artist's circle,2000
51,,,,,,g.,2000
52,,,,,,he bop,2000
53,,,,,,last mistake,2000
54,,,,,,cursed part 3,2000
55,,,,,,uristen@menny.hu,2000
56,,,,,,the last american virgin,2000
57,,,,,,this guy is falling,2000
58,,,,,,bone,2000
59,,,,,,le nombril de l'univers,2000
60,,,,,,the closet,2000
61,,,,,,for the birds,2000
62,,,,,,karaoke king,2000
63,,,,,,les éléphants de la planète mars,2000
64,,,,,,dinner for two,2000
65,,,,,,"lights, camera, war!",2000
66,,,,,,billy jones,2000
67,,,,,,la promesse,2000
68,,,,,,ghost of stephen foster,2000
69,,,,,,hotline,2000
70,,,,,,food code,2000
71,,,,,,kog-head and meatus,2000
72,,,,,,thirsty,2000
73,,,,,,el figurante,2000
74,,,,,,crush,2000
75,,,,,,miss blindsight: the wingwall auditions,2000
76,,,,,,à bras raccourcis,2000
77,,,,,,vigilante,2000
78,,,,,,dum,2000
79,,,,,,edwurd fudwupper fibbed big,2000
80,,,,,,morituri te salutant,2000
81,,,,,,megalomania,2000
82,,,,,,the last real cowboys,2000
83,,,,,,mabrouk again,2000
84,,,,,,rita va al supermercado,2000
85,,,,,,405,2000
86,,,,,,stargeeks,2000
87,,,,,,new neighbours,2000
88,,,,,,"tex, the passive-aggressive gunslinger",2000
89,,,,,,king's ransom,2000
90,,,,,,faux contact,2000
91,,,,,,dick and maria,2000
92,,,,,,seraglio,2000
93,,,,,,escape back to the movies,2000
94,,,,,,the workshop junkie,2000
95,,,,,,the box,2000
96,,,,,,the sharktank redemption,2000
97,,,,,,david nelson live,2000
98,,,,,,strawberry flavour,2000
99,,,,,,walking on the wild side,2000
100,,,,,,"hello, dolly!",2000
101,,,,,,virgin larry,2000
102,,,,,,the unbreakable likeness of lincoln,2000
103,,,,,,j'peux pas dormir...,2000
104,,,,,,the right hook,2000
105,,,,,,zitlover,2000
106,,,,,,hank and mike,2000
107,,,,,,leunig: tricks,2000
108,,,,,,catch of the day,2000
109,,,,,,triedro,2000
110,,,,,,uit!,2000
111,,,,,,gate,2000
112,,,,,,boundaries,2000
113,,,,,,cast,2000
114,,,,,,15 días,2000
115,,,,,,the manipulators,2000
116,,,,,,pacifier,2000
117,,,,,,speed for thespians,2000
118,,,,,,old man,2000
119,,,,,,tempting fate,2000
120,,,,,,the final days,2000
121,,,,,,the upgrade,2000
122,,,,,,just say no,2000
123,,,,,,das taschenorgan,2000
124,,,,,,hundred percent,2000
125,,,,,,oliver i olivera,2000
126,,,,,,shelf life,2000
127,,,,,,pena za brijanje,2000
128,,,,,,talk to taka,2000
129,,,,,,la télévision,2000
130,,,,,,cops on the edge: episode 89,2000
131,,,,,,tripping the rift,2000
132,,,,,,bmw vermelho,2000
133,,,,,,hungry,2000
134,,,,,,tom luvs maeve 4-ever,2000
135,,,,,,noticias para nerds,2000
136,,,,,,roy,2000
137,,,,,,moosh,2000
138,,,,,,goodnight ladies,2000
139,,,,,,postales de la india,2000
140,,,,,,super duper,2000
141,,,,,,eventual wife,2000
142,,,,,,new apartment.,2000
143,,,,,,freud and darwin sitting in a tree,2000
144,,,,,,maxwell,2000
145,,,,,,musik hat ihn kaputt gemacht,2000
146,,,,,,9mm of love,2000
147,,,,,,you'll do,2000
148,,,,,,hidden,2000
149,,,,,,her urge,2000
150,,,,,,xxxposed,2000
151,,,,,,cedula ciudadano,2000
152,,,,,,a clockwork maury,2000
153,,,,,,the bare hick project,2000
154,,,,,,marcie's dowry,2000
155,,,,,,borderland,2000
156,,,,,,vomi d'amour,2000
157,,,,,,parallellogram,2000
158,,,,,,the byrds,2000
159,,,,,,the suicidal dog,2000
160,,,,,,soul patrol,2000
161,,,,,,staplerfahrer klaus - der erste arbeitstag,2000
162,,,,,,krasna amerika,2000
163,,,,,,five wishes,2000
164,,,,,,asian pride porn,2000
165,,,,,,yaourts mystiques,2000
166,,,,,,la firma,2000
167,,,,,,dinky menace,2000
168,,,,,,molt fràgil,2000
169,,,,,,lez be friends,2000
170,,,,,,the terms,2000
171,,,,,,en malas compañías,2000
172,,,,,,cero en conciencia,2000
173,,,,,,backward writing,2000
174,,,,,,all my ties,2000
175,,,,,,horror,2000
176,,,,,,o cabeça de copacabana,2000
177,,,,,,almas em chamas,2000
178,,,,,,team boy,2000
179,,,,,,bobby's whore,2000
180,,,,,,toilet lesson,2000
181,,,,,,the joint effort,2000
182,,,,,,célia & rosita,2000
183,,,,,,you can't dance,2000
184,,,,,,causes,2000
185,,,,,,any given wednesday,2000
186,,,,,,software,2000
187,,,,,,fast food,2000
188,,,,,,heart of gold,2000
189,,,,,,hot dog,2000
190,,,,,,rattler,2000
191,,,,,,no vladimir,2000
192,,,,,,camping with camus,2000
193,,,,,,looking for lois,2000
194,,,,,,killer bean 2: the party,2000
195,,,,,,stubble trouble,2000
196,,,,,,coolockland,2000
197,,,,,,kidnap,2000
198,,,,,,1300cc,2000
199,,,,,,emmerich,2000
200,,,,,,the man who had enough,2000
201,,,,,,der bombenkönig,2000
202,,,,,,things you don't know,2000
203,,,,,,flowers for adrienne,2000
204,,,,,,rhapsody in blue,2000
205,,,,,,the dog has worms,2000
206,,,,,,american beauty pie,2000
207,,,,,,the disintegration of a boy band,2000
208,,,,,,ethel's sofa,2000
209,,,,,,joan,2000
210,,,,,,yoorinal,2000
211,,,,,,jennifer monroe p.i.,2000
212,,,,,,piero no hohoemi,2000
213,,,,,,pee shy,2000
214,,,,,,clase z tropical,2000
215,,,,,,hojin,2000
216,,,,,,"nu, pogodi!",2000
217,,,,,,je mange le chat,2000
218,,,,,,little samurai,2000
219,,,,,,sakkaa yarouze!,2000
220,,,,,,gropen,2000
221,,,,,,swirlee,2000
222,,,,,,the decisive moment,2000
223,,,,,,sidesplitters: the burt & dick story,2000
224,,,,,,noël et les garçons,2000
225,,,,,,speed,2000
226,,,,,,l'alexandrophagie,2000
227,,,,,,detroit jewel,2000
228,,,,,,le truc,2000
229,,,,,,hold me with your robot hand,2000
230,,,,,,la duda,2000
231,,,,,,atraco en la gran final,2000
232,,,,,,dame otro final,2000
233,,,,,,farol,2000
234,,,,,,la cartera,2000
235,,,,,,chega de cangaço,2000
236,8.5,Robert Zemeckis,"['Robert Zemeckis', 'Bob Gale']",-,-,el desierto español,2000
237,,,,,,alberto,2000
238,,,,,,embrasse-moi!,2000
239,,,,,,fast food,2000
240,,,,,,idilio,2000
241,,,,,,pasaporte,2000
242,,,,,,garbanzos,2000
243,,,,,,los hombres envejecen pero no maduran,2000
244,,,,,,nico & parker,2000
245,,,,,,nut house,2000
246,,,,,,qué puta es mi hermana,2000
247,,,,,,las palabras y las cosas,2000
248,,,,,,la trompeta de vanesa,2000
249,,,,,,¿qué hay de postre?,2000
250,,,,,,new york socialite,2000
251,,,,,,might as well be swing,2000
252,,,,,,banco,2000
253,,,,,,bust a move,2000
254,,,,,,dating,2000
255,,,,,,al loves trees,2000
256,,,,,,tongues and taxis,2000
257,,,,,,day of the carp,2000
258,,,,,,la malédiction de la mamie,2000
259,,,,,,i'm not martin!,2000
260,,,,,,demain la révolution,2000
261,,,,,,for the laughs,2000
262,,,,,,blame society,2000
263,,,,,,coco,2000
264,,,,,,greenlight yourself,2000
265,,,,,,chris o'connell: yeah,2000
266,,,,,,"l'ours, la femme et le chasseur",2000
267,,,,,,génération cutter,2000
268,,,,,,sergi,2000
269,,,,,,the black sheep,2000
270,,,,,,let's play two,2000
271,,,,,,puppy love,2000
272,,,,,,chuut!!!,2000
273,,,,,,reign of the dead,2000
274,,,,,,82,2000
275,,,,,,kali tapa karfitsa,2000
276,,,,,,intolerance,2000
277,,,,,,shhh,2000
278,,,,,,explodium,2000
279,,,,,,les nouvelles mésaventures d'alfred le crapaud: alfred 007,2000
280,,,,,,grain de folie,2000
281,,,,,,meeting mr. sunshine,2000
282,,,,,,a more perfect union,2000
283,,,,,,queen for a day,2000
284,,,,,,custody,2000
285,,,,,,phone number,2000
286,,,,,,friday night idiot box,2000
287,,,,,,blood on the backlot,2000
288,,,,,,crazy watto,2000
289,,,,,,soirée,2000
290,7.6,James Frawley,"['Jerry Juhl', 'Jack Burns']",-,-,nail in my coffin,2000
291,,,,,,jarjar binks: the f! true hollywood story,2000
292,,,,,,sunday afternoon,2000
293,,,,,,traditional family vampires,2000
294,,,,,,knocked out,2000
295,,,,,,blood drinkers,2000
296,,,,,,checkout girl,2000
297,,,,,,ghost writers,2000
298,,,,,,born sinners with pastor tim #2,2000
299,,,,,,the basketball killer,2000
300,,,,,,born sinners with pastor tim #3,2000
301,,,,,,king of karaoke,2000
302,,,,,,mullitt,2000
303,,,,,,poloiset ja paranormaali,2000
304,,,,,,soul collectors,2000
305,,,,,,floater,2000
306,,,,,,100% cotton,2000
307,,,,,,géraldine,2000
308,,,,,,mattress of solitude,2000
309,,,,,,suite for three oranges,2000
310,,,,,,shrink,2000
311,,,,,,ash wednesday,2000
312,,,,,,hung over and out,2000
313,,,,,,chupacabras,2000
314,,,,,,ostrica brijaca,2000
315,,,,,,france five,2000
316,,,,,,urge,2000
317,,,,,,miss penelope's school of stillness,2000
318,,,,,,the nothing deal,2000
319,,,,,,las nueve vidas,2000
320,,,,,,crash pad!,2000
321,,,,,,shadow life,2000
322,,,,,,dot.com,2000
323,,,,,,fluff,2000
324,,,,,,gramaglia,2000
325,,,,,,swish adams,2000
326,,,,,,the electric heartbreaker,2000
327,,,,,,the great american office worker,2000
328,,,,,,japanese cowboy,2000
329,,,,,,auto motives,2000
330,,,,,,what to do?,2000
331,,,,,,the bewitched project,2000
332,,,,,,exposure,2000
333,,,,,,heather locklear chocolate,2000
334,,,,,,hete roy,2000
335,,,,,,artemin goldberg: custom tailor of brassieres,2000
336,,,,,,fit for a king,2000
337,,,,,,labors,2000
338,,,,,,guns on the table,2000
339,,,,,,más densa que el agua,2000
340,,,,,,smoke,2000
341,,,,,,shorty,2000
342,,,,,,big,2000
343,,,,,,johnny moutarde,2000
344,,,,,,bordel et mardi,2000
345,,,,,,cosmocrator,2000
346,,,,,,the fanatical teachings of julian tau,2000
347,,,,,,being scott lochmus,2000
348,,,,,,edith's finger,2000
349,,,,,,un ojo al gato y otro al garabato,2000
350,,,,,,phone calls,2000
351,,,,,,life's a butch!,2000
352,,,,,,the magic of vincent,2000
353,,,,,,jump,2000
354,,,,,,los asesinos,2000
355,,,,,,"grandma shoots, grandma scores",2000
356,,,,,,bad assassin,2000
357,,,,,,one particular person,2000
358,,,,,,ein bißchen mord muß sein,2000
359,,,,,,au suivant!,2000
360,,,,,,step outside,2000
361,,,,,,self help,2000
362,,,,,,the man with the duck on his head,2000
363,,,,,,happy birthday,2000
364,,,,,,donut run,2000
365,,,,,,entrevista con el barbeta,2000
366,,,,,,mal mir das bild vom tod,2000
367,,,,,,schmidt ist billiger,2000
368,,,,,,blueberry pancakes,2000
369,,,,,,dongsters,2000
370,,,,,,i want to have a baby,2000
371,,,,,,the levines,2000
372,,,,,,the simpletons,2000
373,,,,,,can't drag race with jesus,2000
374,,,,,,how people do,2000
375,,,,,,makeup,2000
376,,,,,,lavomatic,2000
377,,,,,,leaving moonbeam,2000
378,,,,,,the waiting room,2000
379,,,,,,manifest destiny,2000
380,,,,,,la vie cachée des nounours,2000
381,,,,,,truffles for mrs. lovejoy,2000
382,,,,,,the chromium hook,2000
383,,,,,,respectable,2000
384,,,,,,birds die,2000
385,-,-,-,-,-,olhó passarinho,2000
386,,,,,,banal to the bone: portrait of an artist,2000
387,,,,,,kaiolaren arima,2000
388,,,,,,wilde things,2000
389,,,,,,the mecca,2000
390,,,,,,nighttrain,2000
391,,,,,,liebe und tod in kassel - it's over,2000
392,,,,,,mad about harry,2000
393,,,,,,abéñula,2000
394,,,,,,drop outs,2000
395,,,,,,nypd jew,2000
396,,,,,,it's a goat's life,2000
397,,,,,,star wars gangsta rap,2000
398,,,,,,survival of the illest,2000
399,,,,,,der nächste bitte!,2000
400,,,,,,subculture artisans,2000
401,,,,,,shifty positions,2000
402,,,,,,billy bob and them,2000
403,,,,,,experiencing raju,2000
404,,,,,,left hand short,2000
405,,,,,,beer and art,2000
406,,,,,,zoe loses it,2000
407,,,,,,finbar lebowitz,2000
408,,,,,,home on the range,2000
409,,,,,,durchreise,2000
410,,,,,,ain't misbehavin',2000
411,,,,,,mosshunter,2000
412,,,,,,loving randy,2000
413,,,,,,the flasher from grindelwald,2000
414,,,,,,noise,2000
415,,,,,,heroes,2000
416,,,,,,two heterosexual men get ready to go out,2000
417,,,,,,conrad & butler take a vacation,2000
418,,,,,,one-eyed chloe and the eleventh shot,2000
419,,,,,,in search of...,2000
420,,,,,,sweet thing,2000
421,,,,,,bakta rider ii,2000
422,,,,,,life's little frustrations,2000
423,,,,,,meet joe gay,2000
424,,,,,,snooker,2000
425,,,,,,worst contact,2000
426,,,,,,r.s.v.p. regarding something very personal,2000
427,,,,,,proposition de manger les enfants,2000
428,,,,,,a man & his pants,2000
429,,,,,,rift,2000
430,,,,,,shot list,2000
431,,,,,,nosotros elegimos por usted,2000
432,,,,,,gane dinero facil,2000
433,,,,,,to bit or not to bit,2000
434,,,,,,"az ember, akit kihagytak",2000
435,,,,,,igor,2000
436,,,,,,snacking,2000
437,,,,,,the waitress,2000
438,,,,,,cranky call,2000
439,,,,,,the college,2000
440,,,,,,the adventures of denim jones,2000
441,,,,,,demain est un autre jour,2000
442,,,,,,na vida de um homem duas coisas podem acontecer,2000
443,,,,,,tur retur,2000
444,,,,,,the sick sense,2000
445,,,,,,aus den sterntagebüchern des ijon tichy ii,2000
446,,,,,,jump!,2000
447,,,,,,dracula xxi,2000
448,,,,,,negative,2000
449,,,,,,kero-chan ni omakase!,2000
450,,,,,,six fables à l'usage des blancs en afrique,2000
451,,,,,,saving face,2000
452,,,,,,the second callback audition,2000
453,,,,,,elokuvantekijät,2000
454,,,,,,color me gay,2000
455,,,,,,sundae,2000
456,,,,,,der neopazifist,2000
457,,,,,,midwest $$,2000
458,,,,,,dairy management: cheese,2000
459,,,,,,el congreso,2000
460,,,,,,fremdes land,2000
461,,,,,,throw me a line,2000
462,,,,,,rurouni kenshin: volume 6: the flames of revolution - outtakes,2000
463,,,,,,lipstick and letterbox,2000
464,,,,,,der zufall und das ende,2000
465,,,,,,royal auto club: bad habits,2000
466,,,,,,kiss fm stundenlohn,2000
467,,,,,,small metal glasses,2000
468,,,,,,"sorry, wrong address",2000
469,,,,,,il parco,2000
470,,,,,,angela anaconda,2000
471,,,,,,whaleboat,2000
472,,,,,,gonfiate la bambola,2000
473,,,,,,knights of the heights,2000
474,,,,,,a brief affair,2000
475,,,,,,because i can!,2000
476,,,,,,la betty,2000
477,,,,,,peace and quiet: dr genius and the secret agent formula,2000
478,,,,,,the bobfish,2000
479,,,,,,neck of the woods,2000
480,,,,,,kip and kyle,2000
481,,,,,,kocsmatelevízió,2000
482,,,,,,letdown,2000
483,,,,,,love that kid,2000
484,,,,,,la cabina,2000
485,,,,,,hal and rory,2000
486,,,,,,den nye stolen,2000
487,,,,,,boys bandent,2000
488,,,,,,mrs w grant,2000
489,,,,,,the christmas party,2000
490,,,,,,tisina pred nevihto,2000
491,,,,,,the f word,2000
492,,,,,,groupie: all because of a band,2000
493,,,,,,kreiken kroken,2000
494,,,,,,memorias de mi año sabático,2000
495,,,,,,la llamada,2000
496,,,,,,"good cop, wood cop",2000
497,,,,,,trombone trouble,2000
498,,,,,,dónde está dios?,2000
499,,,,,,my life in 8 minutes,2000
500,,,,,,mike & bill,2001
501,,,,,,flat 'n' fluffy,2001
502,,,,,,hot tubs ii: the terror returns,2001
503,,,,,,copy shop,2001
504,,,,,,eyeball eddie,2001
505,,,,,,girl talk,2001
506,,,,,,jell-ohh lady,2001
507,,,,,,prison life,2001
508,,,,,,crawl space,2001
509,,,,,,studio notes,2001
510,-,-,-,-,-,the accountant,2001
511,,,,,,the tell-tale vibrator,2001
512,,,,,,bowl me over,2001
513,,,,,,american coffee,2001
514,,,,,,film lovers are sick people,2001
515,-,-,-,-,-,the junkies,2001
516,,,,,,talk to you later,2001
517,,,,,,unreel: a true hollywood story,2001
518,,,,,,r.i.p.,2001
519,,,,,,mean people suck,2001
520,-,-,-,-,-,zen and the art of landscaping,2001
521,,,,,,the devil you know,2001
522,,,,,,a bad spell,2001
523,,,,,,biglove,2001
524,,,,,,"what they wanted, what they got",2001
525,,,,,,rock star 101,2001
526,,,,,,the big leaf tobacco company,2001
527,,,,,,welcome to hell,2001
528,,,,,,the greatest intergalactic hero,2001
529,,,,,,sweet,2001
530,,,,,,jane,2001
531,,,,,,brown shoe polish,2001
532,,,,,,king pathetic creep,2001
533,,,,,,blackberries,2001
534,,,,,,the a-list,2001
535,,,,,,steven spielberg's movie,2001
536,,,,,,"gina, an actress, age 29",2001
537,,,,,,hitclown,2001
538,,,,,,white face,2001
539,,,,,,the ballad of little roger mead,2001
540,,,,,,the disappearing girl trick,2001
541,,,,,,tri fuové,2001
542,,,,,,the diamond nose,2001
543,,,,,,"love, sex & murder",2001
544,,,,,,snapped,2001
545,,,,,,directing eddie,2001
546,,,,,,go with the fro,2001
547,,,,,,okénka,2001
548,,,,,,the chad effect,2001
549,,,,,,suicide inc.,2001
550,,,,,,my friend's love affair,2001
551,,,,,,richard roe,2001
552,,,,,,ellie parker,2001
553,,,,,,brown eyed girl,2001
554,,,,,,fait d'hiver,2001
555,,,,,,posledná vecera,2001
556,,,,,,spree,2001
557,,,,,,water with food coloring,2001
558,,,,,,a song for honest abe,2001
559,,,,,,music for one apartment and six drummers,2001
560,,,,,,the cookie story,2001
561,,,,,,audit,2001
562,,,,,,flirting with myself,2001
563,,,,,,nice guys finish last,2001
564,,,,,,horses on mars,2001
565,,,,,,les petits oiseaux,2001
566,,,,,,le système zsygmondy,2001
567,,,,,,truth in advertising,2001
568,,,,,,emale,2001
569,,,,,,a zen tale,2001
570,,,,,,dutchboy racer,2001
571,,,,,,fly trap,2001
572,,,,,,fünfzig minuten,2001
573,,,,,,eat,2001
574,,,,,,germgirl,2001
575,,,,,,sally and angela,2001
576,,,,,,the piano tuner,2001
577,,,,,,german films rule the world,2001
578,,,,,,la concierge est dans l'ascenseur,2001
579,,,,,,svatební dary,2001
580,,,,,,gråvejr,2001
581,,,,,,star,2001
582,,,,,,the newman shower,2001
583,,,,,,burning the grump,2001
584,,,,,,insomnia + seltzer = pain,2001
585,,,,,,the third rail,2001
586,,,,,,hardi!,2001
587,,,,,,nouvelle de la tour l,2001
588,,,,,,ripped,2001
589,,,,,,last writes,2001
590,,,,,,phenomenal woman,2001
591,,,,,,una feliz navidad,2001
592,,,,,,all the ugly maids,2001
593,,,,,,oh my god?!,2001
594,,,,,,milk,2001
595,,,,,,tous à table,2001
596,,,,,,meet the mullets,2001
597,,,,,,boychick,2001
598,,,,,,powers,2001
599,,,,,,the princess and the pea,2001
600,,,,,,henry and marvin,2001
601,,,,,,bailongas,2001
602,,,,,,hillbilly love,2001
603,,,,,,funny things,2001
604,,,,,,go jimmy go,2001
605,,,,,,post coitum,2001
606,,,,,,date from hell,2001
607,,,,,,les inévitables,2001
608,,,,,,popcorn shrimp,2001
609,,,,,,marching gaily,2001
610,,,,,,mañana,2001
611,,,,,,"il est difficile de tuer quelqu'un, même un lundi",2001
612,,,,,,treitum,2001
613,,,,,,adoro tu vómito,2001
614,,,,,,good stuff,2001
615,,,,,,date squad,2001
616,,,,,,the birds and the bees,2001
617,,,,,,joy meal,2001
618,,,,,,woyzecks sidste symfoni,2001
619,,,,,,anche il sole tramonta dietro le quinte,2001
620,,,,,,tékás,2001
621,-,-,-,-,-,nous deux,2001
622,,,,,,les résultats du bac,2001
623,,,,,,tango americano,2001
624,,,,,,breaths,2001
625,,,,,,strange invaders,2001
626,,,,,,flush,2001
627,,,,,,rauw!,2001
628,,,,,,baby,2001
629,,,,,,the parlor,2001
630,,,,,,confessions dans un bain,2001
631,,,,,,how i saved the world,2001
632,,,,,,frank's book,2001
633,,,,,,survivor: los angeles the ultimate parody,2001
634,,,,,,football,2001
635,,,,,,non dire gatto,2001
636,,,,,,maldita,2001
637,,,,,,thunderbird,2001
638,,,,,,foet,2001
639,,,,,,hope & redemption,2001
640,,,,,,april in new york,2001
641,,,,,,homecoming,2001
642,,,,,,lotto,2001
643,,,,,,lunch,2001
644,,,,,,nothing to declare,2001
645,,,,,,like it is,2001
646,,,,,,club,2001
647,,,,,,this is not a film,2001
648,,,,,,breaking up really sucks,2001
649,,,,,,the cutting room,2001
650,,,,,,big bank take little bank,2001
651,,,,,,give it to me white boy,2001
652,,,,,,gem,2001
653,,,,,,taste,2001
654,,,,,,worm,2001
655,,,,,,una pensión de 1ª división,2001
656,,,,,,pitch 'n' putt with beckett 'n' joyce,2001
657,,,,,,d.c. smalls,2001
658,,,,,,tea with grandma,2001
659,,,,,,frankenbabe,2001
660,,,,,,andres,2001
661,,,,,,"hasta aquí hemos llegao (desde el vaticano, con amor)",2001
662,,,,,,10-speed,2001
663,,,,,,block party,2001
664,,,,,,morto the magician,2001
665,,,,,,na ceste,2001
666,,,,,,"soberano, el rey canalla",2001
667,,,,,,mis,2001
668,,,,,,pearl harbor ii: pearlmageddon,2001
669,,,,,,walk,2001
670,,,,,,the mousochist,2001
671,,,,,,fifty percent grey,2001
672,,,,,,the pitch,2001
673,,,,,,as aventuras de lucrécio no mundo da paquera,2001
674,,,,,,cargo fish: more ketchup please,2001
675,,,,,,fishing for love,2001
676,,,,,,pocket monster: pikachû no dokidoki kakurenbo,2001
677,,,,,,modern daydreams,2001
678,,,,,,jeffrey's hollywood screen trick,2001
679,,,,,,exceed,2001
680,,,,,,die liebenden vom hotel von osman,2001
681,,,,,,max goodman's last film,2001
682,,,,,,gregors größte erfindung,2001
683,,,,,,knit your own karma,2001
684,,,,,,orientaciones son orientaciones,2001
685,,,,,,elfilm,2001
686,,,,,,mezclar es malísimo,2001
687,,,,,,rubber gloves,2001
688,,,,,,parlez-nous de l'amour,2001
689,,,,,,zog's place,2001
690,,,,,,soliloquy,2001
691,,,,,,the fiver thing,2001
692,,,,,,male order,2001
693,,,,,,bah!,2001
694,,,,,,tuesday,2001
695,,,,,,the confetti brothers,2001
696,,,,,,cross breeding,2001
697,,,,,,africanize it!,2001
698,,,,,,shoo fly,2001
699,,,,,,terry the claw,2001
700,,,,,,the braineater,2001
701,,,,,,defending the super$ave,2001
702,,,,,,one angry dwarf,2001
703,,,,,,who is who?,2001
704,,,,,,vincent,2001
705,,,,,,boy@nt!,2001
706,,,,,,slipper,2001
707,,,,,,"putain, la vieille faut pas l'énerver!",2001
708,,,,,,give up yer aul sins,2001
709,,,,,,hubcap,2001
710,,,,,,little miss malice,2001
711,,,,,,björn oder die hürden der behörden,2001
712,,,,,,o tamanho que não cai bem,2001
713,,,,,,hinten scheißt die ente,2001
714,,,,,,schmucks!,2001
715,,,,,,desaliñada,2001
716,,,,,,wanker,2001
717,,,,,,w.c.,2001
718,,,,,,way cool?,2001
719,,,,,,por um fio,2001
720,,,,,,la primera vez,2001
721,,,,,,mon amour mon parapluie,2001
722,,,,,,cookies for harry,2001
723,,,,,,life in the middle,2001
724,,,,,,baby sit,2001
725,,,,,,mellan himmel och hästben,2001
726,,,,,,boomer,2001
727,,,,,,la methode à frédo,2001
728,,,,,,cold call,2001
729,,,,,,shifting units,2001
730,,,,,,hello junkie,2001
731,,,,,,afinação da interioridade,2001
732,,,,,,the favor,2001
733,,,,,,fever pitch,2001
734,,,,,,hitch'd,2001
735,,,,,,symphony,2001
736,,,,,,this little piggy,2001
737,,,,,,the guest of honor,2001
738,,,,,,starched,2001
739,,,,,,trailer: the movie!,2001
740,,,,,,sunday morning,2001
741,,,,,,null null,2001
742,,,,,,jon's online suicide diary,2001
743,,,,,,buddy finds the neighbour's wife,2001
744,,,,,,gym short,2001
745,,,,,,kollektivet barata - den gordiska knuten,2001
746,,,,,,noche de bodas,2001
747,,,,,,fanny & ronny - bakom kulisserna,2001
748,,,,,,el gran día,2001
749,,,,,,kickin' chicken,2001
750,,,,,,odessa or bust,2001
751,,,,,,sweet,2001
752,,,,,,lacryma-christine,2001
753,,,,,,la véritable histoire de nono caneton,2001
754,,,,,,crossed lines,2001
755,,,,,,vitalogy,2001
756,,,,,,bat thumb,2001
757,,,,,,das rad,2001
758,,,,,,pesque y pague,2001
759,,,,,,poultry in motion,2001
760,,,,,,comunicación,2001
761,,,,,,el vengador indeciso,2001
762,,,,,,basurdea,2001
763,,,,,,desde la ciudad no se ven las estrellas,2001
764,,,,,,derecho de admisión,2001
765,,,,,,611,2001
766,,,,,,de camellos y profetas,2001
767,,,,,,cachito mío,2001
768,,,,,,galáctea,2001
769,,,,,,llámame,2001
770,,,,,,flor de lotro,2001
771,,,,,,el hombre ubícuo,2001
772,,,,,,el hombre que volaba un poquito,2001
773,,,,,,o gogos,2001
774,,,,,,"¡manuela, el cinto!",2001
775,,,,,,pneuma (aire),2001
776,,,,,,el tercer rey,2001
777,,,,,,soldaditos de latón,2001
778,,,,,,wc 's,2001
779,,,,,,vivir en marte,2001
780,,,,,,one eyed jacques,2001
781,,,,,,otro tiempo,2001
782,,,,,,el paraguas,2001
783,,,,,,shit happens,2001
784,,,,,,tequila.com,2001
785,,,,,,la pelota,2001
786,,,,,,la última excursión,2001
787,,,,,,the moment of accepting life,2001
788,,,,,,see for yourself,2001
789,,,,,,laud weiner,2001
790,,,,,,cow,2001
791,,,,,,that 70's matrix,2001
792,,,,,,sexo,2001
793,,,,,,flipped,2001
794,,,,,,intermission,2001
795,,,,,,far on foot,2001
796,,,,,,yes & no: a dyseducational road movie,2001
797,,,,,,in search of mike,2001
798,,,,,,flatsch,2001
799,,,,,,don't walk,2001
800,,,,,,"un vol, la nuit",2001
801,,,,,,how to be a cyber-lovah,2001
802,,,,,,la mémé et le bébé,2001
803,,,,,,hypertension,2001
804,,,,,,sunday morning aspirin,2001
805,,,,,,new detroit,2001
806,,,,,,die wurstverkäuferin,2001
807,,,,,,monty python & the holy grail in lego,2001
808,,,,,,the penny game,2001
809,,,,,,the surreal world: tatooine episode 1.5,2001
810,,,,,,looking for bobby d,2001
811,,,,,,the red boot diaries,2001
812,,,,,,you too could be a winner!,2001
813,,,,,,qui cherche trouve,2001
814,,,,,,employee orientation,2001
815,,,,,,looking in the fishbowl,2001
816,,,,,,eyes wide open,2001
817,,,,,,intolerance ii: the invasion,2001
818,,,,,,cat lady,2001
819,,,,,,"mac kelly, life in the director's chair",2001
820,,,,,,silent story,2001
821,,,,,,not a trace of tracey,2001
822,,,,,,showchickens,2001
823,,,,,,spiddles,2001
824,,,,,,faute de grive,2001
825,,,,,,chair,2001
826,,,,,,s.u.v. driving lady,2001
827,,,,,,vier brillen blues,2001
828,,,,,,casino cinebrivido,2001
829,,,,,,father xmas,2001
830,,,,,,dead world,2001
831,,,,,,shooting blanks,2001
832,,,,,,the goddess within,2001
833,,,,,,the affected turtleneck trio,2001
834,,,,,,blind date,2001
835,,,,,,let's meet those people,2001
836,,,,,,ted,2001
837,,,,,,beast,2001
838,,,,,,another bed,2001
839,,,,,,trincas - rosa choke,2001
840,,,,,,1902,2001
841,,,,,,den lille skrædder,2001
842,,,,,,the death affair,2001
843,,,,,,the ketchup conspiracy,2001
844,,,,,,kiss,2001
845,,,,,,ta soeur,2001
846,,,,,,a brief history of cuba in d minor,2001
847,,,,,,the girls guitar club,2001
848,,,,,,the braindead,2001
849,,,,,,the invitation,2001
850,,,,,,marie muß rennen...,2001
851,,,,,,tapja õllejogurti rünnak,2001
852,,,,,,kranke schwestern,2001
853,,,,,,reventó el chocón,2001
854,,,,,,pâques au tison,2001
855,,,,,,beware of dog,2001
856,,,,,,sister lulu,2001
857,,,,,,el desafio a la muerte,2001
858,,,,,,frank & mary,2001
859,,,,,,the rape of ganymede,2001
860,,,,,,tickler,2001
861,,,,,,ta garsonia sta anapsyktiria,2001
862,,,,,,the pool boy,2001
863,,,,,,déjà vu,2001
864,,,,,,azumanga daioh,2001
865,,,,,,feast,2001
866,,,,,,blue love,2001
867,,,,,,escucha!,2001
868,,,,,,the things we do for love,2001
869,,,,,,nekojiru-sô,2001
870,,,,,,bingo,2001
871,,,,,,hjerternes fest,2001
872,,,,,,state of the union,2001
873,,,,,,mute & motormouth,2001
874,,,,,,henry david thoreau: role model,2001
875,,,,,,your first date,2001
876,,,,,,traffic cones,2001
877,,,,,,queer things i hate about you,2001
878,,,,,,varieties of religious experience,2001
879,,,,,,feeling lucky,2001
880,,,,,,one night,2001
881,,,,,,monday morning coffee,2001
882,,,,,,a.a.,2001
883,,,,,,jurisprejudice,2001
884,,,,,,a soap opera,2001
885,,,,,,p'tit manu,2001
886,,,,,,season of the troll,2001
887,,,,,,phoenix 5,2001
888,,,,,,supercake,2001
889,,,,,,my life in dance,2001
890,,,,,,one day...,2001
891,,,,,,the four questions,2001
892,,,,,,porno tubbies,2001
893,,,,,,the pizza boy,2001
894,,,,,,shake 'em up,2001
895,,,,,,cruise control,2001
896,,,,,,mihai si cristina,2001
897,,,,,,the goddess method,2001
898,,,,,,christian porn,2001
899,,,,,,in the city,2001
900,,,,,,imitation is suicide,2001
901,,,,,,redshirt blues,2001
902,,,,,,positive reinforcement,2001
903,,,,,,non-abductees anonymous,2001
904,,,,,,coffee date,2001
905,,,,,,you never know,2001
906,,,,,,taxi!,2001
907,,,,,,telling lies,2001
908,,,,,,february is cajun month,2001
909,,,,,,pillowfight,2001
910,,,,,,divine comédie,2001
911,,,,,,prepare to meet thy god,2001
912,,,,,,dali's hairs,2001
913,,,,,,shipping and handling,2001
914,-,-,-,-,-,ex & hopp,2001
915,,,,,,forda luva java,2001
916,,,,,,the agent who stole christmas,2001
917,,,,,,chopsticks,2001
918,,,,,,my friends' sandwich,2001
919,,,,,,in wisconsin the blind can hunt,2001
920,,,,,,le cauchemar de bintou,2001
921,,,,,,pépita là haut dans la montagne,2001
922,,,,,,death goes through the change,2001
923,,,,,,gypsy blood,2001
924,,,,,,undertow,2001
925,,,,,,transanimals,2001
926,,,,,,the wrong guy,2001
927,,,,,,tokyo breakfast,2001
928,,,,,,solo para ti,2001
929,,,,,,sherlock holmes à trouville,2001
930,,,,,,nice pants,2001
931,,,,,,indecent proposal,2001
932,,,,,,das leben des c. brunner,2001
933,,,,,,blown chance,2001
934,,,,,,bobby starr,2001
935,,,,,,regula martina,2001
936,,,,,,fluffy the english vampire slayer,2001
937,,,,,,zivot od milutina,2001
938,,,,,,historia de un caradura,2001
939,,,,,,11 27,2001
940,,,,,,... (dot dot dot),2001
941,,,,,,die goldenen zitronen,2001
942,-,-,-,-,-,footage,2001
943,,,,,,backseat detour,2001
944,,,,,,ladies night,2001
945,,,,,,det suser i sivet,2001
946,,,,,,ränk ja kilk,2001
947,,,,,,nemesis rising: the airband,2001
948,,,,,,the christopher walken ecstatic dance academy,2001
949,,,,,,the accidental messiah,2001
950,,,,,,squeegee school,2001
951,,,,,,"moi, à ta place...",2001
952,,,,,,legacies,2001
953,,,,,,nice,2001
954,,,,,,lord kurt,2001
955,,,,,,suave bastard,2001
956,,,,,,guilty of love,2001
957,,,,,,cartilage,2001
958,,,,,,mona and pablo,2001
959,,,,,,rebound guy,2001
960,,,,,,bacon wagon,2001
961,,,,,,a matter of life,2001
962,,,,,,the pickle jar,2001
963,,,,,,for charity's sake,2001
964,,,,,,sexy space sirens from siberon,2001
965,,,,,,byromania,2001
966,,,,,,gone bad,2001
967,,,,,,the route,2001
968,,,,,,housekeeping,2001
969,,,,,,"it's not you, it's me",2001
970,,,,,,ivor the insomniac,2001
971,,,,,,the hapless antiquarian,2001
972,,,,,,tre på en motorcykel,2001
973,,,,,,liebe geht durch den magen,2001
974,,,,,,a man's life,2001
975,,,,,,the omen of motley crue,2001
976,,,,,,yes you can,2001
977,,,,,,la notte lunga,2001
978,,,,,,pinball,2001
979,,,,,,oh man!,2001
980,,,,,,chariots of fear,2001
981,,,,,,never date an actress,2001
982,,,,,,the adventures of rug raymond,2001
983,,,,,,best friends,2001
984,,,,,,colic,2001
985,,,,,,applejax and yoyo,2001
986,,,,,,cycles,2001
987,,,,,,ice cool reception,2001
988,,,,,,"molly, star-racer",2001
989,,,,,,roundest wheel,2001
990,,,,,,the secret lives of shopping carts,2001
991,,,,,,the right man for the job,2001
992,,,,,,nach dem piepton,2001
993,,,,,,the riblok foundation,2001
994,,,,,,due e mezzo compreso il viaggio,2001
995,,,,,,rock and a hard place,2001
996,,,,,,"casi humano, hermano",2001
997,,,,,,minipimer man,2001
998,,,,,,jackanory,2001
999,,,,,,rodaje perfecto,2001
1000,,,,,,hilda humphrey,2002
1001,,,,,,basic items,2002
1002,,,,,,special,2002
1003,,,,,,harry knuckles and the treasure of the aztec mummy,2002
1004,,,,,,stalker guilt syndrome,2002
1005,,,,,,braceface brandi,2002
1006,,,,,,american icarus,2002
1007,,,,,,the last man club,2002
1008,,,,,,minute matrimony,2002
1009,,,,,,the sisters club,2002
1010,,,,,,indefinitely,2002
1011,,,,,,fanalysis,2002
1012,,,,,,evergon,2002
1013,,,,,,on common ground,2002
1014,,,,,,cinémagique,2002
1015,,,,,,the legend of razorback,2002
1016,,,,,,no prom for cindy,2002
1017,,,,,,papal cab,2002
1018,,,,,,running with scissors,2002
1019,,,,,,advice and dissent,2002
1020,,,,,,choosing your course,2002
1021,-,-,-,-,-,heartstrings,2002
1022,,,,,,grasp,2002
1023,,,,,,hot dog,2002
1024,,,,,,"i lost 20lbs in two months, ask me how",2002
1025,,,,,,janey van winkle,2002
1026,,,,,,op het randje...,2002
1027,,,,,,"terry tate, office linebacker",2002
1028,,,,,,the vinyl battle,2002
1029,,,,,,ernest & bertram,2002
1030,,,,,,the quest for length,2002
1031,,,,,,beautiful,2002
1032,,,,,,some trouble of a serrious nature,2002
1033,,,,,,behind the startup: icevan.com,2002
1034,,,,,,fish + dog,2002
1035,,,,,,interviews with my next girlfriend,2002
1036,,,,,,hector,2002
1037,,,,,,stump,2002
1038,,,,,,reality school,2002
1039,,,,,,love lie leave,2002
1040,,,,,,peeping tom,2002
1041,,,,,,home base,2002
1042,,,,,,island rescue,2002
1043,,,,,,project redlight,2002
1044,,,,,,grünes licht,2002
1045,,,,,,alchimie,2002
1046,,,,,,kissed by you,2002
1047,,,,,,the ten rules,2002
1048,,,,,,p.e.,2002
1049,,,,,,the booth,2002
1050,,,,,,the wedding dress,2002
1051,,,,,,afrekenen,2002
1052,,,,,,glaadiator,2002
1053,,,,,,besser geht's noch!,2002
1054,,,,,,media whore,2002
1055,,,,,,small emergencies,2002
1056,,,,,,crank calls,2002
1057,,,,,,dead air,2002
1058,,,,,,the slow and the cautious,2002
1059,,,,,,taking the wheel,2002
1060,,,,,,definite maybe,2002
1061,,,,,,eireville,2002
1062,,,,,,concurso,2002
1063,-,-,-,-,-,zilch,2002
1064,,,,,,kosher,2002
1065,,,,,,fits & starts,2002
1066,,,,,,hot rush,2002
1067,,,,,,drama queen,2002
1068,,,,,,"one, two, three...",2002
1069,,,,,,heures creuses,2002
1070,,,,,,the big g,2002
1071,,,,,,bums in the mist,2002
1072,,,,,,today you are a fountain pen,2002
1073,,,,,,no law 4000,2002
1074,-,-,-,-,-,profiles in science,2002
1075,,,,,,'15',2002
1076,,,,,,a little change,2002
1077,,,,,,l.t.r.,2002
1078,,,,,,tarde de machos,2002
1079,,,,,,boomerang,2002
1080,,,,,,the flying nut,2002
1081,,,,,,murbah swamp beer,2002
1082,,,,,,the tower of babble,2002
1083,,,,,,niche,2002
1084,,,,,,f.a.,2002
1085,,,,,,late night shopper,2002
1086,,,,,,rebel fish,2002
1087,,,,,,aceeasi gara pentru doi,2002
1088,,,,,,hommes du jour,2002
1089,,,,,,i can't get started,2002
1090,,,,,,tragic love,2002
1091,,,,,,wilfred,2002
1092,,,,,,the thing in the roof,2002
1093,,,,,,regjeringen martin,2002
1094,,,,,,expediente wc,2002
1095,,,,,,mello's kaleidoscope,2002
1096,,,,,,chump,2002
1097,,,,,,timmy's wish,2002
1098,,,,,,code blue,2002
1099,,,,,,blowing it,2002
1100,,,,,,kokken,2002
1101,,,,,,naturellement,2002
1102,,,,,,la maceta,2002
1103,,,,,,spell this!,2002
1104,,,,,,straight,2002
1105,,,,,,oya isola,2002
1106,,,,,,halleluja,2002
1107,,,,,,puddlejumper,2002
1108,-,-,-,-,-,j'attendrai le suivant...,2002
1109,,,,,,misguided piss,2002
1110,,,,,,¡de potra!,2002
1111,,,,,,carpet cleaners,2002
1112,-,-,-,-,-,tompta gudh,2002
1113,,,,,,darth vader's psychic hotline,2002
1114,,,,,,getting out,2002
1115,,,,,,as time goes by,2002
1116,,,,,,autobank,2002
1117,,,,,,dexter's laboratory: chicken scratch,2002
1118,,,,,,coming clean,2002
1119,,,,,,gouille et gar,2002
1120,,,,,,stages,2002
1121,,,,,,the chubbchubbs!,2002
1122,,,,,,toothpaste,2002
1123,,,,,,sixth scent,2002
1124,,,,,,the puppet,2002
1125,,,,,,rock bottom,2002
1126,,,,,,the annual crafts & arts contest,2002
1127,,,,,,superfag,2002
1128,,,,,,my body's revolting,2002
1129,,,,,,l'homme torche,2002
1130,,,,,,eine erotische geschichte,2002
1131,,,,,,nailed,2002
1132,,,,,,the anytime boys,2002
1133,,,,,,spotless,2002
1134,,,,,,tian qiao bu jian le,2002
1135,,,,,,la araña negra,2002
1136,,,,,,bijou de famille,2002
1137,,,,,,casa fouce,2002
1138,,,,,,eva/sonia,2002
1139,,,,,,a las chicas les gusta bailar (pero a los chicos no),2002
1140,,,,,,fuel,2002
1141,,,,,,ladridos,2002
1142,,,,,,dealer's day,2002
1143,,,,,,de nuevo tú,2002
1144,,,,,,mayte y las nubes,2002
1145,,,,,,un mal viaje,2002
1146,,,,,,loops,2002
1147,,,,,,mule,2002
1148,,,,,,limosna,2002
1149,,,,,,onán,2002
1150,,,,,,muerte súbita,2002
1151,,,,,,bad day for a tow,2002
1152,,,,,,chatter,2002
1153,,,,,,bleach,2002
1154,,,,,,smoke yourself thin,2002
1155,,,,,,der er en yndig mand,2002
1156,,,,,,my dinner with ovitz,2002
1157,,,,,,walkin' free,2002
1158,,,,,,santa vs. the snowman 3d,2002
1159,,,,,,the tea party,2002
1160,,,,,,tierheim,2002
1161,,,,,,hung-up,2002
1162,,,,,,shyol tramvay n° 9,2002
1163,,,,,,the show,2002
1164,,,,,,wake-up call,2002
1165,,,,,,mrs. meitlemeihr,2002
1166,,,,,,my wrongs 8245-8249 and 117,2002
1167,,,,,,beat the devil,2002
1168,,,,,,gaydar,2002
1169,,,,,,la mosca y el cadáver,2002
1170,,,,,,quits,2002
1171,,,,,,a day with the meatball,2002
1172,,,,,,the walking hack of asbury park,2002
1173,,,,,,semesterplaner,2002
1174,,,,,,the jedi hunter,2002
1175,,,,,,the levis hvc,2002
1176,,,,,,me la debes,2002
1177,,,,,,daypass,2002
1178,,,,,,the godthumb,2002
1179,,,,,,squash,2002
1180,8.6,David Fincher,['Andrew Kevin Walker'],-,-,temple street blues,2002
1181,,,,,,the film-maker,2002
1182,,,,,,staretzat i moreto,2002
1183,,,,,,parking,2002
1184,,,,,,project redlight,2002
1185,,,,,,star wars episode v 1/2: the han solo affair,2002
1186,,,,,,puphedz: the tattle-tale heart,2002
1187,,,,,,the clinic,2002
1188,,,,,,tango para dos,2002
1189,,,,,,pandora,2002
1190,,,,,,post,2002
1191,,,,,,evelyn: the cutest evil dead girl,2002
1192,,,,,,every little girl's dream,2002
1193,,,,,,earthquake!,2002
1194,,,,,,the naked run,2002
1195,,,,,,following tildy,2002
1196,,,,,,blood shot,2002
1197,,,,,,walkers: their habits and haunts,2002
1198,,,,,,high street love story,2002
1199,,,,,,the gas club,2002
1200,,,,,,leave it!,2002
1201,,,,,,straight in the face,2002
1202,,,,,,the apparatik,2002
1203,,,,,,hi-yah!,2002
1204,,,,,,the audition,2002
1205,,,,,,sexy,2002
1206,,,,,,berlin beshert,2002
1207,,,,,,do poslednjeg kolokvijuma,2002
1208,,,,,,swapped,2002
1209,,,,,,gone for a week,2002
1210,,,,,,nosferatu l.a. '02,2002
1211,,,,,,rule # 1 day one,2002
1212,,,,,,rule # 1 day two,2002
1213,,,,,,late,2002
1214,,,,,,el sueño de la maestra,2002
1215,,,,,,a fever in the blood,2002
1216,,,,,,gabriella,2002
1217,,,,,,the fine line between cute and creepy,2002
1218,,,,,,target audience,2002
1219,,,,,,nougat,2002
1220,,,,,,aunt luisa,2002
1221,,,,,,creative process 473,2002
1222,,,,,,dogs: the longest running musical in off-off broadway history,2002
1223,,,,,,ces jours heureux,2002
1224,,,,,,fetch!,2002
1225,,,,,,hemispheres,2002
1226,7.8,Andrew Davis,"['Jeb Stuart', 'David Twohy', 'Roy Huggins']",-,-,mechanika,2002
1227,,,,,,a piano tale,2002
1228,,,,,,pas le jour de mon mini-golf!,2002
1229,,,,,,free: the becky smyth story,2002
1230,,,,,,64 disks,2002
1231,,,,,,hyper,2002
1232,,,,,,uncle sam,2002
1233,,,,,,the big job,2002
1234,,,,,,a brief history of the united states of america,2002
1235,,,,,,god squad!,2002
1236,,,,,,all amateur ecstasy,2002
1237,,,,,,little dickie,2002
1238,,,,,,jason and the high cost of electricity,2002
1239,,,,,,the arsonist's riddle,2002
1240,,,,,,the lobo paramilitary christmas special,2002
1241,,,,,,survivin' the island,2002
1242,,,,,,the sons of sam,2002
1243,,,,,,bez - vlasy,2002
1244,8.9,Quentin Tarantino,"['Quentin Tarantino', 'Roger Avary']",-,-,atama-yama,2002
1245,,,,,,vivienne gibson-forbes: portrait of a film extra,2002
1246,,,,,,licks,2002
1247,,,,,,le désert,2002
1248,,,,,,sprcha,2002
1249,,,,,,man made,2002
1250,,,,,,de kameleon sjocht yn it waar,2002
1251,,,,,,l'odeur du melon dans la poubelle,2002
1252,,,,,,zero tolerance,2002
1253,,,,,,going west,2002
1254,,,,,,bloody christmas,2002
1255,,,,,,salmon river run,2002
1256,,,,,,a-game,2002
1257,,,,,,the quality of mercy,2002
1258,,,,,,for our man,2002
1259,,,,,,donut holes,2002
1260,,,,,,going home,2002
1261,,,,,,the boy scout,2002
1262,,,,,,le petit théâtre mécanique,2002
1263,,,,,,blow job,2002
1264,,,,,,the syndicate,2002
1265,,,,,,aquí no hay playa,2002
1266,,,,,,equation,2002
1267,,,,,,call of the wild,2002
1268,,,,,,le mime,2002
1269,,,,,,9 1/2,2002
1270,,,,,,ibrotha,2002
1271,,,,,,senior cane,2002
1272,,,,,,back to one,2002
1273,,,,,,fourwarned: a barbershop odyssey,2002
1274,,,,,,the yellow house,2002
1275,,,,,,reviving vincent,2002
1276,,,,,,secret santa,2002
1277,,,,,,the faith healer's manual for the slightly inebriated,2002
1278,,,,,,techno turmoil,2002
1279,,,,,,the story of adam & eve,2002
1280,,,,,,getaway,2002
1281,,,,,,most likely to succeed,2002
1282,,,,,,lemonade,2002
1283,,,,,,legends of show business,2002
1284,,,,,,espresso con panna,2002
1285,,,,,,dog eat dog,2002
1286,,,,,,movie (theater) hero,2002
1287,,,,,,safety with scissors,2002
1288,,,,,,barry goes to the cabaret,2002
1289,,,,,,miriam cornsweig's farewell performance,2002
1290,,,,,,fernando,2002
1291,,,,,,les poireaux,2002
1292,,,,,,spirit levels,2002
1293,,,,,,camera noise,2002
1294,,,,,,lost thoughts,2002
1295,,,,,,sadbata na veronika,2002
1296,,,,,,what?,2002
1297,,,,,,wedding laine,2002
1298,,,,,,a day in the life of john d. impetus,2002
1299,,,,,,smackers,2002
1300,,,,,,uncle sam: the eating habits of an american icon,2002
1301,,,,,,the search for runaround sue,2002
1302,,,,,,something fishy,2002
1303,,,,,,a specialist in his field,2002
1304,,,,,,vows,2002
1305,,,,,,never go to goa,2002
1306,,,,,,unhung heroes,2002
1307,,,,,,françois le vaillant,2002
1308,,,,,,sin ti,2002
1309,,,,,,ant muzak,2002
1310,,,,,,oktopus,2002
1311,,,,,,hessi james,2002
1312,,,,,,winter break,2002
1313,,,,,,the fish market,2002
1314,,,,,,rocketmen vs. robots,2002
1315,,,,,,twin set,2002
1316,,,,,,la paille et la poutre,2002
1317,,,,,,the tail,2002
1318,,,,,,"legkisebb film a legnagyobb magyarról, avagy ha nincs kéz nincs csoki",2002
1319,8.1,"['Joel Coen', 'Ethan Coen']","['Ethan Coen', 'Joel Coen']",-,-,the shine,2002
1320,,,,,,weil ich dich mag...,2002
1321,,,,,,az ötödik szoba,2002
1322,,,,,,the last drop,2002
1323,,,,,,strippers pole,2002
1324,,,,,,silent but deadly,2002
1325,,,,,,arty,2002
1326,,,,,,castle envy,2002
1327,,,,,,baking lessons,2002
1328,,,,,,au suivant!,2002
1329,,,,,,goga moga,2002
1330,,,,,,toaster,2002
1331,,,,,,de la tête aux pieds,2002
1332,,,,,,roadkill,2002
1333,,,,,,coyoteland,2002
1334,,,,,,johnny come early,2002
1335,,,,,,frequency zero,2002
1336,,,,,,dobro poznata stvar,2002
1337,,,,,,chemical sheseis,2002
1338,,,,,,heatscore,2002
1339,,,,,,cemetery love story,2002
1340,,,,,,contestant,2002
1341,,,,,,micro-nice,2002
1342,,,,,,the boyfriend,2002
1343,,,,,,le voeu,2002
1344,,,,,,what's wrong with this picture?,2002
1345,,,,,,one of us,2002
1346,,,,,,www.betreuteloecher.de,2002
1347,,,,,,love and surveillance,2002
1348,,,,,,m. bolot part en voyage,2002
1349,,,,,,pros ti niki,2002
1350,,,,,,playgirl,2002
1351,,,,,,bukashki,2002
1352,,,,,,roof sex,2002
1353,,,,,,sucker,2002
1354,,,,,,su radito,2002
1355,,,,,,une voix d'homme,2002
1356,,,,,,shut up white boy,2002
1357,,,,,,three card studs,2002
1358,,,,,,sigmund the see monster,2002
1359,,,,,,quentin,2002
1360,,,,,,lemonade,2002
1361,,,,,,nobody,2002
1362,,,,,,good luck mr. grosky,2002
1363,,,,,,last day,2002
1364,,,,,,"coffee, desserts, lightfare",2002
1365,,,,,,big shoes to fill,2002
1366,,,,,,looking out,2002
1367,,,,,,dual,2002
1368,,,,,,dégustation,2002
1369,,,,,,bury it,2002
1370,,,,,,integreren kun je leren!,2002
1371,,,,,,manual labor,2002
1372,,,,,,after school special,2002
1373,,,,,,johnny ostrich and his american songbag,2002
1374,,,,,,dial 'a' for alphaman,2002
1375,,,,,,spaceship,2002
1376,,,,,,adjustments,2002
1377,,,,,,the mask 3d,2002
1378,,,,,,the fabulous nutcracker,2002
1379,,,,,,big thursday,2002
1380,,,,,,meta tis 11,2002
1381,,,,,,southern family,2002
1382,,,,,,pork chop,2002
1383,,,,,,keeping romeo,2002
1384,,,,,,dirty river dancing,2002
1385,,,,,,dances with emus,2002
1386,,,,,,tantric logic,2002
1387,,,,,,backstage with little lorenzo,2002
1388,,,,,,ruleta rusa,2002
1389,,,,,,a box,2002
1390,,,,,,the date,2002
1391,,,,,,ley 23.344,2002
1392,,,,,,d.i.y. hard,2002
1393,,,,,,ritchie's itch,2002
1394,,,,,,"hell og lykke, herr gorsky!",2002
1395,,,,,,mosquito night,2002
1396,,,,,,willis,2002
1397,,,,,,hotel rienne,2002
1398,,,,,,pervula,2002
1399,,,,,,"karma, incorporated",2002
1400,,,,,,mr arsehole,2002
1401,,,,,,ace in the hole,2002
1402,,,,,,the contest,2002
1403,,,,,,an officer and a yentlman,2002
1404,,,,,,the warriors of the 14th fairway,2002
1405,,,,,,6:30,2002
1406,,,,,,de beste går først,2002
1407,,,,,,icarus of pittsburgh,2002
1408,,,,,,triple threat,2002
1409,,,,,,eläköön markkinatalous!,2002
1410,,,,,,wasted on the young,2002
1411,,,,,,swing,2002
1412,,,,,,whoosh,2002
1413,,,,,,worst date,2002
1414,,,,,,date double,2002
1415,,,,,,l'heure de pointe,2002
1416,,,,,,blind passion,2002
1417,,,,,,caravan,2002
1418,,,,,,the chosen family,2002
1419,,,,,,counterfeiters,2002
1420,,,,,,come hard or don't come at all,2002
1421,7.6,James Frawley,"['Jerry Juhl', 'Jack Burns']",-,-,compulsory breathing,2002
1422,,,,,,out of state,2002
1423,,,,,,going somewhere slow,2002
1424,,,,,,a boy and his hand,2002
1425,,,,,,playtime,2002
1426,,,,,,i hate faggy fag fag,2002
1427,,,,,,snapshots,2002
1428,,,,,,trust,2002
1429,,,,,,jared,2002
1430,,,,,,love story,2002
1431,,,,,,açaí com jabá,2002
1432,,,,,,peanuts and pumps,2002
1433,,,,,,love square,2002
1434,,,,,,borrowing saffron,2002
1435,,,,,,kattemanden,2002
1436,,,,,,pennyman,2002
1437,,,,,,size does matter,2002
1438,,,,,,ants!,2002
1439,,,,,,the bathroom,2002
1440,,,,,,tales from the powder room,2002
1441,,,,,,alias: the lost episode,2002
1442,,,,,,virtual love,2002
1443,,,,,,american pi,2002
1444,,,,,,forfall,2002
1445,,,,,,fish'n chicks,2002
1446,,,,,,bud & moovy,2002
1447,,,,,,cojones,2002
1448,,,,,,the man without a clue,2002
1449,,,,,,white bitch down,2002
1450,,,,,,car trouble,2002
1451,,,,,,diagnosis trauma,2002
1452,,,,,,yo se kung fu,2002
1453,,,,,,two big fags,2002
1454,,,,,,elu sitahotellis,2002
1455,,,,,,pimp & ho: licence to queer,2002
1456,,,,,,six days straight,2002
1457,,,,,,tourist trap,2002
1458,,,,,,gay propaganda,2002
1459,,,,,,gêmeos,2002
1460,,,,,,bois ta suze,2002
1461,,,,,,from deep it came,2002
1462,,,,,,diet,2002
1463,,,,,,incest,2002
1464,,,,,,sexual orientation,2002
1465,,,,,,mes copines,2002
1466,,,,,,raw,2002
1467,,,,,,eddie loves mary,2002
1468,,,,,,receptionist smart,2002
1469,,,,,,does that hurt you?,2002
1470,,,,,,broadcast,2002
1471,,,,,,pas de deux,2002
1472,,,,,,the parking lot of shoplifted delights,2002
1473,,,,,,raisons économiques,2002
1474,,,,,,cinedictum,2002
1475,,,,,,dad,2002
1476,,,,,,first person plural: copy cat,2002
1477,,,,,,so how do you feel about your watch,2002
1478,,,,,,roland,2002
1479,,,,,,le ballon prisonnier,2002
1480,,,,,,hiv basics for corrections officers,2002
1481,,,,,,strike!,2002
1482,,,,,,clarks,2002
1483,,,,,,my own partridge family,2002
1484,,,,,,bajan,2002
1485,,,,,,bang or a whimper,2002
1486,,,,,,a holiday memento,2002
1487,,,,,,et kütt wie et kütt,2002
1488,,,,,,saturday night frayeur,2002
1489,,,,,,friendly criminal,2002
1490,,,,,,out of habit,2002
1491,,,,,,only joking,2002
1492,,,,,,montreal writer,2002
1493,,,,,,domestic,2002
1494,,,,,,vampire waren auch nur menschen,2002
1495,,,,,,copacabana building,2002
1496,,,,,,coup de foudre,2002
1497,,,,,,george's dilemma,2002
1498,,,,,,the final play,2002
1499,,,,,,somlói galuska,2002
1500,,,,,,plastik man,2003
1501,,,,,,the guy next door,2003
1502,,,,,,brownie points,2003
1503,,,,,,apple jack,2003
1504,,,,,,guf ha-neschamot - die halle der seelen,2003
1505,,,,,,fall short,2003
1506,,,,,,tapacurá,2003
1507,,,,,,four fingers of the dragon,2003
1508,,,,,,dieten,2003
1509,,,,,,solo ohne ende,2003
1510,,,,,,wholey moses,2003
1511,,,,,,tom hits his head,2003
1512,,,,,,bakers men,2003
1513,,,,,,the pick up,2003
1514,,,,,,being ron jeremy,2003
1515,,,,,,seventy,2003
1516,,,,,,men of action,2003
1517,,,,,,scotch,2003
1518,,,,,,jesus från hökarängen,2003
1519,,,,,,se buscan abrazos,2003
1520,,,,,,hardcore action news,2003
1521,,,,,,o trasto,2003
1522,,,,,,art'n acte production,2003
1523,,,,,,félicitations,2003
1524,,,,,,d.e.b.s.,2003
1525,,,,,,the mexican dream,2003
1526,,,,,,god is no soprano,2003
1527,,,,,,the recital,2003
1528,,,,,,static,2003
1529,,,,,,family tree,2003
1530,,,,,,headshot,2003
1531,,,,,,grace,2003
1532,,,,,,cul de sac,2003
1533,,,,,,studio city,2003
1534,,,,,,mirror man,2003
1535,,,,,,dermott's quest,2003
1536,,,,,,smooth,2003
1537,,,,,,a ninja pays half my rent,2003
1538,,,,,,fotostar,2003
1539,,,,,,the bed,2003
1540,,,,,,ga-ga,2003
1541,,,,,,operation adios,2003
1542,,,,,,flamingo,2003
1543,,,,,,hochbetrieb,2003
1544,,,,,,speed deal,2003
1545,,,,,,e-mail express,2003
1546,,,,,,i am woody,2003
1547,,,,,,oral,2003
1548,,,,,,soul mates,2003
1549,,,,,,the firecracker,2003
1550,,,,,,billy makes the cut,2003
1551,,,,,,the corporate negro,2003
1552,,,,,,mafia movie madness,2003
1553,,,,,,flying baby,2003
1554,,,,,,rule # 1 day three,2003
1555,,,,,,silver moumoute,2003
1556,,,,,,gotovo mitski,2003
1557,,,,,,comment j'ai marché sur la lune,2003
1558,,,,,,before the bell rang,2003
1559,,,,,,autograph book,2003
1560,,,,,,t'es où mère-grand?!,2003
1561,,,,,,marika et le loup,2003
1562,,,,,,micro-loup,2003
1563,,,,,,pour faire le portrait d'un loup,2003
1564,,,,,,loulou,2003
1565,,,,,,fish sauce breath,2003
1566,,,,,,the whizzard of ow,2003
1567,,,,,,on six-mile pond,2003
1568,,,,,,the snell show,2003
1569,,,,,,sticky fingers,2003
1570,,,,,,hang time,2003
1571,,,,,,the honor system,2003
1572,,,,,,house hunting,2003
1573,,,,,,the wedding bout,2003
1574,,,,,,the whirlpool,2003
1575,,,,,,red thread,2003
1576,8.0,Rob Reiner,William Goldman,-,-,going down,2003
1577,,,,,,lonesome joe,2003
1578,,,,,,killervator,2003
1579,,,,,,the babysitter,2003
1580,,,,,,hollywood's talk of fame,2003
1581,,,,,,african-american idol: the search for the next black leader,2003
1582,,,,,,"short, white, pleated",2003
1583,,,,,,la puppe,2003
1584,,,,,,"a.p.u.: art, pot and underwear",2003
1585,,,,,,so happy together,2003
1586,,,,,,indoor fireworks,2003
1587,,,,,,confection,2003
1588,,,,,,shotgun wedding,2003
1589,,,,,,rumeurs,2003
1590,,,,,,far west,2003
1591,,,,,,the lost art,2003
1592,,,,,,toute ma vie j'ai rêvé...,2003
1593,,,,,,a titkos hely,2003
1594,,,,,,colorforms,2003
1595,,,,,,another flush,2003
1596,,,,,,the uninvited,2003
1597,,,,,,silent but deadly 2,2003
1598,,,,,,déformation personnelle,2003
1599,,,,,,yin yang,2003
1600,,,,,,sesame street: 4-d movie magic,2003
1601,,,,,,starcrossed,2003
1602,,,,,,abendmahl,2003
1603,,,,,,truesexlies,2003
1604,,,,,,run leia run,2003
1605,,,,,,taco bender,2003
1606,,,,,,yamamoto san,2003
1607,,,,,,a family x-mas,2003
1608,,,,,,el elegante,2003
1609,,,,,,backjumping,2003
1610,,,,,,street of pain,2003
1611,,,,,,life in a nutshell,2003
1612,,,,,,turno di notte,2003
1613,,,,,,hereditary misfortune,2003
1614,,,,,,chickendales,2003
1615,,,,,,little red light,2003
1616,,,,,,the squawk box,2003
1617,,,,,,the great upstanding member,2003
1618,,,,,,brick lane,2003
1619,,,,,,the tool,2003
1620,,,,,,half a man,2003
1621,,,,,,stereotypes,2003
1622,,,,,,a token for your thoughts,2003
1623,,,,,,"popiahs, murtabak and a patriotic donkey",2003
1624,,,,,,this car up,2003
1625,,,,,,mellem os,2003
1626,,,,,,spot: a sign of the times,2003
1627,,,,,,as luck would have it,2003
1628,,,,,,champagne society,2003
1629,,,,,,john h.,2003
1630,,,,,,early bloomer,2003
1631,,,,,,boys will be boys,2003
1632,,,,,,bloody homos,2003
1633,,,,,,just get married!,2003
1634,,,,,,the bourne identity crisis,2003
1635,,,,,,ten minutes,2003
1636,,,,,,the truth about the head,2003
1637,,,,,,kink,2003
1638,,,,,,the rockstar inside,2003
1639,,,,,,caffeine headache,2003
1640,,,,,,noise control,2003
1641,,,,,,sw 2.5 (the pitch wars),2003
1642,,,,,,blank,2003
1643,,,,,,fear of feathers,2003
1644,,,,,,mad twin,2003
1645,,,,,,g.a.d.a.r.,2003
1646,,,,,,fenêtre sur couple,2003
1647,,,,,,canada: sperm bank of satan,2003
1648,,,,,,joe's first day in boston,2003
1649,,,,,,"sorria, você está sendo filmado",2003
1650,,,,,,walkentalk,2003
1651,,,,,,12 hot women,2003
1652,,,,,,yuri & me,2003
1653,,,,,,living in walter's world,2003
1654,,,,,,for better or worse,2003
1655,,,,,,fruitcake,2003
1656,,,,,,leo's oscar,2003
1657,,,,,,his love for cola,2003
1658,,,,,,how 'bout this,2003
1659,,,,,,i wish my beer was as cold as your heart,2003
1660,,,,,,the search for inflata-boy,2003
1661,,,,,,welcome to the show/intermission in the third dimension/the end of the show,2003
1662,,,,,,patching cabbage,2003
1663,,,,,,multi-task,2003
1664,,,,,,something more,2003
1665,,,,,,48 hours to romance,2003
1666,,,,,,gretchen brettschneider skirts thirty,2003
1667,,,,,,fricasse,2003
1668,,,,,,wide and open spaces,2003
1669,,,,,,the man with the smallest penis in existence and the electron microscope technician who loved him,2003
1670,,,,,,meatball,2003
1671,,,,,,pinto films: 30 minutes,2003
1672,,,,,,phantom ham,2003
1673,,,,,,it's the cheese,2003
1674,,,,,,short on sugar,2003
1675,,,,,,stuff that bear!,2003
1676,,,,,,sunshinola,2003
1677,,,,,,så kan det gå,2003
1678,,,,,,just don't do it,2003
1679,,,,,,for food,2003
1680,,,,,,the gynecologists,2003
1681,,,,,,the mormon conquest,2003
1682,,,,,,jack woody,2003
1683,,,,,,the delicious,2003
1684,,,,,,cleanup on aisle five,2003
1685,,,,,,billy bongo,2003
1686,,,,,,the courtship,2003
1687,,,,,,over the moon,2003
1688,,,,,,flirting with death,2003
1689,,,,,,stop!,2003
1690,,,,,,museum scream,2003
1691,,,,,,off track betting,2003
1692,,,,,,friendland,2003
1693,,,,,,pits,2003
1694,,,,,,noodle soup,2003
1695,,,,,,rewrite,2003
1696,,,,,,how to lose a guy,2003
1697,,,,,,the greek man from pakistan,2003
1698,,,,,,gutter balls,2003
1699,,,,,,claverdeek,2003
1700,,,,,,the highest bidder,2003
1701,,,,,,the house of names,2003
1702,,,,,,"hello, friend",2003
1703,,,,,,in hot pursuit,2003
1704,,,,,,cliché,2003
1705,,,,,,moo(n),2003
1706,,,,,,"he's harry, but aren't we all",2003
1707,,,,,,this is not a chair,2003
1708,,,,,,wildlands,2003
1709,,,,,,the first rule of seduction,2003
1710,,,,,,two minutes after midnight,2003
1711,,,,,,the paper mache chase,2003
1712,,,,,,american seoul,2003
1713,,,,,,coaching the minors,2003
1714,,,,,,the trailer,2003
1715,,,,,,four simple rules,2003
1716,,,,,,80's ending,2003
1717,,,,,,my small italian shotgun wedding,2003
1718,,,,,,"weed: or, a cancer in the community",2003
1719,,,,,,u,2003
1720,,,,,,carter's wish,2003
1721,,,,,,venus conspiracy,2003
1722,,,,,,ward 13,2003
1723,,,,,,six and the city,2003
1724,,,,,,secret to happiness is a bad memory,2003
1725,,,,,,fake stacy,2003
1726,,,,,,match,2003
1727,,,,,,king for a day,2003
1728,,,,,,the epic tale of kalesius and clotho: a meditation on the impossibility of romantic love in a rapidly expanding universe,2003
1729,,,,,,ed (ted),2003
1730,,,,,,high hide noon,2003
1731,,,,,,loose ends,2003
1732,,,,,,piece a' cake,2003
1733,,,,,,parking ticket,2003
1734,,,,,,the refusal to conform to fashion runs deep,2003
1735,,,,,,the line of masculinity,2003
1736,,,,,,love & stuff,2003
1737,,,,,,flip phone,2003
1738,,,,,,masterpiece monday,2003
1739,,,,,,track addict,2003
1740,,,,,,one flight stand,2003
1741,,,,,,taksista,2003
1742,,,,,,sparky,2003
1743,,,,,,the spooky house,2003
1744,,,,,,piece of cake,2003
1745,,,,,,elevator,2003
1746,,,,,,the littlest cowboy,2003
1747,,,,,,el elefante del rey,2003
1748,,,,,,harvie krumpet,2003
1749,,,,,,pray another day,2003
1750,,,,,,jesus henry christ,2003
1751,,,,,,the animal in us all,2003
1752,,,,,,de grotten van han van vloten,2003
1753,,,,,,behind the mask,2003
1754,,,,,,moth,2003
1755,,,,,,the bank robbery,2003
1756,,,,,,chicken party,2003
1757,,,,,,sammy's dilemma,2003
1758,,,,,,thumbing it,2003
1759,,,,,,charlie 2.0,2003
1760,,,,,,date,2003
1761,,,,,,steven,2003
1762,,,,,,casanova at fifty,2003
1763,,,,,,desperate - not desperate,2003
1764,,,,,,nigel stone,2003
1765,,,,,,i never,2003
1766,,,,,,a bear's story,2003
1767,,,,,,hardwood floors,2003
1768,,,,,,kjell universell,2003
1769,,,,,,therapy group,2003
1770,,,,,,c.i.a. holes,2003
1771,,,,,,l.a. knights,2003
1772,,,,,,e-snuff,2003
1773,,,,,,a day at the driving range,2003
1774,,,,,,der enkel des paten,2003
1775,,,,,,crushes,2003
1776,,,,,,the breakup film,2003
1777,,,,,,my josephine,2003
1778,,,,,,karl ja marilyn,2003
1779,,,,,,todd and the book of pure evil,2003
1780,,,,,,i scream,2003
1781,,,,,,sell in hell,2003
1782,,,,,,the dog walker,2003
1783,,,,,,the custodial code,2003
1784,,,,,,overvågning,2003
1785,,,,,,hung up,2003
1786,,,,,,"glengarry, bob ross",2003
1787,,,,,,handbook to casual stalking,2003
1788,,,,,,tanken som räknas,2003
1789,,,,,,cold turkey,2003
1790,,,,,,the fascist of x-mart,2003
1791,,,,,,teeth of doom,2003
1792,,,,,,enter the grill master,2003
1793,,,,,,straight sex,2003
1794,,,,,,quacks like a duck,2003
1795,,,,,,trip to yatkumchatka,2003
1796,,,,,,the 24 year-old virgin,2003
1797,8.6,David Fincher,['Andrew Kevin Walker'],-,-,21st century scott,2003
1798,,,,,,gulabi aaina,2003
1799,,,,,,welcome to glaringly,2003
1800,,,,,,toyotafahrer leben länger,2003
1801,,,,,,devojacko juce,2003
1802,,,,,,juror number eight,2003
1803,,,,,,the mall man,2003
1804,,,,,,insoliti sospetti,2003
1805,,,,,,love never dies,2003
1806,,,,,,baby killer,2003
1807,,,,,,the trumouse show,2003
1808,,,,,,the man who invented the moon,2003
1809,,,,,,the silent treatment,2003
1810,,,,,,copains comme cochons,2003
1811,,,,,,fire island pines on $0 a day,2003
1812,,,,,,allergic to nuts,2003
1813,,,,,,ore 2: calma piatta,2003
1814,,,,,,how i learned to stop worrying and love the superlaser,2003
1815,,,,,,"comic store diaries, vol. 4",2003
1816,,,,,,the gates-trix,2003
1817,,,,,,a piece of cake,2003
1818,,,,,,pôv' fille,2003
1819,,,,,,redeemable in merchandise,2003
1820,,,,,,writer's block,2003
1821,,,,,,one night hand,2003
1822,,,,,,fuck: the movie,2003
1823,,,,,,advantage hart,2003
1824,,,,,,big feet,2003
1825,,,,,,grounded,2003
1826,,,,,,the manhattan project,2003
1827,,,,,,der kaffehersteller,2003
1828,,,,,,schwebeleben,2003
1829,,,,,,plassmangel,2003
1830,,,,,,the making of the karaoke video,2003
1831,,,,,,dangle,2003
1832,,,,,,cupids,2003
1833,,,,,,smash the kitty,2003
1834,,,,,,"die, faggot, die!",2003
1835,,,,,,pantomimus,2003
1836,,,,,,las superamigas contra el profesor vinilo,2003
1837,,,,,,fudgie & jane,2003
1838,,,,,,i love my cat,2003
1839,,,,,,some lucky bastard,2003
1840,,,,,,popcorn,2003
1841,,,,,,sisten i är en skit,2003
1842,,,,,,a wondrous fate,2003
1843,,,,,,the bug in my ear,2003
1844,,,,,,paraíso extraviado,2003
1845,,,,,,party foul,2003
1846,,,,,,rumkugeln mit völkerball,2003
1847,,,,,,escalator,2003
1848,,,,,,underdog,2003
1849,,,,,,special delivery,2003
1850,,,,,,true blue beauty,2003
1851,,,,,,hummer,2003
1852,,,,,,jamaican gypsy,2003
1853,,,,,,small change,2003
1854,,,,,,holiday around my bedroom,2003
1855,,,,,,questions & answers,2003
1856,,,,,,18 kép egy konzervgyári lány életéböl,2003
1857,,,,,,georgie & the golden egg,2003
1858,,,,,,fade to pink,2003
1859,,,,,,don't get stuck,2003
1860,,,,,,writers week,2003
1861,,,,,,glory,2003
1862,,,,,,the judas kiss 2,2003
1863,,,,,,nibbles,2003
1864,,,,,,uncle douglas,2003
1865,,,,,,er,2003
1866,,,,,,chinese tom,2003
1867,,,,,,masimetiro,2003
1868,,,,,,buried,2003
1869,,,,,,shining happy,2003
1870,,,,,,cerebral print: file #0604,2003
1871,,,,,,"knock, knock... who's there?",2003
1872,,,,,,mother's day,2003
1873,,,,,,this old house,2003
1874,,,,,,of all the luck,2003
1875,,,,,,"goodbye, cruel world",2003
1876,,,,,,butch,2003
1877,,,,,,friday night in,2003
1878,,,,,,a perilous dance: the damon derivers story,2003
1879,,,,,,oh so twisted,2003
1880,,,,,,temporary lapse of reason,2003
1881,,,,,,the reluctant dominatrix,2003
1882,,,,,,the elevator,2003
1883,,,,,,banana split,2003
1884,,,,,,burl's,2003
1885,,,,,,boundin',2003
1886,,,,,,the boss,2003
1887,,,,,,orange barrels from the phobosphere,2003
1888,,,,,,supersound,2003
1889,,,,,,central park walk,2003
1890,,,,,,boys night out,2003
1891,,,,,,tankup.us,2003
1892,,,,,,sunshine,2003
1893,,,,,,sidesitters,2003
1894,,,,,,channeling alphonse,2003
1895,,,,,,marie and paul's dance lesson,2003
1896,,,,,,the accusation,2003
1897,,,,,,human day,2003
1898,,,,,,50 questions,2003
1899,,,,,,"dear, sweet emma",2003
1900,,,,,,obey the signs... and live!,2003
1901,,,,,,audition tape,2003
1902,,,,,,long road home,2003
1903,,,,,,swapped,2003
1904,,,,,,the eyebaliens,2003
1905,,,,,,the box,2003
1906,,,,,,en tilfedig historie,2003
1907,,,,,,round,2003
1908,,,,,,headtrip,2003
1909,,,,,,the herb garden,2003
1910,,,,,,sex and the green card,2003
1911,,,,,,reservations,2003
1912,,,,,,the analysts,2003
1913,,,,,,call girl,2003
1914,,,,,,perfect sense,2003
1915,,,,,,peluca,2003
1916,,,,,,the absence of emily,2003
1917,,,,,,delivery,2003
1918,,,,,,i came here for love,2003
1919,,,,,,1 fijo,2003
1920,,,,,,even more confused,2003
1921,,,,,,the morning guy,2003
1922,,,,,,found money,2003
1923,,,,,,straight no chaser,2003
1924,,,,,,olive,2003
1925,,,,,,episoder,2003
1926,,,,,,lost d.,2003
1927,,,,,,montgomery west and the wings of death,2003
1928,,,,,,the sunday morning stripper,2003
1929,,,,,,bumerang,2003
1930,,,,,,la veste rouge,2003
1931,,,,,,white bits,2003
1932,,,,,,livsforsikringen,2003
1933,,,,,,joe's diner,2003
1934,,,,,,schwesternliebe,2003
1935,,,,,,lotto,2003
1936,,,,,,vegetable restaurant,2003
1937,,,,,,reach out,2003
1938,,,,,,komuin tantei horii 2,2003
1939,,,,,,the palindrome affair,2003
1940,,,,,,chuck's angels,2003
1941,,,,,,snot,2003
1942,,,,,,a taste of better days,2003
1943,,,,,,two minutes,2003
1944,,,,,,wannabe: the peter putrid story,2003
1945,,,,,,positive attitude,2003
1946,,,,,,no regrets,2003
1947,,,,,,the plunge,2003
1948,,,,,,success with sweet peas,2003
1949,,,,,,le cou de clarisse,2003
1950,,,,,,burying dvorak,2003
1951,,,,,,dies irae,2003
1952,,,,,,seeking rainbows,2003
1953,,,,,,zeke,2003
1954,,,,,,mohandas & bette: a love story,2003
1955,,,,,,rumble,2003
1956,,,,,,la femme qui a vu l'ours,2003
1957,,,,,,inventing: music,2003
1958,,,,,,plastic wolves,2003
1959,,,,,,mors lille ole,2003
1960,,,,,,killing pedro rivera,2003
1961,,,,,,who's your daddy?,2003
1962,,,,,,sparks,2003
1963,,,,,,the stockholm syndrome,2003
1964,,,,,,little bart needs a job!,2003
1965,,,,,,une histoire d'amour,2003
1966,,,,,,prince solitaire,2003
1967,,,,,,long distance,2003
1968,,,,,,good boy,2003
1969,,,,,,dancer,2003
1970,,,,,,008,2003
1971,,,,,,a short portrait of zora zakowski,2003
1972,,,,,,afrique années 60,2003
1973,,,,,,up for grabs,2003
1974,,,,,,the caseys,2003
1975,,,,,,i was a mathlete until i met margo marris,2003
1976,,,,,,en famille,2003
1977,,,,,,a few years older,2003
1978,,,,,,band camp,2003
1979,,,,,,the good life,2003
1980,,,,,,room to let,2003
1981,,,,,,"clark, the canadian hockey goalie",2003
1982,,,,,,why the anderson children didn't come to dinner,2003
1983,,,,,,la increíble historia de asterión y clotilda,2003
1984,,,,,,last night of mardi gras,2003
1985,,,,,,the fluffer,2003
1986,,,,,,yu ming is ainm dom,2003
1987,,,,,,the midget stays in the picture,2003
1988,,,,,,limbo,2003
1989,,,,,,the mezzos,2003
1990,,,,,,the writer's block,2003
1991,,,,,,"right here, right now",2003
1992,,,,,,casablanca,2003
1993,,,,,,tan lines: the making of suntanned bikini,2003
1994,,,,,,calvario,2003
1995,,,,,,aligato,2003
1996,,,,,,chatroom,2003
1997,,,,,,baby,2003
1998,,,,,,heterogenic!,2003
1999,,,,,,the day i tried to live,2003
2000,,,,,,sissy-boy slap-party,2004
2001,,,,,,season's greetings,2004
2002,,,,,,mercury in retrograde,2004
2003,,,,,,la mesa servida,2004
2004,,,,,,the big thing,2004
2005,,,,,,sinfonía desconcertante,2004
2006,,,,,,mementos,2004
2007,,,,,,la chepor,2004
2008,,,,,,does god play football,2004
2009,,,,,,dimensión alternativa,2004
2010,,,,,,ben et thomas,2004
2011,,,,,,rapid guy movement,2004
2012,,,,,,sanhedrin,2004
2013,,,,,,catching kringle,2004
2014,,,,,,warum läuft herr v. amok?,2004
2015,,,,,,ten minute movie,2004
2016,,,,,,directing rye,2004
2017,,,,,,hul i loven,2004
2018,,,,,,malicia en el país de las maravillas,2004
2019,,,,,,stunt c*cks,2004
2020,,,,,,disposal,2004
2021,,,,,,sweet union,2004
2022,,,,,,the history of the world episode 10: the discovery of language,2004
2023,,,,,,the ten commandments number 10: thou shalt not covet thy neighbour's wife,2004
2024,,,,,,confessions of a dangerous mime,2004
2025,,,,,,ugly,2004
2026,,,,,,moving in,2004
2027,,,,,,still single,2004
2028,,,,,,pretty dead girl,2004
2029,,,,,,little black boot,2004
2030,,,,,,cock-a-doodle-duel,2004
2031,,,,,,boyclops,2004
2032,,,,,,my generation g... g... gap,2004
2033,,,,,,hare and loathing in las vegas,2004
2034,,,,,,hollywood the hard way,2004
2035,,,,,,might of the starchaser,2004
2036,,,,,,spin,2004
2037,,,,,,soar,2004
2038,,,,,,scrapple,2004
2039,,,,,,a thousand words,2004
2040,,,,,,career suicide,2004
2041,,,,,,peep game,2004
2042,,,,,,a-wol,2004
2043,,,,,,deliverance: the musical,2004
2044,,,,,,the clock is ticking,2004
2045,,,,,,he quarreled with his wife,2004
2046,,,,,,great lengths,2004
2047,,,,,,daniel's spark,2004
2048,8.9,Peter Jackson,"['J R', 'R Tolkien', 'Fran Walsh', 'Philippa Boyens']",-,-,broken condom,2004
2049,,,,,,a gothic romance,2004
2050,,,,,,"terry tate, office linebacker: sensitivity training",2004
2051,,,,,,i am stamos,2004
2052,,,,,,language of love,2004
2053,,,,,,kung-fu kitties,2004
2054,,,,,,we todd did,2004
2055,,,,,,the announcement,2004
2056,,,,,,that darn bill,2004
2057,,,,,,out-of-body experience,2004
2058,,,,,,broken,2004
2059,,,,,,andre royo's big scene,2004
2060,,,,,,one man's trash,2004
2061,,,,,,pda massacre,2004
2062,,,,,,pol pot's birthday,2004
2063,,,,,,day off the dead,2004
2064,,,,,,funeral etiquette,2004
2065,,,,,,save virgil,2004
2066,,,,,,meet the pitts,2004
2067,,,,,,psychobabble,2004
2068,,,,,,porno teletabis,2004
2069,,,,,,tube,2004
2070,,,,,,the old man and the studio,2004
2071,,,,,,perfect couple,2004
2072,,,,,,2+1,2004
2073,,,,,,be good daniel,2004
2074,8.9,Quentin Tarantino,"['Quentin Tarantino', 'Roger Avary']",-,-,changement de trottoir,2004
2075,,,,,,llamada de apareamiento,2004
2076,,,,,,audition,2004
2077,,,,,,the proverb,2004
2078,,,,,,...to skin a cat,2004
2079,,,,,,the affairs of god,2004
2080,,,,,,cruel to be kind,2004
2081,,,,,,cold reading,2004
2082,,,,,,coming out at work is hard to do,2004
2083,,,,,,auto matrimony,2004
2084,,,,,,on all floors,2004
2085,,,,,,the dirty immigrants: all for one,2004
2086,,,,,,date at eight,2004
2087,,,,,,faux paw,2004
2088,,,,,,charity,2004
2089,,,,,,camera shy,2004
2090,,,,,,restive planet,2004
2091,,,,,,dedans-dehors,2004
2092,,,,,,the ingrate,2004
2093,,,,,,on the run,2004
2094,,,,,,after-school special,2004
2095,,,,,,getting to know you,2004
2096,,,,,,consent,2004
2097,,,,,,pussy,2004
2098,,,,,,love is strange,2004
2099,,,,,,hippie highway,2004
2100,,,,,,the first three lives of stuart hornsley,2004
2101,,,,,,revenge of cerebral print,2004
2102,,,,,,watch comes around,2004
2103,,,,,,tefuratu,2004
2104,,,,,,rugged rich and the ona ona,2004
2105,,,,,,sister of cerebral print,2004
2106,,,,,,who's the badass,2004
2107,,,,,,still life,2004
2108,,,,,,crosswalk,2004
2109,,,,,,the car,2004
2110,,,,,,la révolution des crabes,2004
2111,,,,,,crashing the wake,2004
2112,,,,,,reino-pappa: lyhyt elokuva,2004
2113,,,,,,spidermen,2004
2114,,,,,,rent-a-person,2004
2115,,,,,,draw the pirate,2004
2116,,,,,,kasmet,2004
2117,,,,,,the story of breakout,2004
2118,,,,,,la sposa,2004
2119,,,,,,the incredible torture trio,2004
2120,,,,,,punching hitler,2004
2121,,,,,,corporate instructional video #2,2004
2122,,,,,,agent dick danger,2004
2123,,,,,,le manian,2004
2124,,,,,,super bitchin' muscle car,2004
2125,,,,,,missing moscow,2004
2126,,,,,,ripley's basque-r-aid,2004
2127,,,,,,toshka i toshko,2004
2128,,,,,,clear cut,2004
2129,,,,,,ces aléas-là,2004
2130,,,,,,philip greeley goes hollywood,2004
2131,,,,,,knit wits,2004
2132,,,,,,buck nelson presents: lifting the cloak of mystery off rock drumming,2004
2133,,,,,,la méthode anglaise,2004
2134,,,,,,love and deaf,2004
2135,,,,,,pumpkin pie,2004
2136,,,,,,joe nosferatu: homeless vampire,2004
2137,,,,,,powerplay,2004
2138,,,,,,mating rituals 101,2004
2139,,,,,,cannibalism: a new taste in style,2004
2140,,,,,,the rick,2004
2141,,,,,,soleado,2004
2142,,,,,,the nearly unadventurous life of zoe cadwaulder,2004
2143,,,,,,rest area,2004
2144,,,,,,normal,2004
2145,,,,,,the luchadore,2004
2146,,,,,,o andras tis diplanis portas...,2004
2147,,,,,,lucky day,2004
2148,,,,,,the climactic death of dark ninja,2004
2149,,,,,,bittersweet,2004
2150,,,,,,cut and run,2004
2151,,,,,,silent but deadly 3,2004
2152,,,,,,freud slips,2004
2153,,,,,,casting couch,2004
2154,,,,,,young artie feldman,2004
2155,,,,,,just smile and nod,2004
2156,,,,,,chevrogay,2004
2157,,,,,,captain valedor versus the spider queen,2004
2158,,,,,,errand boys,2004
2159,,,,,,auditions to be the next canadian,2004
2160,,,,,,flatlife,2004
2161,,,,,,lyon king,2004
2162,,,,,,baker: war in the mojave,2004
2163,,,,,,cashback,2004
2164,,,,,,fishing for trauster,2004
2165,,,,,,otto,2004
2166,,,,,,rocco and vinnie,2004
2167,,,,,,shop until we all drop,2004
2168,,,,,,zzzzzzzzzz: john doel portrait of a sleepologist,2004
2169,,,,,,fish burglars,2004
2170,,,,,,an inconvenient affair,2004
2171,8.1,Stuart Rosenberg,"['Donn Pearce', 'Frank Pierson', 'Hal Dresner']",-,-,post,2004
2172,,,,,,kim & cookie,2004
2173,,,,,,sextasy,2004
2174,,,,,,a uniform used to mean something...,2004
2175,,,,,,the virile man,2004
2176,,,,,,varmint day,2004
2177,,,,,,snackers,2004
2178,,,,,,late bloomer,2004
2179,,,,,,king of the moon,2004
2180,,,,,,internet dating,2004
2181,,,,,,the realtor,2004
2182,,,,,,the art of flirting,2004
2183,,,,,,grinding,2004
2184,,,,,,client 3815,2004
2185,,,,,,"le bon, la brute et les zombies",2004
2186,,,,,,child psychology,2004
2187,,,,,,hindsight is 20/20...,2004
2188,,,,,,life's a blast,2004
2189,,,,,,lorenzo,2004
2190,,,,,,beep,2004
2191,,,,,,chemistry,2004
2192,,,,,,park pleasures,2004
2193,,,,,,solo,2004
2194,,,,,,the thief,2004
2195,,,,,,ciao bambino,2004
2196,,,,,,p'tits cadeaux,2004
2197,,,,,,on the couch,2004
2198,,,,,,what she really wants,2004
2199,,,,,,how to eat a banana,2004
2200,,,,,,entering wendy,2004
2201,,,,,,between 9 & 12,2004
2202,8.0,Rob Reiner,William Goldman,-,-,l'emon,2004
2203,,,,,,dropping the gloves,2004
2204,,,,,,marcus apple,2004
2205,,,,,,tongue tied,2004
2206,,,,,,in the country,2004
2207,,,,,,occupational hazard,2004
2208,,,,,,wenn die dinge durcheinander geraten,2004
2209,,,,,,glückstag,2004
2210,,,,,,old tricks,2004
2211,,,,,,hard-bitten,2004
2212,,,,,,my father's an actor,2004
2213,,,,,,lekeplassen,2004
2214,,,,,,compton cowboy,2004
2215,,,,,,lactose intolerant,2004
2216,,,,,,"words, words, words",2004
2217,,,,,,fanboys,2004
2218,,,,,,two ugly sisters,2004
2219,,,,,,the unsinkable freddie krakauer,2004
2220,,,,,,harry the hamster,2004
2221,,,,,,yeah i'm hip hop,2004
2222,,,,,,the straitjacket lottery,2004
2223,,,,,,succubus,2004
2224,,,,,,chasing jason,2004
2225,,,,,,weeds,2004
2226,,,,,,terrible kisses,2004
2227,,,,,,danger zone,2004
2228,,,,,,waiting for maggio,2004
2229,,,,,,zu gast bei den poulardes,2004
2230,,,,,,r.u.u.,2004
2231,,,,,,yeti vengeance,2004
2232,,,,,,almost,2004
2233,,,,,,aliens among us,2004
2234,,,,,,combien?,2004
2235,,,,,,the catskill chainsaw redemption,2004
2236,,,,,,a. eye for the white guy,2004
2237,,,,,,different,2004
2238,,,,,,liquid lunch,2004
2239,,,,,,juicy,2004
2240,,,,,,pretty things,2004
2241,,,,,,world's scariest model train wrecks,2004
2242,,,,,,the three body problem,2004
2243,,,,,,crazy love,2004
2244,,,,,,romance,2004
2245,,,,,,veronika's birthday,2004
2246,,,,,,bananas,2004
2247,,,,,,kvinnokraft,2004
2248,,,,,,martha,2004
2249,,,,,,memoirs of an evil stepmother,2004
2250,,,,,,"the last alchemist, or how wynn albright got his comeuppance",2004
2251,,,,,,fang des lebens,2004
2252,,,,,,this land,2004
2253,,,,,,the homolulu show,2004
2254,,,,,,handicap,2004
2255,,,,,,why alderaan?,2004
2256,,,,,,living with lou,2004
2257,,,,,,tiger: his fall & rise,2004
2258,,,,,,running time,2004
2259,,,,,,through my thick glasses,2004
2260,,,,,,crimson,2004
2261,,,,,,stop thief!,2004
2262,,,,,,squatch,2004
2263,,,,,,chaos theory,2004
2264,,,,,,blink,2004
2265,,,,,,briefing,2004
2266,,,,,,pandasyndromet,2004
2267,,,,,,mistaken identity,2004
2268,,,,,,bad vibes,2004
2269,,,,,,in english please,2004
2270,,,,,,the magical time traveling thugtastic jug,2004
2271,,,,,,release the cracken,2004
2272,,,,,,the heist,2004
2273,,,,,,fish out of water,2004
2274,,,,,,poop,2004
2275,,,,,,the golddigger's rush,2004
2276,,,,,,kung konrad,2004
2277,8.0,Harold Ramis,"['Danny Rubin', 'Harold Ramis']",-,-,cuando puedas,2004
2278,,,,,,the lift,2004
2279,,,,,,gateball,2004
2280,,,,,,ringtone blues,2004
2281,,,,,,bullets over breakfast,2004
2282,,,,,,the stephan lugosi story,2004
2283,,,,,,ray,2004
2284,,,,,,the time phone,2004
2285,,,,,,an occurrence at black canyon,2004
2286,,,,,,the sensual lover of bindalele,2004
2287,,,,,,table 13,2004
2288,,,,,,sara goes to lunch,2004
2289,,,,,,parked and empty,2004
2290,,,,,,penis envy,2004
2291,,,,,,the memo,2004
2292,,,,,,spot,2004
2293,,,,,,coffee,2004
2294,,,,,,hula,2004
2295,,,,,,mr firecul,2004
2296,,,,,,a question to asclepios,2004
2297,,,,,,garriage: a documentary in 4 chapters and an epilogue,2004
2298,,,,,,quest for the yeti,2004
2299,,,,,,the lift,2004
2300,,,,,,garpenfargle,2004
2301,,,,,,blocked & bothered,2004
2302,,,,,,attic man,2004
2303,,,,,,dribble,2004
2304,,,,,,crisis 76,2004
2305,,,,,,letting go,2004
2306,,,,,,marty and sven,2004
2307,,,,,,mr. james and the plug of mystery,2004
2308,,,,,,cuba libre,2004
2309,,,,,,the misconception of randal bimford,2004
2310,,,,,,fucking hollywood,2004
2311,,,,,,the audition,2004
2312,,,,,,dawn of the friend,2004
2313,8.0,Rob Reiner,William Goldman,-,-,earl's your uncle,2004
2314,,,,,,elephant shoe,2004
2315,,,,,,gay by dawn,2004
2316,,,,,,granny goes wild,2004
2317,,,,,,green tea,2004
2318,,,,,,irascible,2004
2319,,,,,,emily,2004
2320,,,,,,for f**k's sake,2004
2321,,,,,,letter home,2004
2322,,,,,,no ordinary hero,2004
2323,,,,,,save jesus,2004
2324,,,,,,pelea de gallos,2004
2325,,,,,,rough and rugged,2004
2326,,,,,,historias breves iv: happy cool,2004
2327,,,,,,just for leather,2004
2328,,,,,,afternoon delight,2004
2329,,,,,,the vision,2004
2330,,,,,,le matelas,2004
2331,,,,,,what teachers make,2004
2332,,,,,,valley pd blue,2004
2333,,,,,,there's something about meryl,2004
2334,,,,,,dahucapra rupidahu,2004
2335,,,,,,alice et moi,2004
2336,,,,,,choke.,2004
2337,,,,,,33 1/2,2004
2338,,,,,,the swidge,2004
2339,,,,,,golpe de suerte,2004
2340,,,,,,eargasm,2004
2341,,,,,,charros,2004
2342,,,,,,crooks,2004
2343,,,,,,amasian: the amazing asian,2004
2344,,,,,,robbery kings,2004
2345,,,,,,stretched too thin,2004
2346,,,,,,bad kitty,2004
2347,,,,,,the sound of silence,2004
2348,,,,,,presents,2004
2349,,,,,,chamaco,2004
2350,,,,,,u.s. air marshals,2004
2351,,,,,,the carpenter and his clumsy wife,2004
2352,,,,,,the lucky penny 2,2004
2353,,,,,,rock on,2004
2354,,,,,,oh my god,2004
2355,,,,,,table,2004
2356,,,,,,the perfect candidate,2004
2357,,,,,,missing sock,2004
2358,8.6,George Lucas,George Lucas,-,-,historias breves iv: te llevo en la sangre,2004
2359,,,,,,billy's dad is a fudge-packer!,2004
2360,,,,,,parker's back,2004
2361,,,,,,what a cock,2004
2362,,,,,,six shooter,2004
2363,,,,,,"mothers, fathers, and other strangers",2004
2364,,,,,,pata de gallo,2004
2365,,,,,,the sadness of johnson joe jangles,2004
2366,,,,,,the mojo cafe,2004
2367,,,,,,the jumper,2004
2368,,,,,,aardvark,2004
2369,,,,,,the sky is falling,2004
2370,,,,,,the women,2004
2371,,,,,,standing room only,2004
2372,,,,,,god calling rachel,2004
2373,,,,,,palacio presidencial!,2004
2374,,,,,,the accidental perfectionist,2004
2375,,,,,,quitters,2004
2376,,,,,,billy and the kid,2004
2377,,,,,,billy's choice,2004
2378,,,,,,blonde,2004
2379,,,,,,final act,2004
2380,,,,,,hot java,2004
2381,,,,,,the breaks,2004
2382,,,,,,beat boxing grand master sock,2004
2383,,,,,,brando from the neck down,2004
2384,7.8,Andrew Davis,"['Jeb Stuart', 'David Twohy', 'Roy Huggins']",-,-,beaster,2004
2385,,,,,,the haircutter's cut,2004
2386,,,,,,hillbilly doomsday,2004
2387,,,,,,life after,2004
2388,,,,,,dwunk,2004
2389,,,,,,last men on earth,2004
2390,8.1,Stuart Rosenberg,"['Donn Pearce', 'Frank Pierson', 'Hal Dresner']",-,-,the corner office,2004
2391,,,,,,groomed,2004
2392,,,,,,the cause,2004
2393,,,,,,maestro,2004
2394,,,,,,clever boy's playhouse,2004
2395,,,,,,dead broke,2004
2396,,,,,,le man-poodle et mop hour de comedy,2004
2397,,,,,,first kiss,2004
2398,,,,,,nick wilson's gamers,2004
2399,,,,,,"selfless, cold and composed",2004
2400,,,,,,scrambled eggs,2004
2401,,,,,,when katie met meg,2004
2402,,,,,,otro ladrillo en la pared,2004
2403,,,,,,space,2004
2404,,,,,,"toi, vieux",2004
2405,,,,,,the scratch,2004
2406,,,,,,the speeding ticket,2004
2407,,,,,,two of a kind,2004
2408,,,,,,our time is up,2004
2409,,,,,,the way it was meant to be seen,2004
2410,,,,,,northern soul,2004
2411,,,,,,killing kevin,2004
2412,,,,,,loveholstery,2004
2413,,,,,,soul mates,2004
2414,,,,,,sunday morning,2004
2415,,,,,,roach,2004
2416,,,,,,perkele,2004
2417,,,,,,philosophy in the water closet,2004
2418,,,,,,declaring genius,2004
2419,,,,,,the war against terror: the musical,2004
2420,,,,,,the wedge,2004
2421,,,,,,la tartine,2004
2422,,,,,,sak 600,2004
2423,,,,,,pax importi modellus: the rise of the import model,2004
2424,,,,,,a different man,2004
2425,,,,,,1+1=zombie!!!,2004
2426,,,,,,jimmy's house of hugs,2004
2427,,,,,,the reapers,2004
2428,,,,,,the secret life of clowns,2004
2429,,,,,,wenn zwei sich streiten,2004
2430,,,,,,the 'bathroom' agreement,2004
2431,,,,,,andrew's alteration,2004
2432,,,,,,ice cream dangers,2004
2433,,,,,,mean jadine,2004
2434,,,,,,anniversus,2004
2435,,,,,,lifelines,2004
2436,,,,,,don't. don't break up with megan,2004
2437,,,,,,the plight of clownana,2004
2438,,,,,,daryn,2004
2439,,,,,,the squeeze,2004
2440,,,,,,five miles high,2004
2441,8.0,Rob Reiner,William Goldman,-,-,arnold frenzy is flea bitten,2004
2442,,,,,,randy and the magic lamp,2004
2443,,,,,,el anillo,2004
2444,,,,,,what are the odds,2004
2445,,,,,,jack the snipper,2004
2446,,,,,,"gotham, il",2004
2447,,,,,,wear something nice,2004
2448,,,,,,have i passed?,2004
2449,8.7,"['Lana Wachowski', 'Lilly Wachowski']","['Lilly Wachowski', 'Lana Wachowski']",-,-,the server,2004
2450,,,,,,skin trade,2004
2451,,,,,,seafood heaven,2004
2452,,,,,,belly button,2004
2453,,,,,,nauru: land of smiles and sunshine,2004
2454,,,,,,gammy,2004
2455,,,,,,de kuleshov a berlanga,2004
2456,,,,,,david & dee,2004
2457,,,,,,guard dog,2004
2458,,,,,,oxygen,2004
2459,,,,,,the queen of spades,2004
2460,,,,,,ten,2004
2461,,,,,,product placement,2004
2462,,,,,,lift,2004
2463,,,,,,lincoln vs bush,2004
2464,,,,,,picture this!,2004
2465,,,,,,la mirada,2004
2466,,,,,,cowboys na antónio maria cardoso,2004
2467,,,,,,the venus project,2004
2468,,,,,,"cheer up, sleepy jean",2004
2469,,,,,,commentary: on,2004
2470,,,,,,"say it again, sam",2004
2471,,,,,,signe d'appartenance,2004
2472,,,,,,portrait,2004
2473,,,,,,the elephant's egg,2004
2474,,,,,,la guerra que no fue,2004
2475,,,,,,the switch,2004
2476,,,,,,immersion,2004
2477,,,,,,fluent dysphasia,2004
2478,,,,,,sparks,2004
2479,,,,,,detention,2004
2480,,,,,,in god we fuck,2004
2481,,,,,,hate or date,2004
2482,,,,,,three blind mice,2004
2483,,,,,,anekdote zur senkung der arbeitsmoral,2004
2484,,,,,,captain democracy,2004
2485,,,,,,the specs,2004
2486,,,,,,tooth fairy,2004
2487,,,,,,swan dive,2004
2488,,,,,,soul boy,2004
2489,,,,,,careful what you wish for,2004
2490,,,,,,no one ever suspects the chinese guy,2004
2491,,,,,,night of the hungry dead,2004
2492,,,,,,the sore,2004
2493,,,,,,you get five minutes,2004
2494,,,,,,go active!,2004
2495,,,,,,på toppen,2004
2496,,,,,,"algún día, algún día",2004
2497,,,,,,ezequiel el volador,2004
2498,,,,,,tae-chi-do,2004
2499,8.1,"['Victor Fleming', 'King Vidor']","['Noel Langley', 'Florence Ryerson', 'Edgar Allan Woolf']",-,-,just plump,2004
