,titulo,anio,puntuacion_rotten
0,Cotillion '65,2005,
1,Rob of the Rovers,2005,
2,Career Day,2005,
3,V.O.,2005,
4,Sweetnightgoodheart,2005,
5,London Calling,2005,
6,Candor City Hospital,2005,
7,Up,2005,98
8,Hubby/Wifey,2005,
9,I Hate You,2005,
10,Round About Five,2005,-
11,Lily,2005,100
12,Winner Takes All,2005,
13,The Boss,2005,22
14,Blake's Junction 7,2005,
15,Bare Holger,2005,
16,Courage & Stupidity,2005,82
17,Broadcast 23,2005,
18,The Welcome Committee,2005,
19,West Bank Story,2005,89
20,Cry for Help,2005,
21,À l'état d'e(m)bauche,2005,
22,The Meaning of Life,2005,
23,Sex and Coffee,2005,
24,Awkward,2005,
25,Mary,2005,59
26,Play Ball,2005,
27,Big Fat Greek Fag,2005,
28,Beyrouth après-rasage,2005,
29,Office Court,2005,
30,Für gutes Betragen,2005,
31,Everything's Gone Green,2005,68
32,"Duck, Duck, Goose!",2005,
33,Neighbors,2005,73
34,Color of a Doubt: An Urban Fable,2005,
35,Dernier cri,2005,
36,Y tu toaster también,2005,
37,The Ticket,2005,51
38,Jew Tales,2005,
39,The Big Nothing,2005,
40,Stille Wasser,2005,
41,The Raftman's Razor,2005,-
42,On Paper,2005,33
43,Dinner Time,2005,
44,Mammoth,2005,45
45,Princes(s),2005,
46,Les couilles de mon chat,2005,
47,America's Biggest Dick,2005,
48,Lucky,2005,83
49,Two Night Stand,2005,38
50,The Chick Magnet,2005,
51,Life's a Drag,2005,
52,O Retrato do Artista,2005,
53,Coastal,2005,
54,Cerebral Print: End Game,2005,
55,Double-O-Zero,2005,
56,First Date,2005,53
57,Candy Paint,2005,
58,"Timene som har gått, deler jeg med deg",2005,
59,Lame,2005,
60,The Evolution of Face TV!,2005,
61,The Passion of the Couch,2005,
62,Lust and Other Canker Sores,2005,
63,Spandex: A Father's Tale,2005,
64,The Big Empty,2005,67
65,Down Dog,2005,0
66,The Swap,2005,42
67,Chinese Menu,2005,
68,Ash Wednesday,2005,25
69,Excitine Complex,2005,
70,The Upsell,2005,
71,It's a Pleasure,2005,25
72,Sith Apprentice,2005,
73,Inter-Galactic SuperBeings in: Being Super,2005,
74,"Ken Sipillary: Faith, Hope & Love",2005,
75,Viola fondente,2005,
76,Wilfried Neuss - Eine Sinfonie in fünf Sätzen,2005,
77,Thirst,2005,21
78,Such Great Joy,2005,
79,Neck Deep,2005,
80,Prayers from Pelham,2005,
81,Dating,2005,
82,My Feral Lady,2005,
83,Luckey Quarter,2005,
84,Fight Night,2005,
85,Havanna,2005,
86,Ping Pong Love,2005,
87,Nooner,2005,
88,Big Apple Martini,2005,
89,Promtroversy,2005,
90,You Can't See Me When I Hide,2005,
91,Big Bucket Head's: The Warehouse,2005,
92,Can I Get a Pickle?,2005,
93,The Djarn Djarns,2005,
94,Cash Daddy,2005,
95,Charlatan,2005,89
96,The Butcher and the Housewife,2005,
97,Mentos,2005,
98,Lucky Shoes,2005,
99,Light Coming Out of Ear!!!,2005,
100,Cult Life,2005,
101,The Line Starts Here,2005,
102,Climax,2005,69
103,Sitzriesen an Stehimbissen,2005,
104,Audition Interrupted,2005,
105,Patiente 69,2005,
106,Second Term,2005,
107,Tales of the Shit Eater: Beginnings,2005,
108,Seventh Dog,2005,
109,Dog Eat Dog,2005,51
110,Cheap as Hell: A Christmas Story,2005,-
111,The Passion of the Nerds,2005,
112,The Yawn Jar,2005,
113,Who Makes Movies?,2005,
114,Nick and Stacey,2005,
115,Passing Shot,2005,
116,The Librarian Dialogues,2005,
117,Saturdates,2005,
118,Badgered,2005,56
119,Majorité,2005,
120,Choca Cola,2005,
121,Behind the Curtain,2005,
122,Who's the Top?,2005,
123,Little Black Caddy,2005,
124,Deliverance: By the Slice,2005,
125,Dinner at Marvin's,2005,
126,DaveBob and the Carrot of God,2005,
127,Decaf,2005,
128,Darcy's Off-White Wedding,2005,
129,Dentally Does It,2005,
130,Automated Assets,2005,
131,American Dad: The New CIA,2005,
132,Repossessing Kaufman,2005,
133,Bagelized,2005,
134,Art's Point of View,2005,
135,Milk,2005,93
136,Test Day,2005,
137,Call Center,2005,
138,Mozartbrot,2005,
139,The Pigskin,2005,
140,Acting Class,2005,
141,Illegal Aliens Attack!,2005,
142,For Love of the Film,2005,
143,The Inedible Bulk,2005,
144,Flowers of the Madman,2005,
145,The Adventures of Big Handsome Guy and His Little Friend,2005,
146,Cart Attack,2005,
147,Jerry V. Death,2005,
148,Moviemania,2005,
149,Escorched,2005,
150,Induction,2005,
151,A Mario,2005,
152,The Europa Society,2005,
153,Easy Fryer,2005,
154,Rupert Galloway,2005,
155,Cortèges,2005,
156,The Invisible Dog,2005,
157,The Mirakle,2005,
158,Cheap Seats,2005,
159,A Square to Spare,2005,
160,Limb-O Extreme,2005,
161,...It Pours,2005,
162,Never Rob a Bank with Someone You Love!,2005,
163,Spaghetti & Matzo Balls,2005,
164,The Check Up,2005,
165,Loretta,2005,
166,"Manolito Espinberg, une vie de cinéma",2005,
167,"Dreytalk - Drei Gäste, keine Getränke",2005,
168,Life's a Bitch,2005,
169,Hooray for Everything,2005,
170,"Sometimes, Seriously, Never",2005,
171,Shellfishing,2005,
172,Survival of the Fittest,2005,
173,Helium,2005,69
174,Confessions of a Late Bloomer,2005,
175,Palika leviszi a szemetet,2005,
176,Frankly,2005,
177,Jackpot,2005,
178,Picket Guy,2005,
179,Sigmund Freud: Professional Psychoanalyst,2005,
180,The Day of the Grackle,2005,
181,Intervention: The Comedy,2005,
182,Breakfast at Barbie's,2005,
183,Needle Anus: A Comedy,2005,
184,Service for Four,2005,
185,Ugly on the Inside,2005,
186,To Kill a Mole,2005,
187,Jepardee!,2005,
188,The Brink,2005,84
189,Strum,2005,
190,Eccoci qua,2005,
191,Dubois,2005,
192,Bonbon au poivre,2005,
193,Nothing Special,2005,50
194,Forced Entry,2005,21
195,Teddy COPS,2005,
196,Retrato da Velha Enquanto Senhora,2005,
197,Éramos pocos,2005,75
198,Le bon coup,2005,
199,Queen of Beasts,2005,
200,But What About the Revolutionary George Pocket?,2005,
201,Town Planner,2005,
202,Rib Shack,2005,
203,The Medium Is the Message,2005,
204,Propriété commune,2005,
205,Tengo el poder,2005,
206,The Connection,2005,77
207,Desperate Hippies,2005,
208,The Street Sweeper,2005,
209,Le Petomane: Parti avec le vent,2005,
210,Street Therapy,2005,
211,Cleaning Up Matters,2005,
212,Little Victim,2005,
213,Something Else,2005,
214,Guys,2005,
215,The Heterosexual Menace,2005,
216,976-Lars,2005,
217,Life After Leukemia,2005,
218,Ilyuzii,2005,
219,A Wing and a Prayer,2005,100
220,Phonophobia,2005,
221,Test,2005,82
222,Última vontade,2005,
223,Live at Five,2005,
224,Speeder,2005,
225,In a Pickle,2005,
226,Tiny Toys,2005,
227,Pedalfoot,2005,
228,Big Dog,2005,
229,"Snow Day, Bloody Snow Day",2005,
230,Blind Date,2005,24
231,"I'm Sorry, Mr. Reeves",2005,
232,The Fairy Tale,2005,
233,The Big Break,2005,
234,Play Date,2005,
235,Circus of Infinity,2005,
236,WFUX: A Sketch Comedy Revolution,2005,
237,Pinkerton,2005,
238,Raw: Undergrad Classics,2005,
239,Knokke Boulevard,2005,
240,George's Date,2005,
241,Donnie & Clyde,2005,
242,El examinador,2005,
243,Full Circle,2005,100
244,A Temp for All Seasons,2005,
245,La explicación,2005,
246,The Yearbook,2005,
247,Recruiting,2005,
248,Feltch Sanders,2005,
249,All About Tada,2005,
250,Science!,2005,-
251,Mormor's Visit,2005,
252,Lecture in Unity,2005,
253,Chinese Beauty,2005,
254,Latch Key,2005,
255,Facility for the Common Man,2005,
256,Getting Laid Tonight,2005,
257,Cold Feet,2005,82
258,My Short Film,2005,
259,Nachtaktiv,2005,
260,Lezione di stile,2005,
261,Baby Time Share,2005,
262,Jackpot,2005,
263,Beyond Lovely,2005,
264,Duck Hunted,2005,
265,Reject This Film,2005,
266,Bomb,2005,
267,Interview with a Zombie,2005,
268,Bendita caridad,2005,
269,Floyd the Butcher,2005,
270,Alienation,2005,
271,Ninja vs. Cerebral Print,2005,
272,I Rob Banks for the Money,2005,
273,Cavemen with Coffee,2005,
274,Disneyland: The First 50 Magical Years,2005,
275,Just Do It,2005,
276,Day Shift,2005,56
277,Some Real Fangs,2005,
278,Uneven,2005,
279,The Smartest Person Who Ever Lived,2005,
280,Taco Chick and Salsa Girl,2005,
281,Mommy Dick,2005,
282,Wingtips,2005,
283,My Name Is...,2005,
284,A Day in the Life of a Bathroom Key,2005,
285,How to Deal (with a Wedgie),2005,
286,Muscle,2005,100
287,The Unchosen Ones,2005,
288,Baby Boom,2005,67
289,Pria,2005,
290,Sick Day,2006,
291,Tug of War,2006,
292,Succubus,2006,53
293,Call It Fiction,2006,
294,A Killing on the Riviera,2006,
295,Valentine's Day,2006,18
296,Gone to the Dogs,2006,
297,Zombie Prom,2006,60
298,Tidbits of Joy,2006,
299,American Storage,2006,
300,Ha Ha Ha America,2006,
301,DVD,2006,
302,Momma's Boy,2006,
303,The Pity Card,2006,
304,Der die Tollkirsche ausgräbt,2006,
305,Chicken Man,2006,
306,The Last Place You Look,2006,
307,What'll It Be?,2006,
308,What Are the Odds?,2006,-
309,A Deeper Shade of Soul,2006,
310,Song for Robbie Miller,2006,
311,Tolerance,2006,
312,Loved and/or Laid,2006,
313,Concerned Lady for America,2006,
314,Goose Sock Blender Wok,2006,
315,Hitzschlag,2006,
316,Strange Tastes,2006,
317,Hooked,2006,64
318,Wigald,2006,
319,The Return of Laura Peters,2006,
320,The Mathmagicians,2006,
321,Space Chase,2006,
322,K-7,2006,
323,The Pretty Boy Project,2006,
324,Des gens dans mon lit,2006,
325,Jamaica Me Crazy,2006,
326,The One O'Clock,2006,
327,Me or You,2006,
328,Tomoko's Kitchen,2006,
329,Moosecock,2006,
330,Common Wealth,2006,85
331,Mondmann,2006,
332,Racing Beats,2006,
333,Tocata y fuga,2006,
334,Convincing Benny,2006,
335,Miles from Home,2006,100
336,Always Ready,2006,
337,A Cut Above,2006,71
338,Totally Real TV,2006,
339,Ronny & Cindy,2006,
340,All That Remains,2006,
341,Well Sooted,2006,
342,Kopfsache,2006,
343,Lilli rennt,2006,
344,That Guy,2006,
345,The Pitch,2006,-
346,The Milky Way,2006,95
347,Purple Bins,2006,
348,MaxiDoodles: Behind the Makeup,2006,
349,Hold Please,2006,
350,High Maintenance,2006,98
351,Poison d'avril,2006,
352,First Flight,2006,58
353,Curt's Brain,2006,
354,The DiCaprio Code,2006,
355,Harmony in the Hills,2006,
356,Cold Feet,2006,-
357,"Bad Luck, Good Luck!",2006,
358,March,2006,
359,Never a Day Younger,2006,
360,Polterabend,2006,
361,Kaloyan & Sonya,2006,
362,Plastic,2006,14
363,Tomorrow's Yesterday,2006,
364,The Last Woman on Earth,2006,15
365,Prequel Apology Syndrome,2006,
366,The Take,2006,85
367,Nintendo: Oldschool Revolution,2006,
368,Longtime Listener,2006,
369,The Awesome Robots vs Transformo,2006,
370,Cutout,2006,
371,Fwiends.com,2006,
372,A Cold Day for Johnson,2006,
373,Bad Dream,2006,
374,Corduroy,2006,
375,Oh! Ma femme,2006,
376,Çelik çomak,2006,
377,Wanna Be,2006,
378,No Menus Please,2006,
379,Sexteens,2006,
380,Eternamente te veo,2006,
381,"Doug, Mitch, and the Ironclad Argument",2006,
382,The Intervention of Brad,2006,
383,Le comité de la claque,2006,
384,The Filchaks Take a Gamble,2006,
385,Available Men,2006,
386,The Bracelet,2006,
387,Wedlock,2006,36
388,Kite Circuit,2006,
389,Ole rennt,2006,
390,The McPassion,2006,
391,Guest Check,2006,
392,Gentle Lovers,2006,
393,Purse Snatcher,2006,
394,Christopher Brennan Saves the World,2006,
395,Summer,2006,78
396,Checkout,2006,
397,Chlüppli,2006,
398,Blink,2006,64
399,"If You See Something, Say Something",2006,
400,Full Count,2006,
401,Captain Valedor,2006,
402,An Teanga Runda,2006,
403,New Boobs,2006,
404,Self Improvement,2006,
405,Wrong Turns,2006,
406,Versuchung,2006,
407,The Break,2006,
408,Pleasure Marriage,2006,
409,Chris & Reed in: Strangers!,2006,
410,My Imaginary Friend Lars Stevens,2006,
411,Near Mrs.,2006,
412,The Burger Joint,2006,
413,Go Faux,2006,
414,El doctor,2006,
415,The Partner,2006,-
416,The Saddest Boy in the World,2006,
417,Mr. Tempest Is Here,2006,
418,Cerramos a las dos,2006,
419,Dunny,2006,
420,A&E (Accident & Eternity),2006,
421,Toast,2006,63
422,Auteur,2006,
423,Billy Schulz,2006,
424,Con lengua,2006,
425,Homecooked,2006,
426,Bitch,2006,67
427,"But Seriously, Folks",2006,-
428,Showering with Spielberg,2006,
429,El regalo,2006,
430,The Flyer,2006,
431,Memories of a Sick Mind,2006,
432,Holy Water,2006,7
433,Nevel Is the Devil,2006,
434,Mop That!,2006,
435,No I in Security,2006,
436,Unfinished,2006,
437,Serum 114,2006,
438,A Day at the Office,2006,
439,The Shabbos Bigfoot,2006,
440,Frisky Business,2006,
441,Campaign Manager,2006,
442,The Intern,2006,59
443,Tierra de gringos,2006,
444,Mr. Malikai Battles the Aeroplane,2006,
445,All I Want for Christmas,2006,-
446,The Director's Cut,2006,
447,Manstray,2006,
448,Le dîner,2006,
449,Mi tío Paco,2006,
450,The Making of: GRITS,2006,
451,Drama Queen,2006,
452,Le jour du festin,2006,
453,Pitch,2006,41
454,La leche y el agua,2006,
455,High Fire Danger!,2006,
456,Take Four,2006,
457,The Chip,2006,
458,A Fairy Tale,2006,
459,The Retreat,2006,74
460,Single Black Female,2006,9
461,Difuntos recientes,2006,
462,Magic Julius,2006,
463,Long John,2006,
464,The Great Dicktator,2006,
465,Night & Day Losers,2006,
466,Tanghi argentini,2006,69
467,WFCT: The Thinking Man's Show for the Idiot,2006,
468,Julia's Pit,2006,
469,Secret Agent,2006,87
470,Yelophant,2006,
471,Smash,2006,68
472,Santa Baby,2006,42
473,The Bag,2006,
474,Safety First,2006,
475,Walter King,2006,
476,Overthrow the Totems,2006,
477,The Path of Most Resistance,2006,
478,The Cow Thief,2006,
479,The Plight of a Cheerleader,2006,
480,Table for One,2006,
481,How Many Doctors Does It Take to Change a Lightbulb?,2006,
482,Chloe,2006,51
483,...But a Giant Leap for Mr. Larkin,2006,
484,Forked,2006,
485,Kwiz,2006,
486,Ponkutsu Park,2006,
487,Carded,2006,
488,Tornado,2006,
489,M.O.G.,2006,
490,Fred,2006,
491,"Global, Inc.",2006,
492,Truth Be Told,2006,15
493,Gettin' Some Jail Time,2006,
494,Hubris,2006,
495,Damn Shame,2006,
496,Dirty Dewey Decimal,2006,
497,Bored of Education,2006,-
498,Le Chase,2006,
499,Laid Off,2006,
500,The Reel Monkey,2006,
501,Initiation,2006,59
502,Meeting in Cars,2006,
503,The Concoction,2006,
504,Sylvia's Baklava,2006,
505,When the Music Stops,2006,
506,Day of the Cabbage,2006,
507,Divided by Zero,2006,
508,Une histoire de pieds,2006,
509,Barbara Broadcast,2006,
510,The Legend of Farmer Jenkins,2006,
511,Pigeon,2006,
512,Is It Just Me...,2006,
513,Euthanasia,2006,
514,Holidays with Heather,2006,
515,(Untitled),2006,
516,11:11,2006,-
517,Breakdown,2006,83
518,Spare Parts,2006,56
519,Rufus in Bouncin' Buddy,2006,
520,Pro-Choice,2006,
521,Barking Up the Wrong Tree,2006,
522,Auteur,2006,
523,The Fish,2006,
524,Daingerfield,2006,
525,Checking In,2006,-
526,Being Steven Spielberg,2006,
527,My Crazy Life,2006,
528,Trevor's in Heaven,2006,
529,Crossed Lines,2006,-
530,Face to Face,2006,80
531,Happy Valentine's Day,2006,
532,4 Dollars,2006,
533,A Brief Case,2006,
534,Magnetic Poles,2006,
535,Hustler WP,2006,
536,Beaumont Bixby: My Life in the Silent Pictures,2006,
537,Other Tongue,2006,
538,Super Powers,2006,
539,Wunderkind,2006,
540,Death Doesn't Live Here Anymore,2006,
541,La course nue,2006,
542,Vajaa keikka,2006,
543,The Albino Code,2006,
544,Carnivore Reflux,2006,
545,Merry Christmas... I Got You Herpes,2006,
546,Edit>Love,2006,
547,The Problem with Percival,2006,
548,Vampire Oclero,2006,
549,I'm a Big Brother,2006,
550,Bright Sunny South,2006,
551,Small Talk at the Bathhouse,2006,
552,Two Play,2006,
553,Making the Cut,2006,
554,The Method,2006,
555,Take It to the Fridge,2006,
556,Hy-phen,2006,
557,Windowbreaker,2006,
558,What's for Dinner?,2006,
559,Collé dans le baquet,2006,
560,Rufus,2006,33
561,Why?,2006,
562,Just Another Box,2006,
563,Waiting for Lotto,2006,
564,Le Mozart des pickpockets,2006,
565,All the French Are Whores,2006,
566,Dongerize!,2006,
567,Fool's Gold,2006,11
568,Charmed Robbery,2006,
569,Only One of These Things Is True,2006,
570,Colourbars,2006,
571,Dead Ronnie,2006,
572,Gelatin Smile,2006,
573,Harmony Heights,2006,
574,Veronica V.,2006,
575,Remission Impossible,2006,
576,Crazy 8,2006,
577,"Surreal, Wild and Lovely",2006,
578,Overblown,2006,
579,Putz,2006,
580,Die Sandra Situation,2007,
581,De kaldte os frisører,2007,
582,Room Service,2007,64
583,30,2007,
584,Decak koji je bio suvise nevin,2007,
585,Gone,2007,54
586,Una y otra vez,2007,
587,Poker Nights,2007,
588,Rundweltmädchen gesucht!,2007,
589,Fortune Hunters,2007,15
590,Bakom Snart är det lördag igen,2007,
591,World of Wrestling,2007,
592,The Singer Downstairs,2007,
593,Az alma,2007,
594,Juliana and the Medicine Fish,2007,-
595,Berusningsstudie 2:3,2007,
596,Alls Well That Ends Well,2007,
597,Raspberry Ripple,2007,
598,Dance to the Offbeat,2007,
599,Coole Nummer,2007,
600,Death to the Tinman,2007,
601,Hard to Swallow,2007,
602,Il supplente,2007,
603,Interview,2007,58
604,PBI: Paranormal Bureau of Investigation,2007,
605,Doppelzimmer,2007,
606,Ceci est un homme,2007,
607,Marita: En sommerfuggel i vinterland,2007,
608,Final Victory,2007,
609,"Lonely Hearts, Inc.",2007,
610,"God, Inc.",2007,
611,Herbstturnier,2007,
612,Kleine Annabelle,2007,
613,The Pre Nup,2007,
614,Sucker for Shelley,2007,
615,Marksman,2007,
616,Mr. Extion,2007,
617,Curriculum,2007,
618,Lowell Gleason Wears Glasses,2007,
619,Fiduciary,2007,
620,Business Johnson,2007,
621,The Nutz,2007,
622,My Wife Is Retarded,2007,
623,Quincy & Althea,2007,
624,Fluen,2007,
625,One Day Like Another,2007,
626,Boundaries,2007,49
627,Rushers,2007,
628,Prada Handbag,2007,
629,Segundo aniversario,2007,
630,Supermodels,2007,
631,Happy Deathday,2007,
632,No se vaya,2007,
633,Santa Closed,2007,
634,My Own Private Belly Dancer,2007,
635,L.H.O.,2007,
636,Et alors,2007,
637,Loaded,2007,17
638,Watch & Learn,2007,
639,The Blacksmith and the Carpenter,2007,
640,La même nuit,2007,
641,My Bloody Valentine,2007,62
642,Queerspiracy!,2007,
643,Niort-Aubagne,2007,
644,The Fifth,2007,
645,A Couple of White Chicks at the Hairdresser,2007,-
646,Marilyn Reloaded,2007,
647,Décroche,2007,
648,Maid for TV,2007,
649,Once Upon a Christmas Village,2007,
650,Food Boy,2007,
651,Awake and Ovulate,2007,
652,She Wore a Yellow Scrunchy,2007,
653,To See a Man About a Horse,2007,
654,Asking Jenny,2007,
655,Out of Focus,2007,
656,Do Not Bend,2007,
657,I Am Nick Robinson,2007,
658,The Faithful,2007,
659,Martin Did It,2007,
660,Love Hurts,2007,29
661,A Fitting Tribute,2007,
662,Dirt Devil,2007,
663,Catharsis,2007,
664,Valériane va en ville,2007,
665,Supermarket Sam,2007,
666,The Morning After,2007,63
667,Tom's War on Terror,2007,
668,Handle with Care,2007,
669,The Incredible Dyke,2007,
670,Dartsville,2007,
671,Chickenfüt,2007,
672,"Magnus, Inc.",2007,
673,The Trouble with Jumpsuits,2007,
674,Face Value,2007,-
675,Grammy's,2007,
676,The Job,2007,
677,The Shower,2007,
678,Collectibles,2007,
679,Road Rage,2007,
680,Cuisine américaine,2007,
681,No Town,2007,
682,Over the Wall,2007,
683,Never Bet the Devil Your Head,2007,
684,Four Boys and a Game of Risk,2007,
685,Small Potatoes,2007,
686,Meter Maids,2007,
687,Hva skjer 'a Jonatan,2007,
688,Audition,2007,80
689,Mere Oblivion,2007,
690,The Definition of Sex,2007,
691,Dårlig kjemi,2007,
692,Brian vs. the Cat,2007,
693,Fetch,2007,
694,Over Coffee,2007,
695,Two Doors,2007,
696,Training Days,2007,
697,Snake Piss Poison,2007,
698,Rotten Apple,2007,
699,Pig Latin,2007,
700,Cabbie,2007,
701,Guido Superstar,2007,
702,Implanted,2007,63
703,A Ball's Tale,2007,
704,In the Game,2007,
705,Alive and Well,2007,
706,For No One,2007,
707,Just Desserts,2007,48
708,Archer House,2007,
709,$quid,2007,
710,Opportunity Knocks,2007,11
711,John Philip Sousa Gets a Haircut,2007,
712,CrunchTime,2007,
713,Turtle,2007,
714,Chances,2007,
715,Relocation,2007,
716,Script Cops,2007,
717,Mr. Bubbs,2007,
718,Notes from a Sealed Room,2007,
719,"Untitled Film, No. 9",2007,
720,Inukami! The movie: Tokumei reiteki sôsakan Karina Shirô!,2007,
721,Snips & Snails,2007,
722,The Chase,2007,80
723,A Guy Named Murphy,2007,
724,D.T.A.,2007,
725,Origami Deathmatch,2007,
726,Inside Charlie,2007,
727,Tales from a High Hat,2007,
728,"A Moron, a Loser, and a Coffee Shop",2007,
729,Real Estate Super Man,2007,
730,I Hate Musicals,2007,
731,"Look Alive, Mr. Kline",2007,
732,120,2007,
733,Last Drinks,2007,
734,Validation,2007,
735,Hit or Miss,2007,
736,Autographs for French Fries,2007,
737,Me and My Ghost,2007,
738,The Box,2007,43
739,She's Not Dead,2007,
740,That's Good Luck,2007,
741,The Outskirts,2007,56
742,Day 73 with Sarah,2007,
743,Time Bike,2007,
744,El conquistador,2007,
745,Propellerheads,2007,
746,Signage,2007,
747,Unknown Combo,2007,
748,Off to Iraq,2007,
749,One Up,2007,
750,Pepita Chan,2007,
751,The Honeymoon Is Over,2007,
752,We're So Screwed,2007,
753,Joannie Learns to Cook,2007,
754,Blind Luck,2007,
755,The Pipe,2007,83
756,Patrick in Progress,2007,
757,Dale Crawford: Musician/Detective,2007,
758,Blind Man's Bluff,2007,73
759,The Great Pretenders,2007,
760,Isabelle and Stuart,2007,
761,Numero Dos,2007,
762,Bicentennial Curious,2007,
763,Soap,2007,55
764,The Sunday Man,2007,
765,Truth or Dare,2007,0
766,Inte alla hästar i stallet,2007,
767,The Planning Lady,2007,
768,The Safety of Others,2007,
769,Abuela notición,2007,
770,Push and Turn,2007,
771,Åäö,2007,
772,The Grind,2007,24
773,The Last Zombie,2007,
774,Color Me Olsen,2007,
775,The Souvenir,2007,89
776,Elonkorjuu,2007,
777,Murder for 9 Points,2007,
778,Soup,2007,
779,My Lunch with Larry,2007,
780,Splitting Hairs,2007,
781,Brainfart,2007,
782,Partially True Tales of High Adventure!,2007,-
783,Señas particulares,2007,
784,Waldmeister,2007,
785,31 Degrees,2007,
786,Maestro Percival,2007,
787,Check Please,2007,
788,Under There,2007,
789,An Excellent Choice,2007,
790,El ride,2007,
791,Piggies,2007,52
792,Electrical Skeletal,2007,
793,Lai see,2007,
794,Öszödik pecsét,2007,
795,The Clinic,2007,26
796,The Parting Gift,2007,
797,Wilbur,2007,
798,"The G! True Tinseltown Tale: Dude, Where's My Car?",2007,
799,The Changing Man,2007,
800,Out of Water,2007,
801,Wondrous Woman,2007,
802,Real Men,2007,60
803,Recrue d'essence,2007,
804,On the Lot,2007,
805,Erste Gäste,2007,
806,Crazy Love,2007,79
807,Orbiting,2007,
808,Jesus People,2007,63
809,Wo die Liebe hinfällt,2007,
810,Bueno,2007,
811,Decker,2007,
812,L'enfileuse de couette,2007,
813,Premature Upgrade,2007,
814,4 Minute Matisse,2007,
815,Undead Ted,2007,
816,Bag,2007,
817,You're Late,2007,
818,Salle 361,2007,
819,The Celery Stalker,2007,
820,Cast vs. Crew,2007,
821,The Fixer,2007,56
822,Vorspiel auf dem Theater,2007,
823,The C.O.R.P.S,2007,
824,On Guard: Episode 1,2007,
825,The Family Trees,2007,
826,Lonely Hearts,2007,48
827,Naughty or Nice,2007,35
828,Delicious Tropical Party,2007,
829,Personality Crisis,2007,
830,Zombie Love,2007,
831,Women & Menu,2007,
832,Donuts,2007,
833,Beef,2007,98
834,Reality Check,2007,17
835,Saving Sam,2007,
836,Kali Ma,2007,
837,Harvey Daggit and the Devil's Olives,2007,
838,Lines,2007,
839,A Halloween Tale,2007,
840,Hartz IV mit Folgen,2007,
841,Tina Bobina,2007,
842,Mimsy,2007,
843,The Last Long Goodbye,2007,
844,Crossroadz,2007,
845,Hungarian Salami,2007,
846,The Gift,2007,58
847,Teeth,2007,80
848,Curiosity,2007,
849,"Where's My Close-up, Mr. Thornton?",2007,
850,Kunnanjohtaja,2007,
851,Soft,2007,
852,Getting to Know V,2007,
853,White Pants,2007,
854,The Anatomy of a Frog,2007,
855,Cash Cow,2007,
856,The Strange Case of Marie France,2007,
857,Die John Powers Variante,2007,
858,Waiting,2007,30
859,Intricate,2007,
860,For the Love of God,2007,
861,What's Your Problem?,2007,
862,Totally Connected,2007,
863,Ode to Fredo,2007,
864,Humanos con patatas,2007,
865,"Life, Death, Afterlife, Etc.",2007,
866,Oy Vey!,2007,
867,The Undate,2007,
868,High Expectations,2007,
869,First Period,2007,60
870,Alien Love Triangle,2008,
871,The Run,2008,100
872,The Frequency of Claire,2008,
873,Three-Fifty,2008,
874,The Sleepy and the Swiss,2008,
875,The Accident,2008,
876,"Belanova: One, Two, Three, GO!",2008,
877,Children of Industry,2008,
878,Moderatto: Lycantrhopy,2008,
879,I Am Comic,2008,66
880,Reves,2008,
881,El romance de Isacio Perales,2008,
882,The Fame Game,2008,
883,Ethan Hembley is missing,2008,
884,Estoy hasta el coño,2008,
885,Enología,2008,
886,Traición Entre Rejas,2008,
887,Que Veranito,2008,
888,El Casting,2008,
889,Peel the Label,2008,
890,Talia Tour,2008,
891,Edgar in love,2008,
892,Wreck the Halls,2008,
893,Abla Nara,2008,
894,Water Cooler Jedi,2008,
895,Turn Around,2008,77
896,Tourette's Restaurant,2008,
897,A Little Bit of Change,2008,
898,This End Up,2008,
899,The Skidmore Ping Pong Club,2008,
900,Tis the Season,2008,
901,Wallace en Gromit in 'Een zaak van leven of brood',2008,
902,Tyttöjen ilta,2008,
903,L'ufficio,2008,
904,"Sonic 1, 2, 3&K",2008,
905,Let's Play Super Mario Worldonate,2008,
906,Intermezzo,2008,100
907,Gdje pingvini lete,2008,
908,Every Sonic 2 Song Played AT THE SAME TIME HOLY FUCKING SHIT,2008,
909,Excuse Me,2008,
910,Fooska,2008,
911,Lazher,2008,
912,The J-Clones,2008,
913,Employee of the Dead,2008,
914,Dog Lovers,2008,
915,Sick Sex,2008,
916,Cool Guys,2008,
917,Una Buena Razón,2008,
918,Parental Guidance,2008,18
919,Woman in Burka,2008,-
920,Teat Beat of Sex,2008,
921,The Last Wash,2008,
922,TG Natale,2008,
923,Shabby Security,2008,
924,Nightwalking,2008,
925,Christmas Break,2008,-
926,Superhero Talent,2008,
927,The Auburn Hills Breakdown,2008,
928,Eine kleine Anekdote,2008,
929,Allt som inte syns,2008,
930,Ripple,2008,
931,George,2008,
932,Over da Rainbow,2008,
933,Looking Up Dresses,2008,
934,Scarlett Johnston's Tales to Amaze and Delight,2008,
935,The Real Action Heroes,2008,
936,All Bets Are Off,2008,
937,Syskonsommar,2008,
938,The Mother of All Nature,2008,
939,A Perfect Place,2008,
940,Lilet Aïd,2008,
941,Lägg M för mord,2008,
942,Indie,2008,
943,The Henry Convention,2008,
944,Armer schwarzer Kater,2008,
945,Expendable,2008,
946,The Only Girl,2008,
947,The Lutheran,2008,
948,You Better Watch Out,2008,
949,En la otra camilla,2008,
950,Untied Strangers,2008,
951,Krisis,2008,
952,Home Alone Parody,2008,
953,Lo Titauez,2008,
954,The Temerity of Zim,2008,
955,Mai Tai,2008,
956,Take 3,2008,
957,The Sleuth Incident,2008,
958,Tibbets' Trust,2008,
959,Kristy,2008,
960,Susurros,2008,
961,The Red Ace Cola Project,2008,
962,Axe Commercial Spoof,2008,
963,The Real Son,2008,
964,Miss Bertram's Awakening,2008,
965,She Pedals Fast (For a Girl),2008,
966,Ex Men,2008,
967,Spirit of Xena,2008,
968,Adam & Evelyn,2008,
969,The Unbearable Rightness of Diversity,2008,
970,Rough Day,2008,
971,Die Wildkatzen von St. Pauli,2008,
972,Romanced,2008,
973,House Rules,2008,
974,Una strana infedeltà,2008,
975,Charlie,2008,
976,The Arab,2008,
977,The Funeral Singer,2008,
978,Just One of the Gynos,2008,
979,Nosebleed,2008,
980,Don't Hate Me 'cos I'm Insane,2008,
981,Heavenscent,2008,
982,Exit Strategy,2008,22
983,The Babysitter,2008,71
984,The Goofy Thing,2008,
985,Crazy,2008,91
986,4 and a Half Terrorists,2008,
987,King County,2008,
988,Hope & Anchor,2008,
989,Júlio,2008,
990,Birthmark,2008,
991,La dinde marinée,2008,
992,The Query,2008,
993,The Golden Egg,2008,
994,Multiple Choice,2008,
995,For Love and Coffee,2008,
996,Scenes from Oblivion,2008,
997,Pound,2008,67
998,Inconvenience,2008,
999,The Last Days of Limbo,2008,
1000,Use As Directed,2008,
1001,Shot,2008,56
1002,Bill,2008,
1003,Nice Meal,2008,
1004,The Black Facade,2008,
1005,Mr. Gnobody,2008,
1006,Swedish Blueballs,2008,
1007,Made in Australia,2008,
1008,Elio,2008,
1009,Ascension,2008,98
1010,Hold On,2008,
1011,While You Were Away,2008,
1012,Homicide: Division B,2008,
1013,Driver's Ed,2008,
1014,A Helping Hand,2008,
1015,3 Wishes,2008,-
1016,Know the Customer,2008,
1017,Slow,2008,96
1018,I Think I Thought,2008,
1019,Best Cristmas Ever,2008,
1020,Sharp Cookies,2008,
1021,Teddytester,2008,
1022,Missing Pieces,2008,
1023,Frankie 13 vs. the World,2008,
1024,Chords,2008,
1025,Well-Founded Concerns,2008,
1026,Gotham Tennis: The Dark Knight Out,2008,
1027,The Paradigm Shift,2008,
1028,Black Inside: The Remington Wallace Burnett Story,2008,
1029,Tesla & the Bellboy,2008,
1030,Book of Wisdom,2008,
1031,The Phone Book,2008,
1032,First Period,2008,60
1033,Showdown of the Godz,2008,
1034,Stan Maynard's Best Day Ever,2008,
1035,Loon,2008,
1036,Boyfriend Latte,2008,
1037,Drinking with Freshmen,2008,
1038,Gotta Go,2008,
1039,First and Last,2008,
1040,Me and My Daddy,2008,
1041,Reunion,2008,42
1042,Cheeky Monkey,2008,
1043,Jim and Jung,2008,
1044,Dr. Chong: Plastic Surgeon,2008,
1045,Deliver X,2008,
1046,Size Matters,2008,-
1047,Tea and Physics,2008,
1048,The Faces of Funk,2008,
1049,Hooray for Holly Wood,2008,
1050,B.S.I,2008,
1051,Party in the House!!!,2008,
1052,Cross Words,2008,
1053,Duty Calls,2008,
1054,The Red Dress,2008,
1055,In My Head,2008,
1056,Tørt og kjølig,2008,
1057,The Audition,2008,-
1058,Letters,2008,
1059,I Heart Veronica Martin,2008,
1060,The HusBand,2008,83
1061,Learning How to Speak,2008,
1062,Limbo Lane,2008,
1063,The Necessary Assassination of George Lucas,2008,
1064,American Piety,2008,
1065,Dumping Darlene,2008,
1066,P.M.O.,2008,
1067,Open Your Eyes,2008,87
1068,Journey: A Journey to the Heart of the Journey,2008,
1069,Facebook: The Movie,2008,
1070,The Free Way,2008,
1071,Stabbing Abby,2008,
1072,The Ex-Convict's Guide to Surviving House Arrest,2008,
1073,A Ball and 2 Cents,2008,
1074,Sturgess Fillmore Presents... Atlanta!,2008,
1075,Gangster's Crib,2008,
1076,Behind the Terror: A Comedy,2008,
1077,Path,2008,14
1078,Tumbling After,2008,
1079,Sunday Afternoon,2008,
1080,Soccer Mom,2008,46
1081,Loose Ends,2008,
1082,A Real Doozy,2008,
1083,Regular Guy,2008,
1084,Benny: Escaped Convict,2008,
1085,Quality Time,2008,50
1086,Pic Six,2008,
1087,Spacemen Three,2008,
1088,And the Winner Is...,2008,
1089,The Great Wall of Texas,2008,
1090,Wiffle Ball,2008,
1091,A Death in Progress,2008,
1092,The Feud of Ernie & Barry,2008,
1093,Watch on the Rhine,2008,80
1094,Charlie Rose by Samuel Beckett,2008,
1095,El reloj,2008,
1096,The Sexes,2008,
1097,Daydreams,2008,81
1098,The Writers Room,2008,
1099,Fun with Lesley,2008,
1100,The Reel Thing,2008,
1101,Maybe...,2008,
1102,Cotton Cool,2008,
1103,Kindred,2008,61
1104,The Pizza King,2008,
1105,Krupni otpad,2008,
1106,Gunnar: A Student Burns Out,2008,
1107,Top of the First,2008,
1108,Kill the Day,2008,
1109,Eat,2008,
1110,No Football for Old Men,2008,
1111,Lubrique,2008,
1112,Oye Vay Sarah Palin,2008,
1113,The 7th Claus,2008,
1114,Dirty Magazines,2008,
1115,The Confession,2008,92
1116,On Second Thought,2008,
1117,La copie de Coralie,2008,
1118,The Great Movement,2008,100
1119,How My Dad Killed Dracula,2008,
1120,The Last Time I Saw You,2008,
1121,Feelings and Stuff,2008,
1122,It's a Rumic World: 50th Anniversary Weekly Shonen Sunday,2008,
1123,One-Day Seminar,2008,
1124,Fleece,2008,
1125,Couples,2008,
1126,Damn Bush,2008,
1127,One Two Punch,2008,
1128,Under an Influence,2008,
1129,Lo zio,2008,
1130,I Am Little,2008,
1131,I Kicked Luis Guzman in the Face,2008,
1132,Day Labor,2008,
1133,Coxwell & Gerrard,2008,
1134,My First Crush,2008,
1135,The Prince of Venice,2008,
1136,The Professional Interview,2008,
1137,Side Effects,2008,11
1138,Bella,2008,44
1139,Saint Nick,2008,
1140,The Note,2008,77
1141,Sugar.,2008,
1142,Presto,2008,92
1143,In the Event of a Zombie Attack,2008,
1144,The Vicious and the Delicious,2008,
1145,Sarah in the Dark,2008,
1146,Cute Couple,2008,
1147,An American Standard,2008,
1148,The Floor,2008,
1149,The Cheapest Man in the Room,2008,
1150,Veneer,2008,
1151,Uso and Sole,2008,
1152,"Vincent, le magnifique",2008,
1153,Once Sweded,2008,
1154,El empleo,2008,
1155,An Inconvenient Head,2008,
1156,Scalpel,2008,33
1157,Girls Will Be Girls: The Jizz Party,2008,
1158,Adam + Eve,2008,
1159,A Public Service Announcement,2008,
1160,I Miss Sonia Henie,2009,
1161,Chubby Killer,2009,
1162,Pink Eye,2009,
1163,Laundry,2009,
1164,"Sex, Lies, and Myspace",2009,
1165,Veux-Tu,2009,
1166,It's Christmas Time,2009,
1167,The Cry of the Sasquatch,2009,
1168,O Desaparecimento de Scott Baio,2009,
1169,Making It,2009,
1170,Devil My Cry,2009,
1171,Mabbi,2009,
1172,Cihangir'de Bi Ev,2009,
1173,Honibloom Dreams,2009,
1174,Provincial,2009,
1175,Pants on Fire,2009,45
1176,The Pretender,2009,50
1177,Me Siento Rara,2009,
1178,No Pienso Ir,2009,
1179,Three Men And A Woman,2009,
1180,Elevation,2009,
1181,The Flirt,2009,
1182,Keynote,2009,
1183,Dt.Narubleachballimon-oh,2009,
1184,Was geschah - Man weiß es nicht,2009,
1185,The Game Boys,2009,
1186,Escoffier,2009,
1187,Planning Ahead,2009,
1188,A Good Day for Turkey,2009,
1189,Go Go Cowboy Rangers,2009,
1190,Breakfast in Bedlam,2009,
1191,Invented Less,2009,
1192,Librarians,2009,
1193,Attic,2009,
1194,Strange People Strange Times,2009,
1195,Silver Rainbow,2009,
1196,Racine Cubique,2009,
1197,New Fish,2009,
1198,The Suitors,2009,
1199,One Day Mario Woke Up and Decided to Take a Shit because hey he's Mario,2009,
1200,Pas de Quatre,2009,
1201,Fantasy Hole,2009,
1202,Christmas Greeting from Skinny Bitch Jesus Meeting!,2009,
1203,The Great Hatsby Stakeout,2009,
1204,Nic se nestalo,2009,
1205,Prestige,2009,
1206,The Secret,2009,
1207,Never Been Roofied,2009,
1208,Fiesshta,2009,
1209,Neighbours,2009,
1210,Flying Circus,2009,
1211,Life's a Bitch,2009,
1212,O Comprador de Promessas,2009,
1213,Missione Natale,2009,
1214,Trångt & Jobbigt,2009,
1215,The CaramelDansen,2009,
1216,Destroying a Clock Radio,2009,
1217,Survivor Boy,2009,
1218,Word Choice,2009,
1219,Hit the Big Time,2009,
1220,The Ultimate Challenge,2009,
1221,Hotel,2009,
1222,Das Winter Garden,2009,
1223,This Girl's Life,2009,50
1224,Performer. Audience. Fuck Off.,2009,
1225,Rockton Manor Studios,2009,
1226,Roule ta boule,2009,
1227,The Figure of Authority,2009,
1228,Blazed,2009,
1229,Hercules to Berkeley,2009,
1230,Mañana,2009,
1231,Melvin Brother of the Joker,2009,
1232,Stranger,2009,-
1233,Weak Species,2009,-
1234,Cupi2,2009,
1235,Under the Influence,2009,73
1236,Indie,2009,
1237,The Earth People Versus the Carcass Eaters,2009,
1238,Can't Fight the Flavour,2009,
1239,The Consequence of Pills,2009,
1240,Thirsty,2009,
1241,Harley Quinn's Date with Pee Wee Herman,2009,
1242,Tanzcafe Jenseits,2009,
1243,Matroshka: Dolls of Doom,2009,
1244,Comment j'ai accepté ma place parmi les mortels,2009,
1245,The Last Day of Bulkin I.S.,2009,
1246,Sonic in Jaws,2009,
1247,King Crab Attack,2009,
1248,The Office Opera,2009,
1249,Super Luigi Galaxy Challenge 3 Entry - Cybershell,2009,
1250,Let's Play Dracula X: Level 4',2009,
1251,Di Na Lagi Mausab,2009,
1252,South of No North,2009,
1253,Citizen Hero,2009,
1254,I Breed Ghosts,2009,
1255,Dodudindon,2009,
1256,Fred Perkin's Wild Michigan,2009,
1257,Doritos Super Bowl: Intervention,2009,
1258,Compact Only,2009,
1259,Cost of Living,2009,-
1260,Numbers,2009,
1261,Sin saldo,2009,
1262,Dog Time,2009,
1263,Asshole,2009,
1264,Acting for the Camera,2009,
1265,Boutonniere,2009,
1266,Moving In,2009,
1267,The Luckiest Man on Earth,2009,
1268,Treasury Men in Action,2009,
1269,Out on the Wing,2009,
1270,Kicking Sand in Your Face,2009,
1271,Dinner with Raphael,2009,
1272,My B.F.F.,2009,
1273,The Roofer,2009,
1274,Werewolf Trouble,2009,
1275,Warrior II,2009,
1276,Stage Two,2009,
1277,The Unknown,2009,
1278,The Cat Hunter,2009,
1279,Dandelion Dharma,2009,
1280,"Me, You, a Bag & Bamboo",2009,
1281,Ignito!,2009,
1282,The Flower Girl,2009,
1283,Marooned?,2009,
1284,The Bob Zula,2009,
1285,Ultra-Lubricated LoveSex2000,2009,
1286,All in the Bunker,2009,
1287,Bent,2009,44
1288,The Ride Along,2009,
1289,Thanksgiving Seconds,2009,
1290,Let's Do It,2009,
1291,Spank Bank,2009,
1292,A Soft Place,2009,
1293,Twistee Treat,2009,
1294,The 8th Samurai,2009,
1295,Cop vs. Robber,2009,
1296,Skill Crane,2009,
1297,Conquistadork,2009,
1298,JK LOL,2009,
1299,Our Neck of the Woods,2009,
1300,Barbecue Bash!,2009,
1301,Lesson from the Man,2009,
1302,Normal People,2009,91
1303,First Time Long Time,2009,
1304,Rehab,2009,
1305,Parat,2009,
1306,The Laundry,2009,
1307,Cross-Eyed Dinner Theater Presents!,2009,
1308,Dish,2009,
1309,Fate Scores,2009,
1310,Enlightened!,2009,
1311,Borderless,2009,
1312,Adobo,2009,
1313,Stealing Second,2009,
1314,The Day My Parents Became Cool,2009,
1315,The Sale,2009,
1316,Just a Dream,2009,
1317,Roommate Wanted,2009,18
1318,Winston: An Informal Guide to Etiquette,2009,
1319,Summer of the Cicada,2009,
1320,The Man,2009,
1321,Vodka and Women,2009,
1322,Søpla,2009,
1323,Smoking Tonight,2009,
1324,Quinceanera Crashers,2009,
1325,Melancholamorbus,2009,
1326,Go to Kenny,2009,
1327,Six Impossible Things,2009,
1328,The Re-Bourne Identity,2009,
1329,The Unfortunate Story of a Lost Soul 2,2009,
1330,An Elaborate Plan,2009,
1331,The Tab,2009,
1332,Number Nine,2009,
1333,Milked,2009,
1334,Hadutha Saghira,2009,
1335,Freegan Love,2009,
1336,My Lucky Day,2009,
1337,Piggy Bank,2009,
1338,Freight Train,2009,
1339,Coffee,2009,
1340,Glock,2009,
1341,There's Something in the Air...,2009,
1342,Life Between Interviews,2009,
1343,"Allison, My Love",2009,
1344,Cochran,2009,
1345,Worst Date Ever,2009,
1346,Martini the Movie,2009,
1347,Attack at Zombie High!,2009,
1348,The Funeral,2009,80
1349,Help Yourself,2009,
1350,Clones Gone Wild,2009,
1351,Cock Block,2009,
1352,True Beauty This Night,2009,
1353,Faith Alone,2009,
1354,The Ad,2009,
1355,Manscaping,2009,
1356,Becoming Roman,2009,
1357,Wash n' Fold,2009,
1358,Intermezzo,2009,100
1359,Time Keeps on Skippin',2009,
1360,Eto,2009,
1361,Vapid Lovelies,2009,
1362,Butcher Bation,2009,
1363,Kidnapping Caitlynn,2009,
1364,Butcher Bation's Flesh Emporium,2009,
1365,Cowboy Dreams,2009,
1366,The End of the N-Word,2009,
1367,How to Train Your Pet,2009,
1368,Mondo Penguin,2009,
1369,What Would Jesús Do?,2009,
1370,The Caterer,2009,
1371,Dream Date,2009,20
1372,Air Knob,2009,
1373,Double Time and a Half,2009,
1374,An Evening with Emery Long,2009,
1375,Abbie Cancelled,2009,-
1376,Twilight Tango,2009,
1377,Happy Country,2009,
1378,N.C.B.S,2009,
1379,The Burger,2009,
1380,Grande Drip,2009,
1381,A Christmas Carrot,2009,
1382,Sex Text,2009,
1383,How to Survive an Earthquake,2009,
1384,Gamers,2009,41
1385,Who's Afraid of Woof Woof Woof?,2009,
1386,Film Noir,2009,51
1387,Misfortune Smiles,2009,
1388,Escorbo,2009,
1389,Boob,2009,
1390,What You Look Like Naked,2009,
1391,Shoebox Redhead,2009,
1392,The Party,2009,82
1393,Pink Bag,2009,
1394,120 Volts,2009,
1395,Billy Mean Pipes,2009,
1396,Pleasant Company,2009,
1397,Lesbob,2009,
1398,Antechrist,2009,
1399,Arthur's Lore,2009,
1400,Hollywood Acting Academy,2009,
1401,Profiteering,2009,
1402,It's the Delivery,2009,
1403,Traffic School,2009,
1404,Elevate Her,2009,
1405,The Moonlighters,2009,
1406,My Boyfriend Is a Blimp,2009,
1407,Jimmy's Construction,2009,
1408,Sapsucker,2009,
1409,Captain Coulier (Space Explorer),2009,
1410,Die Berliner Mauer,2009,
1411,Yellow Light,2009,
1412,I Would for You,2009,
1413,Hug,2009,
1414,40 Years Younger,2009,
1415,Emmas film,2009,
1416,Charlie on Parole,2009,
1417,Jackson,2009,50
1418,The Kirkie,2009,
1419,RoughRider,2009,
1420,Birth,2009,39
1421,The Lost Archives of Quincy Taylor,2009,
1422,The Kinda Sutra,2009,67
1423,Love Lessons for Miles,2009,
1424,Sizism,2009,
1425,ManDate,2009,
1426,La fonte des neiges,2009,
1427,Nikki and Viv,2009,
1428,Gym Rats,2009,
1429,The Vacuum,2009,
1430,Neutral Man,2009,
1431,The Cowpokes Ball,2009,
1432,Unrequited,2009,35
1433,Christmas at the Asylum,2009,
1434,Happy Hour,2009,100
1435,A Motor Lodge Rub,2009,
1436,Chocolate Death,2009,
1437,Lulu's Curls,2009,
1438,The Booby Trap,2009,
1439,The Hungry Hobos,2009,
1440,This Side Up,2009,
1441,Pants,2009,
1442,Chips,2009,19
1443,Etetés,2009,
1444,Ochophobia (Fear of Vehicles),2009,
1445,Free Jolito,2009,
1446,A Cigarette for Two,2009,
1447,Amateur Hour Comedy Show,2009,
1448,Altarcation,2009,
1449,The Humberville Poetry Slam,2009,-
