,tipo,nombre,año estreno,mes estreno,id_pelicula
0,Cortometraje,The Secret of Wendel Samson,2005,,tt0207085
1,Cortometraje,Haunted,2005,,tt0287061
2,Cortometraje,The Last Illusion,2005,9,tt0294683
3,Cortometraje,Sweetnightgoodheart,2005,9,tt0329650
4,Cortometraje,Television,2005,3,tt0338491
5,Cortometraje,Candid,2005,3,tt0352227
6,Cortometraje,Deux L,2005,12,tt0359154
7,Cortometraje,Szerelem meg hal,2005,1,tt0364043
8,Cortometraje,Up,2005,4,tt0365883
9,Cortometraje,Lower East Side Stories,2005,1,tt0368848
10,Cortometraje,I en villa,2005,3,tt0369797
11,Cortometraje,Stabat mater,2005,5,tt0369990
12,Cortometraje,Blackberries,2005,5,tt0372795
13,Cortometraje,Bøje,2005,7,tt0370310
14,Cortometraje,Les amours perdus,2005,8,tt0371661
15,Cortometraje,Old Man Music,2005,10,tt0373203
16,Cortometraje,Worse,2005,3,tt0374338
17,Cortometraje,Flat Tire,2005,12,tt0374655
18,Cortometraje,Adjusting Arbie,2005,-,tt0376487
19,Cortometraje,Ashes,2005,10,tt0387036
20,Cortometraje,Bondefanget,2005,12,tt0392787
21,Cortometraje,I Hate You,2005,5,tt0395589
22,Cortometraje,Far-vel,2005,2,tt0400427
23,Cortometraje,A Thousand Roads,2005,1,tt0407254
24,Cortometraje,Glashus,2005,2,tt0407826
25,Cortometraje,Lille Lise,2005,12,tt0407947
26,Cortometraje,Voodoo Doll,2005,3,tt0418303
27,Cortometraje,The Boss,2005,6,tt0420529
28,Cortometraje,Starcrossed,2005,4,tt0420931
29,Cortometraje,I?,2005,-,tt0421209
30,Cortometraje,Elephant Boy,2005,4,tt0432279
31,Cortometraje,Sommerfuglekvinden,2005,3,tt0432078
32,Cortometraje,Sleeping Dogs Lie,2005,2,tt0431405
33,Cortometraje,Deadline,2005,6,tt0431718
34,Cortometraje,Morfium,2005,-,tt0431920
35,Cortometraje,Before Dawn,2005,5,tt0434067
36,Cortometraje,Green Bush,2005,1,tt0436369
37,Cortometraje,20 Minutes,2005,9,tt0436011
38,Cortometraje,Danmarks sjoveste mand,2005,6,tt0437146
39,Cortometraje,Encore,2005,5,tt0438002
40,Cortometraje,Eating,2005,1,tt0437994
41,Cortometraje,Flutter Kick,2005,1,tt0438031
42,Cortometraje,After Twilight,2005,1,tt0437791
43,Cortometraje,Are You the Favorite Person of Anybody?,2005,1,tt0437825
44,Cortometraje,The Youth in Us,2005,1,tt0438674
45,Cortometraje,Phone Call,2005,1,tt0438324
46,Cortometraje,The Welcome Committee,2005,2,tt0439332
47,Cortometraje,"Portrait of a Man and a Woman: Los Angeles, c. 2004",2005,4,tt0439473
48,Cortometraje,Goodnight Irene,2005,1,tt0439188
49,Cortometraje,In the Morning,2005,1,tt0438104
50,Cortometraje,Desert Motel,2005,2,tt0441752
51,Cortometraje,Cindy: The Doll Is Mine,2005,9,tt0439548
52,Cortometraje,Staring at the Sun,2005,1,tt0438456
53,Cortometraje,Tage aus Nacht,2005,4,tt0439310
54,Cortometraje,Freundinnen,2005,1,tt0441763
55,Cortometraje,American Fame Pt. 2: Forgetting Jonathan Brandis,2005,1,tt0440991
56,Cortometraje,Kom som du er,2005,2,tt0440550
57,Cortometraje,The Meaning of Life,2005,1,tt0440972
58,Cortometraje,Fade to Black: Emma,2005,3,tt0440967
59,Cortometraje,Choked,2005,1,tt0440964
60,Cortometraje,21h11,2005,11,tt0441958
61,Cortometraje,Hunting Camp,2005,4,tt0443539
62,Cortometraje,Office,2005,2,tt0443336
63,Cortometraje,Beyrouth après-rasage,2005,1,tt0446892
64,Cortometraje,War,2005,2,tt0443694
65,Cortometraje,En god dag,2005,3,tt0446343
66,Cortometraje,A Series of Small Things,2005,3,tt0443633
67,Cortometraje,Pura Lengua,2005,1,tt0443612
68,Cortometraje,Plains Empty,2005,1,tt0443191
69,Cortometraje,We All Fall Down,2005,5,tt0443696
70,Cortometraje,Nightwalk,2005,2,tt0443599
71,Cortometraje,Color of a Doubt: An Urban Fable,2005,-,tt0443470
72,Cortometraje,Stille Wasser,2005,1,tt0444696
73,Cortometraje,The Persistence of Dreams,2005,4,tt0446757
74,Cortometraje,Aisle to Aisle,2005,1,tt0446648
75,Cortometraje,I'd Rather Be Dancing,2005,2,tt0446714
76,Cortometraje,Dinner Time,2005,1,tt0443482
77,Cortometraje,The 73 Virgins,2005,1,tt0443423
78,Cortometraje,Almost Romeo,2005,1,tt0443429
79,Cortometraje,Mammoth,2005,3,tt0444661
80,Cortometraje,Just Pray,2005,2,tt0445023
81,Cortometraje,Jag bara undrar,2005,1,tt0446369
82,Cortometraje,Worms,2005,1,tt0443700
83,Cortometraje,Naissance de l'orgueil,2005,4,tt0447319
84,Cortometraje,All the Reverend's Men,2005,3,tt0446649
85,Cortometraje,Twenty,2005,-,tt0443674
86,Cortometraje,Countdown,2005,2,tt0445947
87,Cortometraje,Shades of Crimson,2005,2,tt0446032
88,Cortometraje,Goodnight Bill,2005,3,tt0445977
89,Cortometraje,Coney Island 1945,2005,4,tt0447906
90,Cortometraje,The Silent Question,2005,3,tt0448117
91,Cortometraje,Track Marks,2005,9,tt0448161
92,Cortometraje,On tha Wise,2005,2,tt0448077
93,Cortometraje,Laws of Gambling,2005,7,tt0446731
94,Cortometraje,"Timene som har gått, deler jeg med deg",2005,1,tt0449659
95,Cortometraje,Summer Dreams,2005,2,tt0446478
96,Cortometraje,Antebody,2005,3,tt0447838
97,Cortometraje,La puta,2005,2,tt0448094
98,Cortometraje,Attract Opposites,2005,-,tt0448994
99,Cortometraje,The Vitruvian Man,2005,3,tt0448173
100,Cortometraje,Manchas,2005,3,tt0450039
101,Cortometraje,The Reader,2005,4,tt0450316
102,Cortometraje,The Big Empty,2005,10,tt0448997
103,Cortometraje,Udenfor verden,2005,2,tt0447503
104,Cortometraje,I Will...,2005,3,tt0450281
105,Cortometraje,Interrupted Motion,2005,2,tt0450446
106,Cortometraje,Lifelike,2005,4,tt0450290
107,Cortometraje,The More Things Change...,2005,3,tt0450305
108,Cortometraje,Truck Stop Diner,2005,4,tt0450338
109,Cortometraje,In the Park,2005,3,tt0448000
110,Cortometraje,Dani and Alice,2005,4,tt0451030
111,Cortometraje,The Sleepless Night,2005,1,tt0449648
112,Cortometraje,The Tourist,2005,3,tt0448160
113,Cortometraje,The Snow Queen,2005,3,tt0450152
114,Cortometraje,Ash Wednesday,2005,4,tt0450242
115,Cortometraje,The Dance,2005,4,tt0451028
116,Cortometraje,The Oath,2005,2,tt0448918
117,Cortometraje,"Ich sehe was, was Du nicht siehst...",2005,4,tt0449036
118,Cortometraje,Wilfried Neuss - Eine Sinfonie in fünf Sätzen,2005,4,tt0451274
119,Cortometraje,Hasta que la muerte los separe,2005,3,tt0451754
120,Cortometraje,Josephine?,2005,2,tt0452031
121,Cortometraje,The Divine,2005,3,tt0451040
122,Cortometraje,Amal,2005,1,tt0452000
123,Cortometraje,La vida y obra de John H.,2005,3,tt0451963
124,Cortometraje,Chicle,2005,3,tt0450254
125,Cortometraje,Killing the Afternoon,2005,2,tt0449520
126,Cortometraje,The Road That Binds Us,2005,-,tt0449640
127,Cortometraje,Broken,2005,10,tt0451001
128,Cortometraje,A Message from Pops,2005,3,tt0449070
129,Cortometraje,Empty,2005,4,tt0451049
130,Cortometraje,Revere,2005,,tt0451185
131,Cortometraje,Hijo,2005,,tt0449276
132,Cortometraje,Amor fati,2005,12,tt0448991
133,Cortometraje,Cast in Gray,2005,2,tt0449470
134,Cortometraje,Se viste con puñales,2005,3,tt0451907
135,Cortometraje,El otro José,2005,3,tt0451846
136,Cortometraje,El viejo,2005,3,tt0451964
137,Cortometraje,Manitas sudadas,2005,3,tt0451807
138,Cortometraje,Luckey Quarter,2005,2,tt0449063
139,Cortometraje,Después del invierno,2005,3,tt0451700
140,Cortometraje,If,2005,3,tt0451767
141,Cortometraje,Mantra,2005,3,tt0451809
142,Cortometraje,Cronologia de una ausencia,2005,3,tt0451689
143,Cortometraje,Razor Dream,2005,5,tt0451879
144,Cortometraje,Jayson,2005,-,tt0449044
145,Cortometraje,The Tulip Grower,2005,2,tt0450339
146,Cortometraje,In the Middle,2005,6,tt0452027
147,Cortometraje,"Too Sunny, Too Cold",2005,2,tt0450511
148,Cortometraje,Las nuevas chicas superpoderosas,2005,3,tt0451837
149,Cortometraje,Sugar and Shit,2005,4,tt0451219
150,Cortometraje,Dare,2005,8,tt0450256
151,Cortometraje,Post mortem,2005,3,tt0451864
152,Cortometraje,Ayss,2005,3,tt0451636
153,Cortometraje,Godot,2005,3,tt0451745
154,Cortometraje,La cola entre las patas,2005,3,tt0451686
155,Cortometraje,El gran salto,2005,3,tt0451750
156,Cortometraje,Cymbals,2005,5,tt0451027
157,Cortometraje,Casi nunca pasa nada,2005,3,tt0451677
158,Cortometraje,9 y 20,2005,3,tt0451611
159,Cortometraje,En el sofa,2005,3,tt0451716
160,Cortometraje,A 2 cuadras y media,2005,3,tt0451612
161,Cortometraje,Jai,2005,3,tt0451779
162,Cortometraje,Siempre quise trabajar en una fábrica,2005,3,tt0453215
163,Cortometraje,Herbstzeitlose,2005,3,tt0452248
164,Cortometraje,The Djarn Djarns,2005,2,tt0453651
165,Cortometraje,Don Kishot be'Yerushalaim,2005,,tt0453652
166,Cortometraje,Tracks,2005,6,tt0456017
167,Cortometraje,Before Dying,2005,3,tt0455342
168,Cortometraje,Surfacing,2005,4,tt0455795
169,Cortometraje,Donna's Room,2005,5,tt0455443
170,Cortometraje,Sugar Mountain,2005,4,tt0455791
171,Cortometraje,Wannabe,2005,4,tt0455835
172,Cortometraje,El día menos pensado,2005,3,tt0451710
173,Cortometraje,Aldrig en absolution,2005,1,tt0452742
174,Cortometraje,Sa Black Thing,2005,5,tt0452855
175,Cortometraje,Novembre - Le giornate di Trieste,2005,2,tt0452349
176,Cortometraje,A Woman of Wealth and Taste,2005,2,tt0452897
177,Cortometraje,Les yeux ouverts,2005,3,tt0453416
178,Cortometraje,The Blue Aspic,2005,4,tt0455357
179,Cortometraje,Clarity,2005,-,tt0455397
180,Cortometraje,Nest,2005,4,tt0455651
181,Cortometraje,Tag,2005,4,tt0455798
182,Cortometraje,Seventh Dog,2005,5,tt0455752
183,Cortometraje,Live-In,2005,4,tt0455602
184,Cortometraje,Spark,2005,4,tt0455779
185,Cortometraje,Spit,2005,4,tt0455781
186,Cortometraje,Lonesome Matador,2005,3,tt0455605
187,Cortometraje,Exit,2005,4,tt0455467
188,Cortometraje,The Message,2005,2,tt0455627
189,Cortometraje,Barbara Jean,2005,3,tt0455338
190,Cortometraje,Nuance,2005,4,tt0455659
191,Cortometraje,Passing Shot,2005,1,tt0456085
192,Cortometraje,Monstre,2005,3,tt0453163
193,Cortometraje,Water Over Wine,2005,1,tt0455839
194,Cortometraje,The Jogger,2005,4,tt0455966
195,Cortometraje,Majorité,2005,3,tt0452816
196,Cortometraje,Together Alone,2005,6,tt0455813
197,Cortometraje,Longue peine,2005,1,tt0456074
198,Cortometraje,Settling Up,2005,4,tt0455749
199,Cortometraje,No Shoulder,2005,4,tt0455657
200,Cortometraje,The Face of the Earth,2005,4,tt0455469
201,Cortometraje,Black Forest,2005,4,tt0455914
202,Cortometraje,Echostop,2005,4,tt0455451
203,Cortometraje,Full Circle,2005,2,tt0454668
204,Cortometraje,Tears,2005,4,tt0455803
205,Cortometraje,The Wrong Sea,2005,2,tt0455867
206,Cortometraje,A Little Movie,2005,2,tt0453511
207,Cortometraje,La belle dame sans merci,2005,4,tt0455346
208,Cortometraje,Hverken fugl eller fisk,2005,5,tt0454472
209,Cortometraje,Laws of Deception,2005,9,tt0455969
210,Cortometraje,La casa,2005,3,tt0456335
211,Cortometraje,Franco,2005,4,tt0455482
212,Cortometraje,Abuse,2005,3,tt0455310
213,Cortometraje,Sunday Evening Haircut,2005,2,tt0456174
214,Cortometraje,The Diversion,2005,5,tt0455434
215,Cortometraje,Nine to Five,2005,4,tt0455984
216,Cortometraje,La cerca,2005,5,tt0455381
217,Cortometraje,Darling Nikki,2005,3,tt0455419
218,Cortometraje,Laundry Night,2005,4,tt0455968
219,Cortometraje,Repossessing Kaufman,2005,4,tt0455722
220,Cortometraje,Quejíos,2005,4,tt0455714
221,Cortometraje,Gigolo,2005,2,tt0453673
222,Cortometraje,Gua! Pa!,2005,4,tt0456965
223,Cortometraje,Léoléa,2005,3,tt0454621
224,Cortometraje,Parasiten,2005,3,tt0455176
225,Cortometraje,The Agent,2005,4,tt0455315
226,Cortometraje,K.O.,2005,4,tt0455137
227,Cortometraje,Flowers of the Madman,2005,4,tt0455477
228,Cortometraje,Aimée Price,2005,4,tt0455318
229,Cortometraje,Inheritance,2005,4,tt0455555
230,Cortometraje,Crimes Against Charlie,2005,4,tt0455408
231,Cortometraje,Easter Sunday,2005,4,tt0455449
232,Cortometraje,Intersection,2005,4,tt0455557
233,Cortometraje,Induction,2005,4,tt0455553
234,Cortometraje,Rupture,2005,4,tt0455736
235,Cortometraje,Morphin(e),2005,4,tt0455640
236,Cortometraje,La indecisión,2005,2,tt0455551
237,Cortometraje,Docking Faith,2005,4,tt0455937
238,Cortometraje,Prescription for Time,2005,2,tt0455703
239,Cortometraje,Miracle of Silence,2005,5,tt0455633
240,Cortometraje,Rupert Galloway,2005,5,tt0455735
241,Cortometraje,Flatbush,2005,4,tt0455476
242,Cortometraje,Godless.,2005,12,tt0455956
243,Cortometraje,Cycle of Aggression,2005,4,tt0455932
244,Cortometraje,The Accident,2005,4,tt0457269
245,Cortometraje,Step Nine,2005,4,tt0457493
246,Cortometraje,Textual @traction,2005,4,tt0457166
247,Cortometraje,Mayka mi,2005,3,tt0457060
248,Cortometraje,Taped,2005,3,tt0457164
249,Cortometraje,A Cold Day to Die,2005,2,tt0457563
250,Cortometraje,Halley's Comet,2005,3,tt0458385
251,Cortometraje,Beauty,2005,1,tt0458329
252,Cortometraje,Fridgelight,2005,5,tt0458370
253,Cortometraje,When All Else Fails,2005,3,tt0458520
254,Cortometraje,The Check Up,2005,1,tt0458341
255,Cortometraje,Diabolus,2005,4,tt0457653
256,Cortometraje,"Most látszom, most nem látszom",2005,2,tt0457682
257,Cortometraje,Aus der Sicht eines Freundes,2005,5,tt0457284
258,Cortometraje,Eventually Everybody Hits Their Stride,2005,4,tt0457340
259,Cortometraje,Gotham Cafe,2005,6,tt0458376
260,Cortometraje,Release Me,2005,4,tt0458461
261,Cortometraje,Samantha's Art,2005,4,tt0457461
262,Cortometraje,Mort à l'écran,2005,6,tt0459115
263,Cortometraje,Suburban Nightmare,2005,4,tt0457620
264,Cortometraje,Someone in Particular,2005,5,tt0458486
265,Cortometraje,Notes,2005,5,tt0458444
266,Cortometraje,In Limbo,2005,4,tt0458396
267,Cortometraje,The Doorstep,2005,1,tt0458355
268,Cortometraje,On the Low,2005,1,tt0458446
269,Cortometraje,Frijolito Go!,2005,3,tt0458371
270,Cortometraje,The Day of the Grackle,2005,4,tt0458350
271,Cortometraje,Lavender: An Adaptation,2005,4,tt0458410
272,Cortometraje,Stolen Lives,2005,3,tt0458495
273,Cortometraje,Breakfast at Barbie's,2005,5,tt0458334
274,Cortometraje,Missing,2005,4,tt0458428
275,Cortometraje,Just a Girl,2005,5,tt0458405
276,Cortometraje,Needle Anus: A Comedy,2005,4,tt0458440
277,Cortometraje,Pahanmielenrauha,2005,3,tt0459493
278,Cortometraje,Outremonde,2005,4,tt0459491
279,Cortometraje,Josefs Brüder,2005,4,tt0458404
280,Cortometraje,Diving,2005,1,tt0459260
281,Cortometraje,Dubois,2005,5,tt0460779
282,Cortometraje,Water Spirit,2005,4,tt0460603
283,Cortometraje,Vacarme,2005,4,tt0460045
284,Cortometraje,Tilt-A-Whirl,2005,5,tt0460962
285,Cortometraje,Kanbrik ou Le proscrit d'Allah,2005,6,tt0460841
286,Cortometraje,The Tub,2005,4,tt0460591
287,Cortometraje,You Are Such a Blindfold,2005,6,tt0460992
288,Cortometraje,Monsieur Étienne,2005,9,tt0460511
289,Cortometraje,Szerencsés ember,2005,2,tt0461053
290,Cortometraje,Vanessa,2005,,tt0460596
291,Cortometraje,Propriété commune,2005,4,tt0460280
292,Cortometraje,The Battle for Arthur,2005,3,tt0460408
293,Cortometraje,The Little Things,2005,6,tt0461268
294,Cortometraje,Dear Jimmy,2005,6,tt0461491
295,Cortometraje,For Want of a Book,2005,4,tt0461221
296,Cortometraje,Empire,2005,5,tt0461213
297,Cortometraje,Lifeforces,2005,2,tt0461266
298,Cortometraje,Le petit chevalier,2005,4,tt0461310
299,Cortometraje,Franziska Spiegel - Eine Erinnerung,2005,-,tt0461665
300,Cortometraje,Razhda,2005,3,tt0461831
301,Cortometraje,"Skollibat, min elskede",2005,6,tt0461843
302,Cortometraje,Herr Goldstein,2005,4,tt0461964
303,Cortometraje,Yellow Bird,2005,-,tt0462067
304,Cortometraje,Still Time,2005,4,tt0462037
305,Cortometraje,Exhibit 42,2005,4,tt0461771
306,Cortometraje,The Fix,2005,2,tt0462294
307,Cortometraje,L'absente,2005,2,tt0461895
308,Cortometraje,The Moor,2005,5,tt0462434
309,Cortometraje,Rosas,2005,,tt0463176
310,Cortometraje,Das Maß der Dinge,2005,4,tt0464116
311,Cortometraje,Transit,2005,4,tt0463005
312,Cortometraje,Boys Don't Cry 2005,2005,5,tt0463927
313,Cortometraje,Maricón,2005,6,tt0463595
314,Cortometraje,The Fool,2005,5,tt0461952
315,Cortometraje,The Sound of Willie Nelson's Guitar,2005,4,tt0462032
316,Cortometraje,Chemin d'O,2005,2,tt0462846
317,Cortometraje,What's Up with the Kids?,2005,3,tt0462062
318,Cortometraje,Gold,2005,4,tt0462891
319,Cortometraje,Harvest,2005,2,tt0464040
320,Cortometraje,The Unusual Inventions of Henry Cavendish,2005,2,tt0463388
321,Cortometraje,Loving Kimberly,2005,4,tt0464099
322,Cortometraje,Nine One One,2005,6,tt0464135
323,Cortometraje,Inside,2005,5,tt0464067
324,Cortometraje,Rid Off!,2005,6,tt0464181
325,Cortometraje,Postmortem,2005,2,tt0463668
326,Cortometraje,Lotta libera,2005,3,tt0463575
327,Cortometraje,3 Sisters,2005,4,tt0463855
328,Cortometraje,Slip,2005,5,tt0464202
329,Cortometraje,From Here,2005,5,tt0465468
330,Cortometraje,Nightshift,2005,6,tt0465545
331,Cortometraje,Barrie the Barber,2005,3,tt0465393
332,Cortometraje,Markings,2005,3,tt0465536
333,Cortometraje,Malgaat,2005,4,tt0465534
334,Cortometraje,Seeing You in Circles,2005,6,tt0464194
335,Cortometraje,Pedalfoot,2005,,tt0464144
336,Cortometraje,Night Swimming,2005,6,tt0464134
337,Cortometraje,Nicked,2005,2,tt0464133
338,Cortometraje,City Jewelz,2005,6,tt0463942
339,Cortometraje,God Bless,2005,5,tt0464026
340,Cortometraje,Noir,2005,6,tt0464824
341,Cortometraje,Super Power Blues,2005,6,tt0464225
342,Cortometraje,The Reality of the Situation,2005,4,tt0464173
343,Cortometraje,Shout,2005,4,tt0464198
344,Cortometraje,Somewhere in Between,2005,6,tt0464206
345,Cortometraje,The Double,2005,6,tt0463969
346,Cortometraje,Cabin 6,2005,,tt0463933
347,Cortometraje,Play Date,2005,4,tt0464155
348,Cortometraje,Private Jet,2005,2,tt0464159
349,Cortometraje,Pinkerton,2005,6,tt0464153
350,Cortometraje,To Lie in Green Pastures,2005,5,tt0464268
351,Cortometraje,The Last Beer,2005,6,tt0464081
352,Cortometraje,Ralph & Stanley,2005,-,tt0464167
353,Cortometraje,Voices Inside,2005,4,tt0464303
354,Cortometraje,Le bord du monde,2005,3,tt0464906
355,Cortometraje,Immaculate Perception,2005,6,tt0464064
356,Cortometraje,La explicación,2005,5,tt0464647
357,Cortometraje,"¡Ay, Mijo!",2005,6,tt0465107
358,Cortometraje,Benjamin's Struggle,2005,12,tt0463906
359,Cortometraje,Mavet,2005,9,tt0466466
360,Cortometraje,Free Lunch,2005,5,tt0463997
361,Cortometraje,Mormor's Visit,2005,6,tt0464122
362,Cortometraje,Two Men,2005,1,tt0464284
363,Cortometraje,How 87 Learned to Smile,2005,4,tt0464055
364,Cortometraje,Derailed,2005,5,tt0463956
365,Cortometraje,Something Came Over Them,2005,9,tt0467415
366,Cortometraje,Leo Las Vegas,2005,6,tt0467407
367,Cortometraje,Lluvia caliente,2005,3,tt0467467
368,Cortometraje,Endspiel,2005,5,tt0466778
369,Cortometraje,Closework,2005,6,tt0467841
370,Cortometraje,Les visages d'Alice,2005,3,tt0466504
371,Cortometraje,God's Hand,2005,4,tt0466552
372,Cortometraje,A Fragrance of Night,2005,4,tt0468739
373,Cortometraje,Dalton's Reward,2005,5,tt0467398
374,Cortometraje,The Saviour,2005,6,tt0467485
375,Cortometraje,Jag är alltid Josef,2005,5,tt0468769
376,Cortometraje,"Mistaken Love Stories, Part II",2005,7,tt0466069
377,Cortometraje,Le fil se perd,2005,6,tt0466545
378,Cortometraje,The First Word Is Missing,2005,5,tt0466547
379,Cortometraje,Das absolut Böse,2005,6,tt0466645
380,Cortometraje,The Tribesman,2005,7,tt0466172
381,Cortometraje,Magister Hoffmann - en hårsmån från svart,2005,4,tt0466464
382,Cortometraje,Vdvoyom,2005,5,tt0466508
383,Cortometraje,A Poetic Retelling of the Logic of Love or A Film to Pass the Time,2005,6,tt0466926
384,Cortometraje,Clair obscur,2005,2,tt0466535
385,Cortometraje,Steppeulve,2005,6,tt0466486
386,Cortometraje,Out of Shadows: The Journey,2005,6,tt0466914
387,Cortometraje,Se & inse,2005,4,tt0467675
388,Cortometraje,303,2005,6,tt0467750
389,Cortometraje,El punto ciego,2005,5,tt0466936
390,Cortometraje,Melodramat,2005,6,tt0468341
391,Cortometraje,'...nettirwnU',2005,6,tt0468250
392,Cortometraje,Room 27,2005,3,tt0468540
393,Cortometraje,Staila crudanta,2005,6,tt0469834
394,Cortometraje,Lucky,2005,7,tt0468801
395,Cortometraje,Sweetie,2005,8,tt0469842
396,Cortometraje,Age Inappropriate,2005,6,tt0469020
397,Cortometraje,Fish Eye,2005,6,tt0468738
398,Cortometraje,Once and Future Asshole,2005,3,tt0468527
399,Cortometraje,A.W.,2005,6,tt0468637
400,Cortometraje,Ben and Holly,2005,1,tt0469034
401,Cortometraje,Beaten,2005,5,tt0469031
402,Cortometraje,Y nada más,2005,4,tt0469230
403,Cortometraje,5 Minutes,2005,6,tt0469014
404,Cortometraje,Bizarre Love Triangle,2005,12,tt0469037
405,Cortometraje,V.O.,2005,4,tt0469856
406,Cortometraje,Awaken the Dawn,2005,4,tt0469025
407,Cortometraje,El padre,2005,5,tt0470144
408,Cortometraje,Sangre/Blood,2005,7,tt0469968
409,Cortometraje,Responsibilities,2005,4,tt0469964
410,Cortometraje,My Last Confession,2005,4,tt0470140
411,Cortometraje,Redirect,2005,7,tt0469963
412,Cortometraje,Shining the Ball,2005,6,tt0470918
413,Cortometraje,Outta Moves,2005,5,tt0469150
414,Cortometraje,Mercy for the Innocent,2005,5,tt0470860
415,Cortometraje,Jesus Children of America,2005,7,tt0469926
416,Cortometraje,Disarmed,2005,7,tt0469323
417,Cortometraje,Days Gone By,2005,6,tt0469064
418,Cortometraje,Radio Búho,2005,9,tt0471885
419,Cortometraje,Tarriance,2005,7,tt0469204
420,Cortometraje,Barely Buzzed,2005,6,tt0469884
421,Cortometraje,Last Call,2005,6,tt0469932
422,Cortometraje,Deluded,2005,4,tt0469894
423,Cortometraje,Clean,2005,5,tt0469891
424,Cortometraje,Detour,2005,-,tt0469895
425,Cortometraje,The State of Grace,2005,4,tt0469977
426,Cortometraje,Fall Guy,2005,4,tt0469904
427,Cortometraje,Mary Wants to Kill,2005,7,tt0469129
428,Cortometraje,Visions,2005,6,tt0469988
429,Cortometraje,"Adiós, para siempre",2005,5,tt0470110
430,Cortometraje,Man Leaves Town,2005,6,tt0469124
431,Cortometraje,Tayer,2005,4,tt0471039
432,Cortometraje,Marriage,2005,5,tt0469126
433,Cortometraje,Walls of Jericho,2005,5,tt0469991
434,Cortometraje,Eva,2005,8,tt0470751
435,Cortometraje,The Lady Red Trio,2005,7,tt0469930
436,Cortometraje,Midnight Clear,2005,11,tt0469942
437,Cortometraje,Everything Good,2005,4,tt0469902
438,Cortometraje,Patch,2005,5,tt0470891
439,Cortometraje,Nanny and the Professional,2005,8,tt0472275
440,Cortometraje,Butterflies,2005,7,tt0472448
441,Cortometraje,Sohni Sapna,2005,9,tt0472565
442,Cortometraje,Arie,2005,5,tt0473441
443,Cortometraje,"Sorry, Right Number",2005,5,tt0469188
444,Cortometraje,Chaim,2005,,tt0472743
445,Cortometraje,Slumlord,2005,8,tt0473265
446,Cortometraje,"Moloch, les chairs vives",2005,1,tt0473512
447,Cortometraje,Rendezvous,2005,5,tt0470907
448,Cortometraje,Waiting for Movement,2005,7,tt0472203
449,Cortometraje,Betsy,2005,7,tt0470690
450,Cortometraje,"Een ingewikkeld verhaal, eenvoudig verteld",2005,6,tt0471756
451,Cortometraje,The Marriage Counselor,2005,6,tt0469127
452,Cortometraje,Shakespeare's Sonnets,2005,6,tt0469183
453,Cortometraje,Stray,2005,1,tt0471038
454,Cortometraje,Unsuitable,2005,7,tt0469982
455,Cortometraje,Milja,2005,4,tt0472541
456,Cortometraje,The Price of Freedom,2005,5,tt0469163
457,Cortometraje,Csöpp szivem,2005,2,tt0472455
458,Cortometraje,The Life and Death of Jimmy Katz,2005,4,tt0469454
459,Cortometraje,Laying Down Arms,2005,5,tt0471012
460,Cortometraje,One Lonely Lost Umbrella Seeks Companion,2005,8,tt0471853
461,Cortometraje,The Finnish Dreamer,2005,7,tt0472523
462,Cortometraje,The House Guest,2005,4,tt0469103
463,Cortometraje,Spectator 3-D,2005,6,tt0469190
464,Cortometraje,Weights and Measures,2005,3,tt0469992
465,Cortometraje,El sótano,2005,4,tt0469200
466,Cortometraje,Rejsen,2005,6,tt0470151
467,Cortometraje,Red Ink,2005,7,tt0471029
468,Cortometraje,Missed,2005,2,tt0469798
469,Cortometraje,The Church Feather,2005,7,tt0469890
470,Cortometraje,The Faith of Joey Rail,2005,5,tt0469076
471,Cortometraje,Premonition,2005,4,tt0471026
472,Cortometraje,Uloveni,2005,3,tt0470950
473,Cortometraje,Room No. 7,2005,4,tt0471031
474,Cortometraje,The Pretty Lie,2005,9,tt0472163
475,Cortometraje,Little Spoon,2005,4,tt0472125
476,Cortometraje,On Being Your Average Joe,2005,8,tt0472152
477,Cortometraje,Lost Love,2005,7,tt0472127
478,Cortometraje,The Last Sunrise,2005,7,tt0472122
479,Cortometraje,Twenty-Six Takes on Life Without Allen,2005,7,tt0472197
480,Cortometraje,The Isle Nevis,2005,7,tt0472466
481,Cortometraje,26 Mirror: Montage of Lives,2005,8,tt0475212
482,Cortometraje,Meanwhile,2005,6,tt0475334
483,Cortometraje,Firefighter,2005,7,tt0475274
484,Cortometraje,Lila,2005,,tt0475325
485,Cortometraje,Caixa de Botões,2005,3,tt0475234
486,Cortometraje,The Last Day of Heaven,2005,9,tt0475320
487,Cortometraje,Last Stop to Midnight,2005,6,tt0475322
488,Cortometraje,Second Thoughts,2005,8,tt0475383
489,Cortometraje,Triumph des Nichtschwimmers,2005,8,tt0474968
490,Cortometraje,Tandog sa Baryo Sanghay,2005,8,tt0474953
491,Cortometraje,Mr. Clock,2005,8,tt0475339
492,Cortometraje,24 Hours,2005,8,tt0474526
493,Cortometraje,The Kings of Cork City,2005,7,tt0473369
494,Cortometraje,Skin Horse,2005,7,tt0473396
495,Cortometraje,Imperfect,2005,8,tt0473366
496,Cortometraje,Black Leather Soles,2005,5,tt0475225
497,Cortometraje,I've Met the Devil,2005,4,tt0475304
498,Cortometraje,Mowing the Lawn,2005,6,tt0475987
499,Cortometraje,Plastic Bitch,2005,6,tt0476584
500,Cortometraje,A.W.O.L,2006,11,tt0138992
501,Cortometraje,Meglét,2006,,tt0168721
502,Cortometraje,Vic,2006,1,tt0180283
503,Cortometraje,Drømme om djævelen,2006,,tt0367683
504,Cortometraje,El último vagón,2006,3,tt0369072
505,Cortometraje,The Tourist,2006,2,tt0381658
506,Cortometraje,The Wager,2006,2,tt0400931
507,Cortometraje,Succubus,2006,5,tt0417175
508,Cortometraje,Koma,2006,7,tt0419137
509,Cortometraje,Once Not Far from Home,2006,8,tt0449081
510,Cortometraje,Raccoon,2006,,tt0457447
511,Cortometraje,A Killing on the Riviera,2006,,tt0462382
512,Cortometraje,Die letzten Tage,2006,10,tt0466878
513,Cortometraje,Fru Eilersen og Mehmet,2006,4,tt0472223
514,Cortometraje,Dead End,2006,4,tt0479630
515,Cortometraje,Cache ta joie,2006,1,tt0481810
516,Cortometraje,Father Figure,2006,9,tt0485506
517,Cortometraje,Unwrapped,2006,3,tt0486039
518,Cortometraje,"Love You, Joseff Hughes",2006,5,tt0488052
519,Cortometraje,I hendes hænder,2006,4,tt0488769
520,Cortometraje,Ecos,2006,2,tt0490908
521,Cortometraje,Ha Ha Ha America,2006,1,tt0492981
522,Cortometraje,"Hello, Thanks",2006,1,tt0492984
523,Cortometraje,The Debt,2006,1,tt0492961
524,Cortometraje,The Wraith of Cobble Hill,2006,6,tt0493467
525,Cortometraje,First Date,2006,1,tt0492974
526,Cortometraje,Max and Josh,2006,1,tt0493019
527,Cortometraje,Le rouge au sol,2006,1,tt0493444
528,Cortometraje,Gesture Down/I Don't Sing,2006,1,tt0492978
529,Cortometraje,Bugcrush,2006,1,tt0492940
530,Cortometraje,Redemptitude,2006,1,tt0493055
531,Cortometraje,A Supermarket Love Song,2006,1,tt0493457
532,Cortometraje,Lighten Up,2006,1,tt0492999
533,Cortometraje,Aruba,2006,1,tt0493392
534,Cortometraje,Marjoun and the Flying Headscarf,2006,1,tt0493017
535,Cortometraje,Fable,2006,,tt0493413
536,Cortometraje,Hold Up,2006,1,tt0492986
537,Cortometraje,Fourteen,2006,1,tt0492621
538,Cortometraje,Große Freiheit,2006,4,tt0495341
539,Cortometraje,One Sung Hero,2006,1,tt0493036
540,Cortometraje,Marrying God,2006,,tt0496349
541,Cortometraje,Dandelions,2006,,tt0496609
542,Cortometraje,A Sharp,2006,6,tt0497493
543,Cortometraje,Hör hans röst,2006,1,tt0497918
544,Cortometraje,The Decision,2006,2,tt0498338
545,Cortometraje,Der Häftling des Monats,2006,7,tt0498912
546,Cortometraje,Le funambule,2006,1,tt0498497
547,Cortometraje,Le bourreau des innocents,2006,1,tt0499441
548,Cortometraje,Sentence finale,2006,2,tt0499564
549,Cortometraje,The Heart and Other Small Shapes,2006,1,tt0756656
550,Cortometraje,The Feudalists,2006,1,tt0756643
551,Cortometraje,In the Tradition of My Family,2006,2,tt0756663
552,Cortometraje,Broken,2006,2,tt0756628
553,Cortometraje,Nichts weiter als,2006,2,tt0757287
554,Cortometraje,Roma Sub Rosa: The Secret Under the Rose,2006,3,tt0756708
555,Cortometraje,Crossing,2006,1,tt0756638
556,Cortometraje,Shade,2006,2,tt0756713
557,Cortometraje,Die trojanische Kuh,2006,1,tt0757349
558,Cortometraje,Echoes,2006,3,tt0756642
559,Cortometraje,Jonas am Meer,2006,1,tt0757234
560,Cortometraje,Wigald,2006,1,tt0757375
561,Cortometraje,Born Guilty,2006,,tt0756627
562,Cortometraje,Imaginary Friend,2006,2,tt0758041
563,Cortometraje,Gillery's Little Secret,2006,3,tt0756651
564,Cortometraje,Cauchemar du perdeur de clés,2006,1,tt0760495
565,Cortometraje,The Honeyfields,2006,2,tt0763312
566,Cortometraje,Ce que je vous dois,2006,-,tt0765016
567,Cortometraje,Girl with Gun,2006,5,tt0764642
568,Cortometraje,High Winds,2006,1,tt0764645
569,Cortometraje,Le moindre souffle,2006,1,tt0765115
570,Cortometraje,Play the Game,2006,4,tt0765133
571,Cortometraje,Forcené,2006,11,tt0766212
572,Cortometraje,Rauskommen,2006,5,tt0766217
573,Cortometraje,Real Gone Cat,2006,4,tt0766218
574,Cortometraje,Transport,2006,1,tt0766222
575,Cortometraje,Basti,2006,1,tt0768174
576,Cortometraje,Caso terminal,2006,4,tt0768793
577,Cortometraje,Sense Memory,2006,2,tt0768810
578,Cortometraje,Mondmann,2006,2,tt0768213
579,Cortometraje,The Ties That Bind,2006,2,tt0770817
580,Cortometraje,The Red Scarf,2006,1,tt0772253
581,Cortometraje,Avsked,2006,1,tt0774033
582,Cortometraje,Mon trajet préféré,2006,1,tt0774041
583,Cortometraje,Green Season,2006,1,tt0772234
584,Cortometraje,Almas congeladas,2006,1,tt0772218
585,Cortometraje,Offside,2006,6,tt0774754
586,Cortometraje,Poignée de main,2006,1,tt0774046
587,Cortometraje,In the Penal Colony,2006,3,tt0773756
588,Cortometraje,Tühirand,2006,1,tt0774123
589,Cortometraje,Ver a Laura,2006,2,tt0774704
590,Cortometraje,Shortstop,2006,3,tt0774052
591,Cortometraje,American Dreams,2006,1,tt0776758
592,Cortometraje,Lucid,2006,4,tt0775504
593,Cortometraje,Ronny & Cindy,2006,5,tt0775527
594,Cortometraje,Richard Is Beautiful,2006,1,tt0776799
595,Cortometraje,Credo,2006,1,tt0778912
596,Cortometraje,Ynglinge,2006,3,tt0778903
597,Cortometraje,Heartburn,2006,4,tt0776779
598,Cortometraje,Kontakt,2006,2,tt0779274
599,Cortometraje,Bip Bop Bip Bop Bap,2006,1,tt0776764
600,Cortometraje,Ralph,2006,1,tt0776797
601,Cortometraje,Expectation,2006,3,tt0779265
602,Cortometraje,Edno patuvane do horizonta,2006,2,tt0778680
603,Cortometraje,Janie,2006,2,tt0779270
604,Cortometraje,Good Kill,2006,3,tt0780525
605,Cortometraje,Seduction,2006,1,tt0779763
606,Cortometraje,Kinahan's Law,2006,2,tt0779273
607,Cortometraje,Seeing a Sleeping Woman,2006,2,tt0779286
608,Cortometraje,Pasamontañas,2006,3,tt0781451
609,Cortometraje,Le grand bassin,2006,3,tt0781387
610,Cortometraje,Killarna - en far og seks syv brødre,2006,3,tt0778753
611,Cortometraje,Low and High,2006,1,tt0779275
612,Cortometraje,The Milky Way,2006,1,tt0782145
613,Cortometraje,Alaska,2006,5,tt0782131
614,Cortometraje,Roswell Enterprises,2006,2,tt0782862
615,Cortometraje,Papa Joe,2006,2,tt0782701
616,Cortometraje,Spielvergnügen,2006,3,tt0783587
617,Cortometraje,Hayelet Bodeda,2006,,tt0783728
618,Cortometraje,Barburot,2006,2,tt0783670
619,Cortometraje,Halley's Comet,2006,3,tt0784144
620,Cortometraje,Kami balatar,2006,2,tt0783741
621,Cortometraje,Static,2006,2,tt0784158
622,Cortometraje,The Poet and the Bear,2006,4,tt0784153
623,Cortometraje,High Maintenance,2006,9,tt0783732
624,Cortometraje,Nearlife,2006,7,tt0785033
625,Cortometraje,Un lever de rideau,2006,3,tt0783849
626,Cortometraje,Reflections of a Life,2006,2,tt0784833
627,Cortometraje,Ao Fundo do Túnel,2006,4,tt0786925
628,Cortometraje,Hallelujah,2006,5,tt0787473
629,Cortometraje,Nutmeg,2006,3,tt0788148
630,Cortometraje,Háblame bajito,2006,4,tt0787032
631,Cortometraje,Prikazka za rasteneto,2006,3,tt0788225
632,Cortometraje,Fliegen und fallen,2006,5,tt0790664
633,Cortometraje,"Hotel, Pigeons",2006,3,tt0788097
634,Cortometraje,The Utopian,2006,7,tt0790774
635,Cortometraje,Ed I Hide,2006,3,tt0789772
636,Cortometraje,So Hot for You,2006,1,tt0789788
637,Cortometraje,Tomorrow's Yesterday,2006,3,tt0789791
638,Cortometraje,Goodboys,2006,1,tt0790466
639,Cortometraje,Mellan natt och dag,2006,1,tt0791127
640,Cortometraje,The Janitors,2006,3,tt0791243
641,Cortometraje,The Militant,2006,2,tt0791129
642,Cortometraje,Soldier,2006,3,tt0791195
643,Cortometraje,Mad Lane,2006,3,tt0791248
644,Cortometraje,3:20,2006,5,tt0791212
645,Cortometraje,The Brothers,2006,2,tt0791623
646,Cortometraje,Father's Day,2006,3,tt0791237
647,Cortometraje,Contention,2006,3,tt0791628
648,Cortometraje,Mors dag,2006,1,tt0791130
649,Cortometraje,Affected,2006,4,tt0791290
650,Cortometraje,Cutout,2006,4,tt0791109
651,Cortometraje,What Remains,2006,3,tt0791650
652,Cortometraje,Let Go,2006,3,tt0791084
653,Cortometraje,The Caregiver,2006,2,tt0791226
654,Cortometraje,Fra gli amici,2006,2,tt0791173
655,Cortometraje,Thirsty,2006,3,tt0791156
656,Cortometraje,Rapace,2006,10,tt0793434
657,Cortometraje,Le livre des morts de Belleville,2006,1,tt0793544
658,Cortometraje,Benção,2006,,tt0793402
659,Cortometraje,Boys & Girls,2006,,tt0793404
660,Cortometraje,Hole in the Wall,2006,3,tt0794292
661,Cortometraje,Lights Out,2006,3,tt0795415
662,Cortometraje,Casa,2006,5,tt0796208
663,Cortometraje,Silence,2006,3,tt0796234
664,Cortometraje,Self Portrait,2006,1,tt0796359
665,Cortometraje,Triple Bill,2006,3,tt0795485
666,Cortometraje,No Menus Please,2006,4,tt0796225
667,Cortometraje,Nostalgia,2006,8,tt0795437
668,Cortometraje,Terminal,2006,2,tt0796837
669,Cortometraje,Amancay,2006,,tt0796910
670,Cortometraje,Neilah,2006,,tt0797030
671,Cortometraje,Cartas,2006,-,tt0796928
672,Cortometraje,Intelligence,2006,2,tt0796822
673,Cortometraje,Pacific,2006,2,tt0796601
674,Cortometraje,A Short Film,2006,3,tt0796606
675,Cortometraje,Ocha,2006,3,tt0796599
676,Cortometraje,Snake Bite,2006,3,tt0796834
677,Cortometraje,A Quiet Drink,2006,2,tt0798793
678,Cortometraje,Rebirth,2006,1,tt0798794
679,Cortometraje,The Watering Hole,2006,4,tt0798900
680,Cortometraje,Mothers Be Good,2006,2,tt0798790
681,Cortometraje,The Water Diary,2006,5,tt0800262
682,Cortometraje,Busy Night,2006,4,tt0799961
683,Cortometraje,Lure,2006,4,tt0800120
684,Cortometraje,The Last Chip,2006,6,tt0800112
685,Cortometraje,Schlafgut,2006,-,tt0800189
686,Cortometraje,Bright Lights,2006,-,tt0799955
687,Cortometraje,Yesterday's Dream,2006,1,tt0800274
688,Cortometraje,Out of the Woods,2006,10,tt0800152
689,Cortometraje,Duncan Removed,2006,4,tt0800013
690,Cortometraje,Mother,2006,1,tt0800350
691,Cortometraje,Chicxulub,2006,4,tt0799980
692,Cortometraje,The Projectionist,2006,4,tt0800008
693,Cortometraje,Purse Snatcher,2006,2,tt0800169
694,Cortometraje,Tertium non datur,2006,2,tt0800235
695,Cortometraje,Spanish Boots,2006,4,tt0800213
696,Cortometraje,Shiner,2006,4,tt0800198
697,Cortometraje,Utensílios do Amor,2006,4,tt0799837
698,Cortometraje,Summer,2006,2,tt0800225
699,Cortometraje,Home,2006,5,tt0800072
700,Cortometraje,Flights of Angels,2006,7,tt0800033
701,Cortometraje,A Cigar at the Beach,2006,3,tt0799986
702,Cortometraje,Twenty Dollar Drinks,2006,4,tt0800245
703,Cortometraje,Recalled,2006,4,tt0800173
704,Cortometraje,Laundromancer,2006,3,tt0801341
705,Cortometraje,Nature's Way,2006,5,tt0800961
706,Cortometraje,Amma,2006,-,tt0800980
707,Cortometraje,Frühstücken,2006,2,tt0800042
708,Cortometraje,Swan Song,2006,3,tt0800227
709,Cortometraje,Conte de quartier,2006,2,tt0800958
710,Cortometraje,Mercy Seed,2006,1,tt0801832
711,Cortometraje,Uroboro,2006,2,tt0801843
712,Cortometraje,Terje Vigen,2006,1,tt0801012
713,Cortometraje,Moving,2006,3,tt0801516
714,Cortometraje,Primera nieve,2006,5,tt0800964
715,Cortometraje,Captain Valedor,2006,4,tt0801332
716,Cortometraje,Sniffer,2006,1,tt0800966
717,Cortometraje,At Play,2006,2,tt0801821
718,Cortometraje,An Teanga Runda,2006,11,tt0801841
719,Cortometraje,Fast Money,2006,5,tt0801828
720,Cortometraje,Joy in the Mourning,2006,3,tt0804261
721,Cortometraje,The Fatal Rhyme,2006,3,tt0804254
722,Cortometraje,Checkpoint,2006,6,tt0805503
723,Cortometraje,The Place,2006,4,tt0805586
724,Cortometraje,Gatorman,2006,4,tt0802996
725,Cortometraje,Lapin aux cèpes,2006,4,tt0803024
726,Cortometraje,My African Giraffe,2006,5,tt0803042
727,Cortometraje,Pernambuco,2006,3,tt0806153
728,Cortometraje,Pomoge mne,2006,3,tt0806155
729,Cortometraje,O Retrato da Felicidade,2006,5,tt0806168
730,Cortometraje,La morte rouge,2006,2,tt0806125
731,Cortometraje,Never Be Mine,2006,1,tt0806135
732,Cortometraje,Fishin',2006,5,tt0806071
733,Cortometraje,Stalled,2006,3,tt0804305
734,Cortometraje,The Sonnets,2006,4,tt0806183
735,Cortometraje,Tony Heard a Gunshot,2006,5,tt0806192
736,Cortometraje,WalkAway,2006,3,tt0804549
737,Cortometraje,Cold Comfort,2006,4,tt0805507
738,Cortometraje,(Desire),2006,5,tt0806001
739,Cortometraje,Le fil des coups,2006,3,tt0806069
740,Cortometraje,The Lunchroom,2006,3,tt0806115
741,Cortometraje,The Christmas Tree,2006,4,tt0805504
742,Cortometraje,Diaries of a Coloured Grey,2006,4,tt0806054
743,Cortometraje,Dunny,2006,2,tt0805518
744,Cortometraje,The Sound of Water Rising,2006,4,tt0805615
745,Cortometraje,Desire,2006,3,tt0806052
746,Cortometraje,Heimweg,2006,4,tt0806086
747,Cortometraje,Fragile,2006,5,tt0805532
748,Cortometraje,Toast,2006,3,tt0805699
749,Cortometraje,A.M.,2006,1,tt0805480
750,Cortometraje,Twilite Memories,2006,3,tt0805636
751,Cortometraje,In Your Dreams,2006,4,tt0805329
752,Cortometraje,A Change Is Gonna Come,2006,3,tt0805502
753,Cortometraje,Lady Macbeth,2006,1,tt0805563
754,Cortometraje,Three Queens,2006,4,tt0805630
755,Cortometraje,Shank 101,2006,4,tt0805612
756,Cortometraje,1974 in California,2006,2,tt0805477
757,Cortometraje,The Collector,2006,3,tt0805508
758,Cortometraje,Godkänd,2006,2,tt0805539
759,Cortometraje,Leila,2006,2,tt0807717
760,Cortometraje,Threshold,2006,3,tt0807855
761,Cortometraje,"But Seriously, Folks",2006,3,tt0808188
762,Cortometraje,Pop Star,2006,4,tt0808424
763,Cortometraje,Rosa,2006,4,tt0808451
764,Cortometraje,The Earl Thompson Movement,2006,4,tt0809423
765,Cortometraje,The Finnian Cycle,2006,3,tt0808268
766,Cortometraje,Welcome to Lyle's Gas 'n Go,2006,4,tt0808920
767,Cortometraje,"Gypsies, Tramps & Thieves",2006,5,tt0807842
768,Cortometraje,Memories of a Sick Mind,2006,1,tt0807722
769,Cortometraje,"Every Time I Breathe Out, You're Breathing In",2006,4,tt0808257
770,Cortometraje,War,2006,4,tt0808918
771,Cortometraje,In Memory of Me,2006,3,tt0808316
772,Cortometraje,Reclamation,2006,4,tt0809452
773,Cortometraje,Dancing Ground,2006,5,tt0807942
774,Cortometraje,Wretched,2006,4,tt0808922
775,Cortometraje,En el hoyo,2006,3,tt0808251
776,Cortometraje,Last Words,2006,4,tt0808343
777,Cortometraje,Even Money,2006,5,tt0808256
778,Cortometraje,The Night Before the Morning After,2006,4,tt0808901
779,Cortometraje,Dancing,2006,3,tt0808215
780,Cortometraje,Helena,2006,4,tt0807843
781,Cortometraje,Adam's Eve,2006,4,tt0808143
782,Cortometraje,La taqueria,2006,2,tt0809468
783,Cortometraje,Life's Riff,2006,4,tt0808349
784,Cortometraje,The Counter,2006,5,tt0810066
785,Cortometraje,The Unbroken Circle,2006,2,tt0810468
786,Cortometraje,Losing Faith,2006,4,tt0809440
787,Cortometraje,Coda,2006,2,tt0809919
788,Cortometraje,Broken Oath,2006,4,tt0810785
789,Cortometraje,Pond,2006,2,tt0808422
790,Cortometraje,Tryst,2006,4,tt0810051
791,Cortometraje,The Drive-by Ventriloquist,2006,2,tt0808239
792,Cortometraje,Shams & Rumi: The Fragrance of Axis Mundi,2006,4,tt0808467
793,Cortometraje,Susannah,2006,4,tt0808490
794,Cortometraje,Split Decision,2006,4,tt0808477
795,Cortometraje,Elevate,2006,7,tt0810853
796,Cortometraje,Valediction,2006,3,tt0810052
797,Cortometraje,Like Trees,2006,3,tt0808351
798,Cortometraje,The Woman Upstairs,2006,3,tt0810476
799,Cortometraje,The Saint of Avenue B,2006,9,tt0810091
800,Cortometraje,Straight Boys,2006,3,tt0808485
801,Cortometraje,The Floor,2006,8,tt0810000
802,Cortometraje,Le dîner,2006,11,tt0810848
803,Cortometraje,Cruces desiertas,2006,-,tt0808227
804,Cortometraje,Commitment,2006,4,tt0810807
805,Cortometraje,Incident at Alma,2006,2,tt0807844
806,Cortometraje,Dry Clean Only,2006,4,tt0810380
807,Cortometraje,My Mother's Hairdo,2006,4,tt0810086
808,Cortometraje,Deck of Gray,2006,4,tt0810377
809,Cortometraje,Pitch,2006,5,tt0809934
810,Cortometraje,Anniversary,2006,4,tt0810359
811,Cortometraje,Petit,2006,4,tt0810088
812,Cortometraje,60 Seconds of Distance,2006,5,tt0810745
813,Cortometraje,Making Your Tea,2006,4,tt0810960
814,Cortometraje,La leche y el agua,2006,11,tt0810933
815,Cortometraje,Take Four,2006,3,tt0811100
816,Cortometraje,The Light,2006,-,tt0810941
817,Cortometraje,Niemand liebt Dich so wie ich,2006,5,tt0810986
818,Cortometraje,Home-Going Service,2006,6,tt0810034
819,Cortometraje,The Pros and Cons of Breathing,2006,2,tt0810442
820,Cortometraje,Ohi pia istories agapis,2006,2,tt0810999
821,Cortometraje,Scummy Man,2006,3,tt0811058
822,Cortometraje,Prank,2006,4,tt0810441
823,Cortometraje,En røverhistorie,2006,4,tt0810449
824,Cortometraje,Pretty Dead Flowers,2006,4,tt0811025
825,Cortometraje,Everything Looks Perfect,2006,4,tt0811776
826,Cortometraje,The Retreat,2006,6,tt0810447
827,Cortometraje,Why the Irish Dance That Way,2006,4,tt0811158
828,Cortometraje,Sadiq,2006,5,tt0810450
829,Cortometraje,Civil War,2006,5,tt0810371
830,Cortometraje,Das Totenband,2006,5,tt0811118
831,Cortometraje,Long John,2006,4,tt0810950
832,Cortometraje,Table for Three,2006,5,tt0811099
833,Cortometraje,The Showdown,2006,3,tt0811067
834,Cortometraje,Snare,2006,4,tt0811076
835,Cortometraje,Silent Night,2006,5,tt0811616
836,Cortometraje,Janelas Verdes,2006,4,tt0811469
837,Cortometraje,L'air de rien,2006,2,tt0813994
838,Cortometraje,Jack,2006,2,tt0813382
839,Cortometraje,Julia's Pit,2006,4,tt0814167
840,Cortometraje,My Struggle,2006,5,tt0814226
841,Cortometraje,L.I.R.R.,2006,5,tt0813404
842,Cortometraje,Wings of Legacy,2006,2,tt0813545
843,Cortometraje,Front obscur,2006,1,tt0814113
844,Cortometraje,Come Home,2006,3,tt0813398
845,Cortometraje,Walls,2006,5,tt0813415
846,Cortometraje,Gray Matter,2006,4,tt0814125
847,Cortometraje,Frozen Cherry Blossoms from My Past,2006,3,tt0814114
848,Cortometraje,The Beautiful Lie,2006,4,tt0814025
849,Cortometraje,Jag älskar dig,2006,3,tt0814161
850,Cortometraje,Yelophant,2006,3,tt0814405
851,Cortometraje,Las luciérnagas,2006,2,tt0815193
852,Cortometraje,The Bag,2006,2,tt0814021
853,Cortometraje,Insider Trading,2006,4,tt0814155
854,Cortometraje,Intimità,2006,4,tt0813628
855,Cortometraje,Begging for Change,2006,5,tt0815870
856,Cortometraje,Walter King,2006,5,tt0813416
857,Cortometraje,Thicker Than Water,2006,5,tt0814352
858,Cortometraje,Within the Ivory Tower,2006,4,tt0814395
859,Cortometraje,Overthrow the Totems,2006,5,tt0813409
860,Cortometraje,The Path of Most Resistance,2006,4,tt0814251
861,Cortometraje,The Cow Thief,2006,5,tt0814066
862,Cortometraje,Surface sensible,2006,4,tt0814341
863,Cortometraje,Missing Girl,2006,5,tt0813406
864,Cortometraje,The Forgotten West,2006,2,tt0814109
865,Cortometraje,Maura's War,2006,5,tt0814210
866,Cortometraje,"Love, Charles",2006,4,tt0815192
867,Cortometraje,Peces plátano,2006,-,tt0814254
868,Cortometraje,Grasshopper,2006,10,tt0814124
869,Cortometraje,Good Bad Karma,2006,5,tt0814123
870,Cortometraje,On the Brink,2006,5,tt0815216
871,Cortometraje,Hawaii,2006,3,tt0814133
872,Cortometraje,Photograph,2006,6,tt0815752
873,Cortometraje,A Cold Blood,2006,2,tt0814056
874,Cortometraje,Saturday Night Life,2006,6,tt0815901
875,Cortometraje,The Year I Ran in the Woods,2006,3,tt0814403
876,Cortometraje,Sepohon Rambutan indah kepunyaanku di tanjung rambutan,2006,4,tt0814779
877,Cortometraje,No Reply,2006,3,tt0815895
878,Cortometraje,Davy and Stu,2006,5,tt0814071
879,Cortometraje,Pop Shot,2006,4,tt0814271
880,Cortometraje,M.O.G.,2006,3,tt0815195
881,Cortometraje,Fred,2006,4,tt0815164
882,Cortometraje,Perception,2006,2,tt0815751
883,Cortometraje,Rhapsody,2006,4,tt0815899
884,Cortometraje,Cricket Head,2006,4,tt0814067
885,Cortometraje,Mothers Ruin,2006,3,tt0815894
886,Cortometraje,The Little Matchgirl,2006,7,tt0816562
887,Cortometraje,Ellie,2006,6,tt0816489
888,Cortometraje,Forgive Me Father,2006,5,tt0816502
889,Cortometraje,Bad Habits,2006,4,tt0815104
890,Cortometraje,Busco,2006,5,tt0815445
891,Cortometraje,Unfinished Business,2006,3,tt0814375
892,Cortometraje,Paketet,2006,1,tt0816606
893,Cortometraje,Shocked Jock,2006,4,tt0815903
894,Cortometraje,Initiation,2006,4,tt0816535
895,Cortometraje,Bedtime Story,2006,3,tt0815109
896,Cortometraje,Ex Memoria,2006,4,tt0816491
897,Cortometraje,Tavake,2006,2,tt0816261
898,Cortometraje,By the Kiss,2006,5,tt0814669
899,Cortometraje,When the Music Stops,2006,4,tt0816186
900,Cortometraje,Due,2006,9,tt0816485
901,Cortometraje,3,2006,4,tt0816232
902,Cortometraje,Watermelon Honey,2006,4,tt0816702
903,Cortometraje,Risk,2006,1,tt0816628
904,Cortometraje,Tootie Pie,2006,,tt0816180
905,Cortometraje,Who Loves the Sun,2006,5,tt0816115
906,Cortometraje,Spleen,2006,6,tt0816659
907,Cortometraje,Low,2006,4,tt0816568
908,Cortometraje,Um Ano Mais Longo,2006,6,tt0817311
909,Cortometraje,Slough Poem 1,2006,6,tt0817519
910,Cortometraje,The Promise,2006,4,tt0817515
911,Cortometraje,Not for Sale,2006,1,tt0817513
912,Cortometraje,(Untitled),2006,1,tt0818579
913,Cortometraje,Baiano,2006,3,tt0819868
914,Cortometraje,Stranded,2006,5,tt0819387
915,Cortometraje,Ousmane,2006,9,tt0819793
916,Cortometraje,Finding Charlie,2006,5,tt0819890
917,Cortometraje,Chalk,2006,-,tt0818481
918,Cortometraje,Hollow China,2006,3,tt0819654
919,Cortometraje,Lovers,2006,2,tt0819376
920,Cortometraje,Botellón,2006,3,tt0818901
921,Cortometraje,Borrowing Rebecca,2006,7,tt0819358
922,Cortometraje,La mirada del adiós,2006,6,tt0819836
923,Cortometraje,Donnie's Curse,2006,6,tt0819881
924,Cortometraje,Invisible,2006,3,tt0818112
925,Cortometraje,Melissa with a Heart Around It,2006,3,tt0818503
926,Cortometraje,The Story of Bubbleboy,2006,2,tt0818527
927,Cortometraje,Wednesday,2006,2,tt0818812
928,Cortometraje,1400 Hrs.,2006,5,tt0818074
929,Cortometraje,No More,2006,2,tt0819629
930,Cortometraje,Josh,2006,3,tt0819658
931,Cortometraje,Paradise No,2006,5,tt0818127
932,Cortometraje,Le bal perdu,2006,3,tt0819756
933,Cortometraje,Final Lap,2006,2,tt0819098
934,Cortometraje,In Case of Emergency,2006,4,tt0819104
935,Cortometraje,Rose,2006,6,tt0818695
936,Cortometraje,Road of the World,2006,2,tt0819119
937,Cortometraje,Living for Love,2006,3,tt0819782
938,Cortometraje,The Fabulous Felix McCabe,2006,3,tt0820878
939,Cortometraje,Cabalerno,2006,2,tt0819684
940,Cortometraje,Gravity Boy,2006,3,tt0818105
941,Cortometraje,David + Jonathan,2006,6,tt0819688
942,Cortometraje,Solace,2006,6,tt0820145
943,Cortometraje,Chroniques,2006,6,tt0820855
944,Cortometraje,Hustler WP,2006,6,tt0820475
945,Cortometraje,Snow,2006,5,tt0821016
946,Cortometraje,Bottleneck,2006,-,tt0818090
947,Cortometraje,Accidents,2006,5,tt0818079
948,Cortometraje,Other Tongue,2006,5,tt0818913
949,Cortometraje,Sirah,2006,4,tt0818916
950,Cortometraje,Flight,2006,5,tt0818597
951,Cortometraje,Going to the Sea,2006,4,tt0818937
952,Cortometraje,Apparent Horizon,2006,6,tt0818471
953,Cortometraje,The Red Coat,2006,8,tt0818793
954,Cortometraje,Guy 101,2006,6,tt0819769
955,Cortometraje,Enhälligt beslut,2006,4,tt0819886
956,Cortometraje,Michigan Sky,2006,6,tt0818862
957,Cortometraje,Love Is the Only Master I'll Serve,2006,6,tt0818686
958,Cortometraje,Small Boxes,2006,4,tt0818524
959,Cortometraje,Here to Stay,2006,5,tt0818892
960,Cortometraje,Almost Ready,2006,3,tt0819087
961,Cortometraje,Blame Falls,2006,10,tt0818742
962,Cortometraje,I'm a Big Brother,2006,6,tt0818772
963,Cortometraje,Stealing Home,2006,7,tt0819935
964,Cortometraje,Miramar Street,2006,3,tt0819913
965,Cortometraje,The Box,2006,5,tt0819683
966,Cortometraje,Model Man,2006,5,tt0818911
967,Cortometraje,If Occurrence,2006,1,tt0818681
968,Cortometraje,Verano,2006,2,tt0818887
969,Cortometraje,The Girl Who Could Run 600 Miles Per Hour,2006,9,tt0820888
970,Cortometraje,Alla fein,2006,1,tt0820023
971,Cortometraje,Stolen Love,2006,7,tt0821018
972,Cortometraje,Huellas,2006,4,tt0820092
973,Cortometraje,Tiny Explosions,2006,3,tt0821027
974,Cortometraje,Wobbegong,2006,6,tt0819949
975,Cortometraje,Windowbreaker,2006,7,tt0820170
976,Cortometraje,Madres,2006,3,tt0820104
977,Cortometraje,All the French Are Whores,2006,4,tt0821953
978,Cortometraje,Time Will Tell,2006,2,tt0823693
979,Cortometraje,A Quiet Spot,2006,6,tt0824389
980,Cortometraje,All Is Forgiven,2006,-,tt0824280
981,Cortometraje,Ashtide,2006,6,tt0824740
982,Cortometraje,You Too Have Walked in My Shoes,2006,5,tt0823637
983,Cortometraje,Real vs. Reel,2006,4,tt0823630
984,Cortometraje,Scorpions & Frogs,2006,7,tt0825333
985,Cortometraje,Held,2006,4,tt0821989
986,Cortometraje,On the Rocks,2006,7,tt0823220
987,Cortometraje,Gelatin Smile,2006,2,tt0823196
988,Cortometraje,Försvar,2006,7,tt0824335
989,Cortometraje,Puerto Rican Squirrels,2006,7,tt0823667
990,Cortometraje,Rock and a Hard Place,2006,-,tt0823724
991,Cortometraje,The 100% Perfect Girl,2006,4,tt0823407
992,Cortometraje,Still,2006,3,tt0823632
993,Cortometraje,Lovesick Blues,2006,3,tt0822391
994,Cortometraje,Ghost Soldier,2006,5,tt0824756
995,Cortometraje,Actors,2006,,tt0822383
996,Cortometraje,Trasig idol,2006,1,tt0824708
997,Cortometraje,"Huevos, besos brujos y mucho amor",2006,6,tt0823249
998,Cortometraje,A Different Light,2006,6,tt0824311
999,Cortometraje,Authority,2006,4,tt0823414
1000,Cortometraje,Revolver,2007,,tt0414454
1001,Cortometraje,Room Service,2007,4,tt0434313
1002,Cortometraje,Silent Night,2007,1,tt0457474
1003,Cortometraje,Beas Vorstellung von Glück,2007,12,tt0467442
1004,Cortometraje,Saving Angelo,2007,,tt0478259
1005,Cortometraje,Matters of Life and Death,2007,,tt0479495
1006,Cortometraje,El sueño de Harvey,2007,10,tt0483171
1007,Cortometraje,La Navidad de la gallina,2007,10,tt0774636
1008,Cortometraje,Night Falls Fast,2007,1,tt0791328
1009,Cortometraje,Found Objects,2007,9,tt0818934
1010,Cortometraje,Sanity or Survival,2007,3,tt0829172
1011,Cortometraje,Türelem,2007,,tt0830981
1012,Cortometraje,The Shadow Man,2007,9,tt0844892
1013,Cortometraje,00:01:18,2007,2,tt0845947
1014,Cortometraje,Meeting Helen,2007,,tt0852443
1015,Cortometraje,Einsame Insel,2007,10,tt0856818
1016,Cortometraje,Santa Croce,2007,12,tt0857338
1017,Cortometraje,Raving,2007,4,tt0862812
1018,Cortometraje,Waylaid,2007,9,tt0863042
1019,Cortometraje,Az alma,2007,2,tt0867238
1020,Cortometraje,Livewire,2007,2,tt0879828
1021,Cortometraje,Stutter,2007,2,tt0880489
1022,Cortometraje,Crocodile Dreaming,2007,2,tt0882761
1023,Cortometraje,Redemption Maddie,2007,2,tt0890881
1024,Cortometraje,Blood Brothers,2007,11,tt0893395
1025,Cortometraje,Seis o siete veranos,2007,7,tt0903018
1026,Cortometraje,Door Out of the Dark,2007,5,tt0902277
1027,Cortometraje,The Violin,2007,8,tt0903033
1028,Cortometraje,Fale. Wyjazd,2007,1,tt0903612
1029,Cortometraje,Mummies: Secrets of the Pharaohs,2007,5,tt0922522
1030,Cortometraje,Trout,2007,1,tt0923953
1031,Cortometraje,For a Swim with the Fish,2007,1,tt0923697
1032,Cortometraje,Aftermath on Meadowlark Lane,2007,1,tt0923582
1033,Cortometraje,High Falls,2007,1,tt0924137
1034,Cortometraje,The Grass Grows Green,2007,1,tt0924136
1035,Cortometraje,Bomb,2007,1,tt0923622
1036,Cortometraje,A Nick in Time,2007,1,tt0923812
1037,Cortometraje,Infinite Delay,2007,1,tt0924139
1038,Cortometraje,Bobby Bird: The Devil in Denim,2007,1,tt0923619
1039,Cortometraje,King,2007,1,tt0926092
1040,Cortometraje,The Oates' Valor,2007,1,tt0926118
1041,Cortometraje,Black and White Trypps Number Three,2007,4,tt0929859
1042,Cortometraje,My Eskimo Friend,2007,1,tt0930904
1043,Cortometraje,Goliath,2007,1,tt0933021
1044,Cortometraje,Crassus,2007,2,tt0932969
1045,Cortometraje,Interview,2007,1,tt0933745
1046,Cortometraje,Dentist Visit,2007,1,tt0932982
1047,Cortometraje,Lens Love Story,2007,1,tt0932539
1048,Cortometraje,Anniversary,2007,5,tt0934372
1049,Cortometraje,Memoryeffekt,2007,9,tt0935110
1050,Cortometraje,The Famous Joe Project,2007,1,tt0934835
1051,Cortometraje,Monsieur Borges and I,2007,1,tt0937366
1052,Cortometraje,Swerve,2007,1,tt0934966
1053,Cortometraje,Pin Wheel,2007,1,tt0940925
1054,Cortometraje,Kleine Annabelle,2007,1,tt0943299
1055,Cortometraje,Ab morgen glücklich,2007,1,tt0943236
1056,Cortometraje,Amelia and Michael,2007,8,tt0945314
1057,Cortometraje,Unfinished,2007,2,tt0945409
1058,Cortometraje,Lumen,2007,1,tt0945361
1059,Cortometraje,Starry Night,2007,1,tt0945597
1060,Cortometraje,A Soldier's Faith,2007,1,tt0947078
1061,Cortometraje,Misfit,2007,1,tt0947047
1062,Cortometraje,Growing Down,2007,2,tt0947015
1063,Cortometraje,Bipolar Order,2007,1,tt0948111
1064,Cortometraje,DayDreams of Rudolph Valentino,2007,2,tt0946997
1065,Cortometraje,Twilight Angel,2007,2,tt0947092
1066,Cortometraje,Left Turn,2007,4,tt0947039
1067,Cortometraje,Rendez-vous fatal,2007,1,tt0947066
1068,Cortometraje,Sista dagen,2007,1,tt0948468
1069,Cortometraje,Minne utan återvändo,2007,1,tt0948454
1070,Cortometraje,Training Wheels,2007,2,tt0948472
1071,Cortometraje,Kake,2007,1,tt0947035
1072,Cortometraje,Zoe's Day,2007,3,tt0948479
1073,Cortometraje,Rub Out,2007,3,tt0948466
1074,Cortometraje,Le café des pécheurs,2007,1,tt0949360
1075,Cortometraje,Untitled/The Trees,2007,2,tt0951308
1076,Cortometraje,Les heures creuses,2007,1,tt0950607
1077,Cortometraje,Moi,2007,1,tt0951334
1078,Cortometraje,Weddings and Beheadings,2007,1,tt0949848
1079,Cortometraje,Contained,2007,1,tt0952649
1080,Cortometraje,Muertas,2007,3,tt0952670
1081,Cortometraje,Blood Red Sand,2007,,tt0953323
1082,Cortometraje,Segundo aniversario,2007,3,tt0953590
1083,Cortometraje,Lay Here,2007,1,tt0953475
1084,Cortometraje,No se retire,2007,1,tt0956348
1085,Cortometraje,Köra runt,2007,1,tt0956345
1086,Cortometraje,Aquanauten,2007,1,tt0954912
1087,Cortometraje,Last Exit,2007,4,tt0955399
1088,Cortometraje,Hideaway,2007,3,tt0954331
1089,Cortometraje,Lebenswandel,2007,1,tt0954949
1090,Cortometraje,On a Tuesday,2007,2,tt0954341
1091,Cortometraje,"My Friends, THC & Me!",2007,3,tt0956347
1092,Cortometraje,The Kolaborator,2007,2,tt0959386
1093,Cortometraje,Greetings from Earth,2007,4,tt0960768
1094,Cortometraje,The Red Front,2007,2,tt0958870
1095,Cortometraje,Alterego,2007,2,tt0960724
1096,Cortometraje,A Death in the Woods,2007,2,tt0961201
1097,Cortometraje,On a Clear Day,2007,3,tt0963785
1098,Cortometraje,Summer Breeze,2007,2,tt0963799
1099,Cortometraje,Den store trollkarlen,2007,1,tt0963998
1100,Cortometraje,A Couple of White Chicks at the Hairdresser,2007,,tt0965369
1101,Cortometraje,Headshot,2007,3,tt0967937
1102,Cortometraje,Téli mese,2007,2,tt0968330
1103,Cortometraje,Un santo para Telmo,2007,2,tt0969747
1104,Cortometraje,Fallout,2007,2,tt0970932
1105,Cortometraje,She Wore a Yellow Scrunchy,2007,2,tt0970192
1106,Cortometraje,Armistice,2007,2,tt0971157
1107,Cortometraje,At Last,2007,5,tt0971158
1108,Cortometraje,Sleepwalkers,2007,1,tt0970544
1109,Cortometraje,On the Spot,2007,3,tt0970949
1110,Cortometraje,I Love You Mommy,2007,1,tt0970939
1111,Cortometraje,I Am Nick Robinson,2007,3,tt0971199
1112,Cortometraje,The Faithful,2007,3,tt0970931
1113,Cortometraje,Redemption Song,2007,3,tt0970540
1114,Cortometraje,"27,000 Days",2007,3,tt0970523
1115,Cortometraje,Suicide Club,2007,2,tt0970194
1116,Cortometraje,A Fitting Tribute,2007,8,tt0970525
1117,Cortometraje,The Rapture of the Athlete Assumed Into Heaven,2007,3,tt0970539
1118,Cortometraje,Last Hand,2007,3,tt0971202
1119,Cortometraje,Forward,2007,3,tt0972375
1120,Cortometraje,Lucky Blue,2007,1,tt0971205
1121,Cortometraje,Breaking Up,2007,2,tt0970923
1122,Cortometraje,Valériane va en ville,2007,,tt0971178
1123,Cortometraje,My Silent Sadness,2007,2,tt0972394
1124,Cortometraje,El camino de Ana,2007,3,tt0972364
1125,Cortometraje,Handle with Care,2007,1,tt0970532
1126,Cortometraje,A Perfect Day,2007,3,tt0971208
1127,Cortometraje,Chickenfüt,2007,2,tt0972366
1128,Cortometraje,Balance,2007,11,tt0972776
1129,Cortometraje,Shadowbox,2007,1,tt0972403
1130,Cortometraje,Morning,2007,3,tt0972391
1131,Cortometraje,Nameless,2007,2,tt0972395
1132,Cortometraje,Face Value,2007,3,tt0972373
1133,Cortometraje,Open Season,2007,3,tt0972397
1134,Cortometraje,Zen läbi prügi,2007,1,tt0972416
1135,Cortometraje,Embedded,2007,3,tt0970491
1136,Cortometraje,The Deceiver,2007,2,tt0970417
1137,Cortometraje,Morpheus' Arms,2007,3,tt0972393
1138,Cortometraje,My Last Ten Hours with You,2007,2,tt0972564
1139,Cortometraje,Cuisine américaine,2007,5,tt0973792
1140,Cortometraje,Marshall,2007,2,tt0973820
1141,Cortometraje,No Town,2007,3,tt0973824
1142,Cortometraje,Citizen X,2007,4,tt0973789
1143,Cortometraje,Rocaille,2007,1,tt0973833
1144,Cortometraje,Never Bet the Devil Your Head,2007,2,tt0973823
1145,Cortometraje,Elena quiere,2007,3,tt0974556
1146,Cortometraje,Traumalogía,2007,3,tt0974658
1147,Cortometraje,The Jackknife Memoriam,2007,6,tt0976128
1148,Cortometraje,Secrets,2007,2,tt0976244
1149,Cortometraje,A Better Life,2007,3,tt0976093
1150,Cortometraje,The Drill,2007,2,tt0975666
1151,Cortometraje,Union Guys,2007,3,tt0976182
1152,Cortometraje,For Lease,2007,7,tt0976034
1153,Cortometraje,The Hostesses,2007,2,tt0976121
1154,Cortometraje,Audition,2007,4,tt0976088
1155,Cortometraje,Relatively Anonymous,2007,3,tt0977233
1156,Cortometraje,Dårlig kjemi,2007,4,tt0977206
1157,Cortometraje,My Father's Tears,2007,3,tt0976150
1158,Cortometraje,Niks tegen Kees zeggen,2007,1,tt0976155
1159,Cortometraje,Eastern Shore,2007,3,tt0976109
1160,Cortometraje,Das Sein und das Nichts,2007,1,tt0977664
1161,Cortometraje,Open House,2007,3,tt0978824
1162,Cortometraje,Under the Bridge,2007,3,tt0978842
1163,Cortometraje,The Hope Chest,2007,3,tt0978814
1164,Cortometraje,Rotten Apple,2007,2,tt0978831
1165,Cortometraje,The Call,2007,2,tt0979865
1166,Cortometraje,My Father's Chinese Wife,2007,1,tt0979921
1167,Cortometraje,Jar,2007,3,tt0979905
1168,Cortometraje,Harlem's Blues,2007,2,tt0979890
1169,Cortometraje,Kill Quincy Wright,2007,2,tt0979909
1170,Cortometraje,Beyond the Pretty Door,2007,2,tt0979855
1171,Cortometraje,La piscine de maman,2007,3,tt0979933
1172,Cortometraje,Peridot,2007,3,tt0981330
1173,Cortometraje,In the Game,2007,2,tt0979898
1174,Cortometraje,961,2007,3,tt0981257
1175,Cortometraje,Missive,2007,1,tt0981312
1176,Cortometraje,Out of Routine,2007,3,tt0981061
1177,Cortometraje,Fade,2007,1,tt0981283
1178,Cortometraje,Papa,2007,2,tt0981326
1179,Cortometraje,Turtle,2007,4,tt0981351
1180,Cortometraje,90 Seconds,2007,3,tt0983210
1181,Cortometraje,The New World,2007,1,tt0983231
1182,Cortometraje,VGL-Hung!,2007,5,tt0983244
1183,Cortometraje,Ashes Fall,2007,3,tt0980944
1184,Cortometraje,Flight to Savannah,2007,3,tt0983217
1185,Cortometraje,The Trip,2007,3,tt0981106
1186,Cortometraje,Life of Will Mezzo,2007,2,tt0983225
1187,Cortometraje,Hjältarna i Telenätet,2007,3,tt0982884
1188,Cortometraje,Ride to Live,2007,4,tt0982920
1189,Cortometraje,The Morning,2007,3,tt0982899
1190,Cortometraje,Pescador,2007,2,tt0984094
1191,Cortometraje,Quake,2007,1,tt0982915
1192,Cortometraje,The Roman,2007,3,tt0982923
1193,Cortometraje,Inside Charlie,2007,2,tt0986327
1194,Cortometraje,Nuit brève,2007,9,tt0985653
1195,Cortometraje,Most Likely To,2007,3,tt0985647
1196,Cortometraje,The Messenger,2007,3,tt0985645
1197,Cortometraje,Freedomland,2007,4,tt0985613
1198,Cortometraje,When the Tide Turns,2007,1,tt0986377
1199,Cortometraje,Petrol,2007,3,tt0985658
1200,Cortometraje,Her mit dem schönen Leben,2007,3,tt0985618
1201,Cortometraje,E.A.P.,2007,1,tt0986352
1202,Cortometraje,Like a Lamb in June,2007,2,tt0986360
1203,Cortometraje,How to Breathe,2007,3,tt0987914
1204,Cortometraje,Moog,2007,2,tt0988118
1205,Cortometraje,The Outskirts,2007,2,tt0988124
1206,Cortometraje,Day 73 with Sarah,2007,3,tt0988082
1207,Cortometraje,The Book,2007,3,tt0989623
1208,Cortometraje,Half Windsor,2007,1,tt0989824
1209,Cortometraje,The Death Strip,2007,4,tt0989632
1210,Cortometraje,La escala Benzer,2007,3,tt0988972
1211,Cortometraje,The Disappearance of Alexandra M.,2007,1,tt0990428
1212,Cortometraje,Clasificados,2007,4,tt0989627
1213,Cortometraje,Signage,2007,3,tt0987930
1214,Cortometraje,Walsowe i tanga ot selo Bela Woda,2007,3,tt0989729
1215,Cortometraje,34,2007,3,tt0989602
1216,Cortometraje,Pinmonkey,2007,1,tt0988125
1217,Cortometraje,Minutite sled tova,2007,3,tt0989684
1218,Cortometraje,Lizard Tail Soup,2007,3,tt0987920
1219,Cortometraje,Give & Take,2007,3,tt0988094
1220,Cortometraje,Will of the Wisp,2007,2,tt0991287
1221,Cortometraje,Öö,2007,3,tt0992940
1222,Cortometraje,Lily,2007,6,tt0992922
1223,Cortometraje,Joseph Henry,2007,4,tt0992976
1224,Cortometraje,Cold,2007,3,tt0992909
1225,Cortometraje,Muisti,2007,2,tt0995046
1226,Cortometraje,5000,2007,3,tt0995705
1227,Cortometraje,Mensajes de voz,2007,3,tt0995824
1228,Cortometraje,Spike Up,2007,,tt0995050
1229,Cortometraje,The Scarlet Letters,2007,2,tt0995049
1230,Cortometraje,Edén,2007,3,tt0995717
1231,Cortometraje,Pieces,2007,1,tt0995743
1232,Cortometraje,The Devil's Chair,2007,2,tt0995817
1233,Cortometraje,April's Last,2007,4,tt0996349
1234,Cortometraje,Jacob's Room,2007,3,tt0996428
1235,Cortometraje,Red Angel,2007,4,tt0997089
1236,Cortometraje,In Vivid Detail,2007,4,tt0997458
1237,Cortometraje,In the Name of the Son,2007,8,tt0999895
1238,Cortometraje,Cante Jondo,2007,4,tt0997040
1239,Cortometraje,Elonkorjuu,2007,3,tt0997056
1240,Cortometraje,Blue Hole,2007,4,tt0997036
1241,Cortometraje,Vartan LLP,2007,3,tt0997106
1242,Cortometraje,Cough Drop,2007,4,tt0997241
1243,Cortometraje,The Drifter,2007,4,tt0997054
1244,Cortometraje,Alma,2007,4,tt0997031
1245,Cortometraje,Waiting for Sunrise,2007,4,tt0997191
1246,Cortometraje,Donny & Ginger,2007,5,tt0997440
1247,Cortometraje,Imago Mundi,2007,3,tt0999894
1248,Cortometraje,Unione europea,2007,2,tt0999923
1249,Cortometraje,Life Like,2007,2,tt0999899
1250,Cortometraje,Un attimo di respiro,2007,3,tt0997204
1251,Cortometraje,100 Miles,2007,3,tt0997201
1252,Cortometraje,Lost Crossing,2007,4,tt0997251
1253,Cortometraje,Silent Radio,2007,3,tt0999912
1254,Cortometraje,Ratana,2007,4,tt0999908
1255,Cortometraje,Vista/View,2007,3,tt1000171
1256,Cortometraje,Still Life,2007,4,tt1000163
1257,Cortometraje,Mirage,2007,3,tt0999902
1258,Cortometraje,Coyote and the Ten Gallon Hat,2007,4,tt0999875
1259,Cortometraje,The Department of Nothing,2007,2,tt0999879
1260,Cortometraje,My Bus Stop,2007,3,tt1001382
1261,Cortometraje,The Girl Who Couldn't Dream,2007,4,tt1001352
1262,Cortometraje,The Parting Gift,2007,3,tt1001392
1263,Cortometraje,Fall,2007,4,tt1001348
1264,Cortometraje,First.,2007,4,tt1002680
1265,Cortometraje,Traffic in the Sky,2007,3,tt1002468
1266,Cortometraje,The First Great Lesson of My Life,2007,3,tt1002447
1267,Cortometraje,Forechecking morfar,2007,1,tt1002604
1268,Cortometraje,Platz im Schatten,2007,5,tt1002694
1269,Cortometraje,In Conflict with Kismet,2007,3,tt1002685
1270,Cortometraje,The Accident,2007,4,tt1002671
1271,Cortometraje,Illegal,2007,4,tt1002684
1272,Cortometraje,Daisy,2007,4,tt1002973
1273,Cortometraje,Jason,2007,3,tt1003001
1274,Cortometraje,Recrue d'essence,2007,,tt1003046
1275,Cortometraje,Inertia,2007,1,tt1002994
1276,Cortometraje,Proof of Birth,2007,4,tt1003044
1277,Cortometraje,The Tape Recorder,2007,4,tt1003064
1278,Cortometraje,Citizen,2007,4,tt1002968
1279,Cortometraje,Electronica,2007,1,tt1002979
1280,Cortometraje,Death's Requiem,2007,2,tt1002975
1281,Cortometraje,The Peoples' Champion,2007,3,tt1003033
1282,Cortometraje,A Good Day,2007,3,tt1002984
1283,Cortometraje,Dorothy,2007,,tt1003271
1284,Cortometraje,Pink Brownies,2007,8,tt10036384
1285,Cortometraje,La strada chiusa,2007,7,tt10048738
1286,Cortometraje,Término medio,2007,3,tt1006970
1287,Cortometraje,Gas Farming,2007,4,tt1006880
1288,Cortometraje,Barber's Crossing,2007,4,tt1006830
1289,Cortometraje,Sopa de pescado,2007,3,tt1006960
1290,Cortometraje,Blonde Street,2007,,tt10066360
1291,Cortometraje,The Work of Life,2007,4,tt1006983
1292,Cortometraje,Anatomia,2007,3,tt1007913
1293,Cortometraje,The Knife Grinder's Tale,2007,4,tt1007995
1294,Cortometraje,Shelter,2007,3,tt1008716
1295,Cortometraje,His Day to Remember,2007,1,tt1010014
1296,Cortometraje,Überfahrt,2007,4,tt1010261
1297,Cortometraje,The Lucky One,2007,5,tt1010021
1298,Cortometraje,Reminder,2007,5,tt1010042
1299,Cortometraje,Lonely Hearts,2007,12,tt1010019
1300,Cortometraje,Purple Velvet Tube Top Truck Stop Madonna,2007,5,tt1010441
1301,Cortometraje,Heavy Metal,2007,3,tt1010401
1302,Cortometraje,Beyond the Silence,2007,5,tt1010378
1303,Cortometraje,The Lesson,2007,3,tt1010413
1304,Cortometraje,Le Shakedown,2007,5,tt1010410
1305,Cortometraje,Feedback,2007,5,tt1010394
1306,Cortometraje,HIYA,2007,,tt10111390
1307,Cortometraje,Possession,2007,4,tt1012794
1308,Cortometraje,Chapitö,2007,3,tt1013539
1309,Cortometraje,La Force de l'Ordre,2007,,tt10142330
1310,Cortometraje,Canción de Agua Fría,2007,,tt10143948
1311,Cortometraje,The Other Woman,2007,3,tt1014681
1312,Cortometraje,Reality Check,2007,5,tt1014686
1313,Cortometraje,Parthenabe,2007,4,tt1014683
1314,Cortometraje,Tug,2007,1,tt1014690
1315,Cortometraje,The Grand Design,2007,9,tt1014676
1316,Cortometraje,Eight One Eight,2007,3,tt1015179
1317,Cortometraje,Abajee,2007,8,tt1015964
1318,Cortometraje,Denial,2007,4,tt1015979
1319,Cortometraje,From a Distance,2007,4,tt1015984
1320,Cortometraje,Vaniljdrömmar,2007,1,tt1016035
1321,Cortometraje,Profile,2007,6,tt10160962
1322,Cortometraje,Park Bench,2007,2,tt1016313
1323,Cortometraje,The Outlaw Son,2007,4,tt1016312
1324,Cortometraje,The End Is Blossoming: The Ghosts of Ybor,2007,4,tt1016295
1325,Cortometraje,Foreign Soil,2007,4,tt1017436
1326,Cortometraje,Kemo Sabe,2007,3,tt1018735
1327,Cortometraje,Mexican Sky,2007,7,tt1018749
1328,Cortometraje,Hungarian Salami,2007,5,tt1018895
1329,Cortometraje,Entangled,2007,6,tt1019404
1330,Cortometraje,Remains,2007,3,tt1019416
1331,Cortometraje,Nagpapanggap,2007,4,tt1018915
1332,Cortometraje,Präfinal,2007,4,tt1019414
1333,Cortometraje,"Where's My Close-up, Mr. Thornton?",2007,5,tt1019424
1334,Cortometraje,The Gift,2007,2,tt1019915
1335,Cortometraje,Feeding,2007,3,tt1019909
1336,Cortometraje,Waste Land,2007,4,tt1019981
1337,Cortometraje,Trigger Finger,2007,5,tt1020579
1338,Cortometraje,The Anatomy of a Frog,2007,4,tt1020520
1339,Cortometraje,I'm Going to Live Forever,2007,6,tt1020882
1340,Cortometraje,Finding Space,2007,3,tt1020953
1341,Cortometraje,One Day in January,2007,7,tt1020896
1342,Cortometraje,Die John Powers Variante,2007,4,tt1020963
1343,Cortometraje,Utkant,2007,6,tt1020999
1344,Cortometraje,When Music Ends,2007,1,tt1021001
1345,Cortometraje,Boot Polish,2007,5,tt1020943
1346,Cortometraje,Agora Tu,2007,,tt1022261
1347,Cortometraje,História Desgraçada,2007,4,tt1022267
1348,Cortometraje,8cho,2007,4,tt1022493
1349,Cortometraje,Tango Theory,2007,5,tt10229674
1350,Cortometraje,Blue,2007,5,tt1023117
1351,Cortometraje,Desperté,2007,2,tt10230262
1352,Cortometraje,Detector,2007,4,tt1023337
1353,Cortometraje,Save the World,2007,5,tt1024779
1354,Cortometraje,Snare,2007,6,tt1024871
1355,Cortometraje,All Day Long,2007,4,tt1024893
1356,Cortometraje,Midnight Son,2007,2,tt1024659
1357,Cortometraje,Wednesday,2007,1,tt1024676
1358,Cortometraje,Modern Times,2007,4,tt1024907
1359,Cortometraje,Sous mes yeux,2007,3,tt1024669
1360,Cortometraje,Sweet Dreams,2007,5,tt1024874
1361,Cortometraje,Bleiben will ich wo ich nie gewesen bin,2007,4,tt1024895
1362,Cortometraje,The Old Son,2007,4,tt1024859
1363,Cortometraje,Honeymoon,2007,4,tt1024849
1364,Cortometraje,Oy Vey!,2007,7,tt1024860
1365,Cortometraje,Green Demise,2007,1,tt1024940
1366,Cortometraje,Unmada,2007,2,tt1024672
1367,Cortometraje,The Stain on the Sidewalk,2007,10,tt1024922
1368,Cortometraje,Float,2007,4,tt1024842
1369,Cortometraje,Curious,2007,4,tt1024837
1370,Cortometraje,Vi ses,2007,4,tt1024950
1371,Cortometraje,Kaikki ajallaan,2007,4,tt1024987
1372,Cortometraje,Fog,2007,5,tt1024961
1373,Cortometraje,Dolly,2007,4,tt1024957
1374,Cortometraje,The Attackmen,2007,5,tt1028522
1375,Cortometraje,Her Smile,2007,3,tt1028541
1376,Cortometraje,Nesreca uvek ima tendenciju da se uvecava,2007,3,tt1028560
1377,Cortometraje,Deface,2007,4,tt1028529
1378,Cortometraje,Outubro,2007,11,tt10288060
1379,Cortometraje,Spider,2007,4,tt1029161
1380,Cortometraje,Hearts and Hotel Rooms,2007,5,tt1029310
1381,Cortometraje,Call Me Harry,2007,4,tt1029270
1382,Cortometraje,The Garden of Edward,2007,4,tt1029306
1383,Cortometraje,Peel,2007,4,tt1029353
1384,Cortometraje,Embargo,2007,4,tt1029289
1385,Cortometraje,9:28 ng Umaga sa Kartaxim,2007,1,tt10309822
1386,Cortometraje,"Cloud in the Sky, Water in the Glass",2007,,tt1031223
1387,Cortometraje,Birthright,2007,3,tt1031216
1388,Cortometraje,Crossbow,2007,6,tt1031228
1389,Cortometraje,Pariah,2007,4,tt1031263
1390,Cortometraje,With Nothing Left,2007,6,tt1032017
1391,Cortometraje,Seeking Mary,2007,4,tt1032016
1392,Cortometraje,Imperial Violet,2007,6,tt1032193
1393,Cortometraje,Maine Story,2007,4,tt1033486
1394,Cortometraje,Vois moi,2007,3,tt1033642
1395,Cortometraje,A New Beginning,2007,5,tt1033491
1396,Cortometraje,Shadows,2007,5,tt1033628
1397,Cortometraje,Messaoud,2007,3,tt1033607
1398,Cortometraje,A Faustian Tale,2007,,tt1033582
1399,Cortometraje,Days of Fall,2007,5,tt1033573
1400,Cortometraje,Olas de verano,2007,5,tt1033610
1401,Cortometraje,"Happy Anniversary, Punk!",2007,6,tt1034033
1402,Cortometraje,Muuttopäivä,2007,3,tt1034054
1403,Cortometraje,4 Shadows Cast from Confusion,2007,6,tt1034005
1404,Cortometraje,Corsa sporca,2007,4,tt1034021
1405,Cortometraje,Loaded,2007,5,tt1034042
1406,Cortometraje,Since September,2007,3,tt1034069
1407,Cortometraje,Security,2007,3,tt1034066
1408,Cortometraje,Wish,2007,5,tt1034420
1409,Cortometraje,The Wind Fisherman,2007,5,tt1034470
1410,Cortometraje,Sad Lisa,2007,2,tt1034460
1411,Cortometraje,Trace,2007,4,tt1034467
1412,Cortometraje,Günstige Prognose,2007,4,tt1034444
1413,Cortometraje,In a Moment,2007,5,tt1035464
1414,Cortometraje,Till slut,2007,1,tt1035500
1415,Cortometraje,Year of the Dog,2007,5,tt1035516
1416,Cortometraje,Santa Claus,2007,,tt10371516
1417,Cortometraje,The Gift,2007,5,tt1037738
1418,Cortometraje,Neostorozhnost,2007,6,tt1037754
1419,Cortometraje,Rosario y el mar,2007,,tt1037841
1420,Cortometraje,Sugus y brandy,2007,5,tt1037857
1421,Cortometraje,Weekends in Brooklyn,2007,5,tt1038114
1422,Cortometraje,Redemption,2007,3,tt1038073
1423,Cortometraje,Klaüs,2007,4,tt1038036
1424,Cortometraje,"China, China",2007,9,tt1037996
1425,Cortometraje,Milagros a domicilio,2007,-,tt10383214
1426,Cortometraje,King of Swords,2007,6,tt1039968
1427,Cortometraje,Heartland,2007,5,tt1039964
1428,Cortometraje,Um Ramo,2007,5,tt1039997
1429,Cortometraje,Odi et Amo,2007,4,tt1039978
1430,Cortometraje,Connections,2007,7,tt1039955
1431,Cortometraje,La vida blanca,2007,3,tt1039998
1432,Cortometraje,Room Nine,2007,10,tt1040032
1433,Cortometraje,Lily,2007,6,tt1039973
1434,Cortometraje,Snake Blood,2007,-,tt10403942
1435,Cortometraje,Sola,2007,-,tt10413006
1436,Cortometraje,Posi+ive,2007,5,tt1041826
1437,Cortometraje,Message to Blind Flower,2007,1,tt1041792
1438,Cortometraje,Elefante blanco,2007,5,tt1042496
1439,Cortometraje,The Other Half,2007,1,tt1042535
1440,Cortometraje,In the Spotlight,2007,5,tt1042892
1441,Cortometraje,Unfortunately Malory,2007,4,tt1042917
1442,Cortometraje,Mercy,2007,6,tt1042899
1443,Cortometraje,Endure,2007,10,tt10426298
1444,Cortometraje,Lost Companion,2007,5,tt10425870
1445,Cortometraje,Godspeed,2007,6,tt1043477
1446,Cortometraje,Game Over,2007,5,tt1043473
1447,Cortometraje,Puppetlove,2007,3,tt1043531
1448,Cortometraje,Street Haunting,2007,6,tt1043808
1449,Cortometraje,I,2007,4,tt1043586
1450,Cortometraje,I Think I'm Alone Now,2007,3,tt1043727
1451,Cortometraje,Gli occhi di Cristo,2007,-,tt1043805
1452,Cortometraje,Licorice,2007,6,tt1043795
1453,Cortometraje,To spiti me tis elies,2007,1,tt1043558
1454,Cortometraje,Ron the Zookeeper,2007,3,tt1043771
1455,Cortometraje,My First Christmas Tree,2007,5,tt1043736
1456,Cortometraje,Spin,2007,6,tt1043747
1457,Cortometraje,Jelly's Placenta,2007,4,tt1043793
1458,Cortometraje,Wrinkles,2007,1,tt1043758
1459,Cortometraje,A Little Silence,2007,5,tt1043905
1460,Cortometraje,Heir to the Waves,2007,1,tt10457324
1461,Cortometraje,Crossing the Line,2007,3,tt1045825
1462,Cortometraje,Pearl,2007,6,tt1046188
1463,Cortometraje,Honey and Razor Blades,2007,-,tt1046177
1464,Cortometraje,Closer Apart,2007,5,tt10472268
1465,Cortometraje,Mota Shel Shula,2007,5,tt1047499
1466,Cortometraje,LA Noir,2007,5,tt1047484
1467,Cortometraje,Even If,2007,5,tt1047469
1468,Cortometraje,Crazy Lovin',2007,5,tt1047455
1469,Cortometraje,Always Crashing in the Same Car,2007,6,tt1047441
1470,Cortometraje,Softly,2007,6,tt1047526
1471,Cortometraje,Der lachende Hund,2007,5,tt1047830
1472,Cortometraje,En pays éloigné,2007,6,tt1047815
1473,Cortometraje,Le vacant,2007,5,tt1047541
1474,Cortometraje,The Spirit,2007,6,tt1047528
1475,Cortometraje,Night Becomes Day,2007,1,tt1047840
1476,Cortometraje,Resigned,2007,2,tt1047671
1477,Cortometraje,Die Zeit zwischen zwei Träumen,2007,5,tt1047709
1478,Cortometraje,The Fear Despair,2007,6,tt1047818
1479,Cortometraje,Miriam,2007,6,tt1047836
1480,Cortometraje,Edible,2007,3,tt1047814
1481,Cortometraje,Letter to You,2007,6,tt1047831
1482,Cortometraje,Pearl,2007,3,tt10493050
1483,Cortometraje,Life Extension,2007,,tt10498294
1484,Cortometraje,Lia,2007,6,tt1050156
1485,Cortometraje,Blindness,2007,5,tt1050236
1486,Cortometraje,Som en familie,2007,6,tt1051391
1487,Cortometraje,Katoomba,2007,6,tt1051235
1488,Cortometraje,Noget for noget,2007,6,tt1051359
1489,Cortometraje,Yellow,2007,2,tt1051404
1490,Cortometraje,Knus,2007,6,tt1051344
1491,Cortometraje,Mig & Che,2007,6,tt1051352
1492,Cortometraje,Paragraf 15,2007,6,tt1051365
1493,Cortometraje,Disconnected,2007,4,tt1051994
1494,Cortometraje,In the Foxhole,2007,6,tt1052009
1495,Cortometraje,Za shîkuretto shô,2007,7,tt1051919
1496,Cortometraje,Outsourcing,2007,3,tt1052029
1497,Cortometraje,The Restaurant,2007,4,tt1052037
1498,Cortometraje,The Quiet Place,2007,7,tt1052034
1499,Cortometraje,Shadows Over Sugar,2007,3,tt1052042
1500,Cortometraje,2 en 1 auto,2008,11,tt0326495
1501,Cortometraje,The Briefcase,2008,5,tt0802954
1502,Cortometraje,Beautiful,2008,5,tt0802949
1503,Cortometraje,Tunnelrat,2008,,tt0812393
1504,Cortometraje,Reflections,2008,1,tt0811036
1505,Cortometraje,Miranda & Gordon,2008,4,tt0814216
1506,Cortometraje,Paperboat,2008,4,tt0819918
1507,Cortometraje,A Fix,2008,,tt0939612
1508,Cortometraje,Basho,2008,,tt0943945
1509,Cortometraje,Dry Rain,2008,5,tt0979253
1510,Cortometraje,Three-Fifty,2008,11,tt0995054
1511,Cortometraje,Quaresma,2008,9,tt10028444
1512,Cortometraje,Street Coffee,2008,,tt10046954
1513,Cortometraje,The Last Kiss,2008,9,tt10055598
1514,Cortometraje,The Daily Heap,2008,10,tt10071110
1515,Cortometraje,Un Hombre Desconocido,2008,10,tt10135258
1516,Cortometraje,Check - Fate,2008,,tt10142172
1517,Cortometraje,Kitten,2008,2,tt10163218
1518,Cortometraje,A Visita,2008,,tt10163604
1519,Cortometraje,Ashes of Rose,2008,1,tt10183252
1520,Cortometraje,Suicide of Quadruplets,2008,,tt10208776
1521,Cortometraje,Mind Games,2008,8,tt10280604
1522,Cortometraje,Inbetween,2008,1,tt1027875
1523,Cortometraje,Journey into Night,2008,10,tt10298138
1524,Cortometraje,Stood Up.,2008,12,tt10333638
1525,Cortometraje,Check Point,2008,2,tt10332530
1526,Cortometraje,Dandane Abi,2008,11,tt10342578
1527,Cortometraje,Springflower,2008,,tt10366304
1528,Cortometraje,American Pastoral,2008,10,tt10418236
1529,Cortometraje,Migration,2008,3,tt1043717
1530,Cortometraje,One Wonderful Monday,2008,,tt10476250
1531,Cortometraje,Crumble,2008,,tt10496916
1532,Cortometraje,Dark Yellow,2008,4,tt1056048
1533,Cortometraje,The Ballad of Stiv Spangle,2008,11,tt10569746
1534,Cortometraje,Khoya Paaya (Lost and Found),2008,2,tt10596928
1535,Cortometraje,Xenophilia,2008,3,tt10598890
1536,Cortometraje,"Da, da ge da xi gua",2008,10,tt10627086
1537,Cortometraje,Doorways,2008,2,tt10631280
1538,Cortometraje,Le fil de Polynice,2008,,tt10660262
1539,Cortometraje,Insider Outsider,2008,10,tt10713350
1540,Cortometraje,Taximan,2008,,tt1078190
1541,Cortometraje,Rue de la Source,2008,5,tt10833478
1542,Cortometraje,The Pardoner's Tale,2008,2,tt1084032
1543,Cortometraje,Khi Tôi 20,2008,9,tt10928504
1544,Cortometraje,Hopeless,2008,5,tt10935232
1545,Cortometraje,9 Yil Sonra,2008,8,tt10999336
1546,Cortometraje,Offres Spéciales,2008,,tt11033904
1547,Cortometraje,The Line,2008,11,tt11055962
1548,Cortometraje,Hole in the Paper Sky,2008,1,tt1106782
1549,Cortometraje,Na Hora de Dizer Sim...,2008,9,tt11069466
1550,Cortometraje,Das rote Tuch,2008,3,tt11091920
1551,Cortometraje,Stitches,2008,10,tt11115168
1552,Cortometraje,Plain Jane,2008,11,tt11120824
1553,Cortometraje,Alice,2008,3,tt11135832
1554,Cortometraje,(Home),2008,6,tt11158480
1555,Cortometraje,The Call,2008,7,tt11166694
1556,Cortometraje,Aqua ad lavandum - in brevi,2008,8,tt1118657
1557,Cortometraje,Tyttöjen ilta,2008,2,tt1119201
1558,Cortometraje,Down but Up,2008,1,tt11193334
1559,Cortometraje,The Other Way Round,2008,-,tt1125930
1560,Cortometraje,The Watch,2009,7,tt0381701
1561,Cortometraje,Changeling,2009,-,tt0462225
1562,Cortometraje,The Crooked Eye,2009,1,tt0847208
1563,Cortometraje,Julieta,2009,4,tt0855849
1564,Cortometraje,Rougge the Vampyre,2009,7,tt0886528
1565,Cortometraje,Laundry,2009,3,tt0918541
1566,Cortometraje,The Summer House,2009,5,tt0918631
1567,Cortometraje,Murder by Appointment,2009,6,tt0939641
1568,Cortometraje,Mute,2009,6,tt0942381
1569,Cortometraje,The Birthday Party,2009,4,tt0963160
