,0,1,2
0,Pál Adrienn,2010,
1,Oda az igazság,2010,
2,A zöld sárkány gyermekei,2010,
3,The Final Journey,2010,
4,In My Sleep,2010,13
5,This Wretched Life,2010,-
6,Blind Sided,2010,
7,Anderson's Cross,2010,
8,Den milde smerte,2010,
9,Capture the Flag,2010,46
10,Utomlennye solntsem 2,2010,
11,Tekken,2010,0
12,Disconnect,2010,42
13,Milenge Milenge,2010,29
14,Les 7 jours du talion,2010,
15,Vidas pequeñas,2010,
16,Dream Street,2010,
17,Mad World,2010,65
18,El hada buena - Una fábula peronista,2010,
19,Memorias del desarrollo,2010,
20,Drunkboat,2010,23
21,Federal,2010,
22,Taken by Force,2010,
23,Sensual,2010,
24,Harlem Hostel,2010,20
25,Cielito lindo,2010,
26,The Deafening Silence of a Very Bright Light,2010,
27,The Greater Meaning of Water,2010,
28,Barry Munday,2010,47
29,Bandeiji,2010,
30,A Woman Is a Woman,2010,71
31,PrimeMates,2010,
32,Ramona and Beezus,2010,70
33,Good Sharma,2010,
34,O Inimigo Sem Rosto,2010,
35,Tranced,2010,
36,Love & Other Drugs,2010,49
37,King of the Avenue,2010,17
38,Night Catches Us,2010,80
39,L'illusionniste,2010,
40,El cielo elegido,2010,
41,The Wolfman,2010,33
42,The First Grader,2010,62
43,13,2010,7
44,Ironmen,2010,
45,Nemesis,2010,
46,It's Kind of a Funny Story,2010,58
47,Ashes,2010,50
48,Flipped,2010,55
49,Soupernatural,2010,
50,Waking Madison,2010,43
51,The Kids Are All Right,2010,92
52,The Town,2010,92
53,Killer by Nature,2010,
54,Risen,2010,0
55,Bloudím,2010,
56,A Summer Song,2010,
57,Kolorádó Kid,2010,
58,Wide Blue Yonder,2010,
59,"Surprise, Surprise",2010,
60,Please Give,2010,86
61,Eat Pray Love,2010,35
62,Repo,2010,78
63,Kavod,2010,
64,The Switch,2010,53
65,Letters to Juliet,2010,42
66,The Whistleblower,2010,76
67,Don't Fade Away,2010,31
68,Acts of Violence,2010,60
69,Eager to Die,2010,
70,Proie,2010,
71,Unthinkable,2010,66
72,De gelukkige huisvrouw,2010,
73,Truth About Kerry,2010,33
74,"Glenn, the Flying Robot",2010,36
75,The Waiter,2010,71
76,Rabbit Hole,2010,87
77,White Knuckles,2010,
78,Green Zone,2010,53
79,Black Swan,2010,85
80,The Killer Inside Me,2010,56
81,Robin Hood,2010,44
82,Heart of Now,2010,67
83,Dom Solntsa,2010,
84,The Fighter,2010,91
85,The Conspirator,2010,56
86,The Chosen One,2010,22
87,La razón,2010,
88,The Land of the Astronauts,2010,
89,Sinatra Club,2010,11
90,Fair Game,2010,79
91,A Dance for Grace,2010,
92,Multiple Sarcasms,2010,9
93,A Flat,2010,
94,Dear John,2010,29
95,The Experiment,2010,49
96,Bibliothèque Pascal,2010,64
97,Rosso autunno,2010,
98,Opal,2010,-
99,The Steamroom,2010,
100,Love Sick Diaries,2010,
101,Prime of Your Life,2010,0
102,The Runaways,2010,69
103,Woyzeck 2010,2010,
104,Deal,2010,3
105,Patagonia,2010,45
106,Centurion,2010,60
107,Copie conforme,2010,
108,Rising Star,2010,
109,The Way Back,2010,74
110,What About Cuba?,2010,
111,Wall Street: Money Never Sleeps,2010,55
112,Secretariat,2010,64
113,Sawariya lai de ho rangni chudi,2010,
114,Jai Balaji Mehndipur Wale,2010,
115,The Book of Eli,2010,47
116,Let the Game Begin,2010,37
117,"O: love, beauty, pain, struggle",2010,
118,Tamassu,2010,
119,Just Inès,2010,
120,El mal ajeno,2010,
121,Camp Hell,2010,
122,Howl,2010,63
123,The Singularity Is Near,2010,80
124,Between The Lines,2010,94
125,Asa Mi Kay Gunha Kela,2010,
126,The Black Bay Sequence,2010,
127,Ivory,2010,
128,Lost Everything,2010,22
129,Hearts of Three,2010,
130,Chike Naija,2010,
131,As Melhores Coisas do Mundo,2010,
132,Life as We Know It,2010,30
133,Spud,2010,80
134,Al Nebras,2010,
135,Small Town Saturday Night,2010,25
136,Bare Knuckles,2010,22
137,Punk's Dead,2010,
138,Je ne vous oublierai jamais,2010,
139,Quincas Berro d'Água,2010,37
140,From the Midst of Pain,2010,
141,The Dead Sleep,2010,
142,Troubadours,2010,64
143,Jonah Hex,2010,12
144,Psychosomatika,2010,
145,Krews,2010,
146,10 Years Later,2010,43
147,Happiness Runs,2010,17
148,Pusher,2010,47
149,Lights Out,2010,75
150,The Last Musketeer,2010,12
151,Consent,2010,50
152,Çiglik Çigliga Bir Sevda,2010,
153,Shanghai,2010,4
154,Orsova Noua 5: Epilog,2010,
155,Louis,2010,33
156,Hamill,2010,
157,The Quiet Ones,2010,38
158,Forgotten Pills,2010,-
159,Morning,2010,45
160,Do Elephants Pray?,2010,22
161,Frenchy,2010,
162,Broken Sun,2010,40
163,Peep World,2010,24
164,Red Dirt Rising,2010,46
165,Eva,2010,43
166,Dirty Girl,2010,35
167,You Have the Right to Remain Violent,2010,
168,Nirahua Rickshawwala,2010,
169,Nirahua No. 1,2010,
170,Kalamity,2010,0
171,Ae Bhaujee Ke Sister,2010,
172,Code Blue,2010,47
173,Carmen's Kiss,2010,
174,O Sonho de Inacim - O Aprendiz do Padre Rolim,2010,
175,Pravosudie volkov,2010,
176,Sajal Ehtidhar,2010,
177,Blue Valentine,2010,86
178,Di renjie: Tong tian di guo,2010,
179,Pankh,2010,
180,Love Ranch,2010,12
181,Burlesque,2010,37
182,Morning Glory,2010,56
183,The Beautiful Outsiders,2010,
184,Another Harvest Moon,2010,73
185,Sisanje,2010,
186,Radio Free Albemuth,2010,33
187,The 5th Quarter,2010,57
188,Redlight Greenlight,2010,
189,Maharaja: the story of ranjit singh,2010,
190,Aaj Ke Karan Arjun,2010,
191,Donkeys,2010,47
192,Krach,2010,
193,Io non ti assolvo,2010,
194,Moo-jeok-ja,2010,
195,The Ghost Writer,2010,84
196,Due vite per caso,2010,
197,Dreams ahead,2010,
198,Holy Rollers,2010,52
199,Between the Raindrops,2010,
200,Dar Joued,2010,
201,De día y de noche,2010,
202,Laat Sahab,2010,
203,Rudolfa mantojums,2010,
204,Kong Ming Deng,2010,
205,Adelaide,2010,
206,NY Export: Opus Jazz,2010,80
207,The Karate Kid,2010,66
208,Na putu,2010,63
209,Agua fria de mar,2010,
210,Odio Los Lunes,2010,
211,Gor Bapa No Gotalo,2010,
212,Ame Prem Deewana,2010,
213,Radha Chudlo Perje Mara Naam No,2010,
214,Sahabuddin Rather Na Hasya Na,2010,
215,Biutiful,2010,66
216,L'immortel,2010,
217,The Company Men,2010,68
218,The Bang Bang Club,2010,49
219,The Myth of the American Sleepover,2010,80
220,The Four-Faced Liar,2010,44
221,All Good Things,2010,35
222,Las buenas hierbas,2010,
223,A Nightmare on Elm Street,2010,14
224,Tunha Chalawan,2010,
225,Black Death,2010,72
226,Bunraku,2010,18
227,You Will Meet a Tall Dark Stranger,2010,45
228,Dulha Mil Gaya,2010,36
229,Palyaço Recep,2010,
230,Mr. Nice,2010,53
231,Sadiyaan: Boundaries Divide... Love Unites,2010,
232,Welcome to the Rileys,2010,54
233,Teen Patti,2010,21
234,Veer,2010,40
235,Lope,2010,41
236,Peacock,2010,48
237,My Name Is Khan,2010,83
238,Anaphylaxis,2010,
239,Woodshop,2010,29
240,Small Town Hero,2010,
241,Shekarchi,2010,
242,Tingala sa pugad,2010,
243,Right Yaaa Wrong,2010,
244,Hello Darling,2010,17
245,Tracks in Time,2010,
246,Corrado,2010,
247,My Own Love Song,2010,33
248,Step Up 3D,2010,
249,Get Educated: Paathshaala,2010,
250,Casino Jack,2010,39
251,Jaane Kahan Se Aayi Hai,2010,
252,Inhale,2010,38
253,Het leven van een loser,2010,
254,Cemetery Junction,2010,58
255,Pound of Flesh,2010,14
256,Quit,2010,
257,Lapse,2010,
258,For Love Alone,2010,
259,Kites,2010,72
260,Dog Jack,2010,28
261,One Too Many Mornings,2010,80
262,Assalto ao Santa Maria,2010,
263,Lucky Life,2010,40
264,Next Time Ned,2010,
265,Person of Interest,2010,92
266,Mbaku,2010,
267,Autopilot,2010,
268,Blood Done Sign My Name,2010,52
269,Flying Lessons,2010,17
270,One Wish,2010,
271,Pokuda budet veter...,2010,
272,Hereafter,2010,47
273,Odoru daisousasen the movie 3: Yatsura o kaihou seyo!,2010,
274,An Invisible Sign,2010,0
275,Mercy,2010,0
276,London Boulevard,2010,38
277,SP: The motion picture yabô hen,2010,
278,Lucy Island,2010,
279,Dry Run,2010,
280,My First Movie,2010,
281,Womb,2010,35
282,Paradise East,2010,
283,Dou Khahar,2010,
284,Las aventuras de Beto y Roberto,2010,
285,Legend of the Guardians: The Owls of Ga'Hoole,2010,52
286,Henry's Crime,2010,43
287,Cupid's Arrow,2010,60
288,Frankie & Alice,2010,21
289,Beneath the Blue,2010,62
290,The Tested,2010,58
291,The Will,2010,
292,No Greater Love,2010,65
293,Love Equation,2010,
294,Edge of Darkness,2010,55
295,Alphonso Bow,2010,
296,The Debt,2010,76
297,Aashayein,2010,30
298,Around Hell,2010,
299,Let Me In,2010,88
300,Hors la loi,2010,
301,Puss,2010,
302,Hwanghae,2010,
303,Yohan - Barnevandrer,2010,
304,Due Date,2010,40
305,Triple Dog,2010,53
306,Brighton Rock,2010,51
307,Hanni & Nanni,2010,
308,Chico Xavier,2010,
309,'Master Harold' ... And the Boys,2010,
310,Greenberg,2010,77
311,De vliegenierster van Kazbek,2010,
312,Mahler auf der Couch,2010,
313,VIPs,2010,42
314,Chico & Rita,2010,87
315,Contre toi,2010,
316,Gigola,2010,43
317,Mistérios de Lisboa,2010,
318,Revision - Apocalypse II,2010,
319,Kvinden der drømte om en mand,2010,
320,The Assignment,2010,33
321,La cité,2010,
322,The River Why,2010,34
323,The War Is Over,2010,
324,Tour de Force,2010,45
325,Hisss,2010,17
326,Conviction,2010,68
327,Extraordinary Measures,2010,29
328,Burning Bright,2010,47
329,Wu,2010,
330,22 mei,2010,
331,Magic Journey to Africa,2010,17
332,The Mountain Thief,2010,
333,Bad Faith,2010,0
334,The Lazarus Papers,2010,0
335,Norman,2010,67
336,Fighting Fish,2010,0
337,The Nothing Men,2010,63
338,The Making of Plus One,2010,
339,Wo shi wai xing ren,2010,
340,Rosa Morena,2010,50
341,The Way Home,2010,61
342,Channa Sachi Muchi,2010,
343,Czukor Show,2010,
344,Northern Comfort,2010,20
345,Incendies,2010,91
346,Bodhisattva,2010,
347,Hello Lonesome,2010,71
348,Tu Hi Mor Balma,2010,
349,SoulBoy,2010,75
350,Bon appétit,2010,58
351,L'autre Dumas,2010,
352,Carne de neón,2010,
353,A Worthy Gentleman,2010,
354,Icarus,2010,23
355,Sex and the City 2,2010,15
356,Coasting,2010,
357,Endings,2010,
358,Habitación en Roma,2010,
359,The Trial,2010,27
360,Kao rani mraz,2010,
361,Promises,2010,100
362,Quartier lointain,2010,0
363,Boxhagener Platz,2010,
364,Postales,2010,
365,Un lugar lejano,2010,
366,"Lunatics, Lovers & Poets",2010,
367,The Last Rites of Ransom Pride,2010,34
368,Çeto: Onlar Da Bir Zamanlar Çocuktu,2010,
369,Matthe Mungaaru,2010,
370,Transfer,2010,76
371,Sympathy for Delicious,2010,31
372,Noruwei no mori,2010,
373,Henri 4,2010,
374,Shoot the DJ,2010,
375,Kandagar,2010,
376,Great Heights,2010,
377,Al Kibar,2010,
378,Brotherhood,2010,56
379,Art House,2010,
380,Standing Firm,2010,64
381,The Tempest,2010,31
382,Listen to Your Heart,2010,76
383,La mosquitera,2010,
384,Aita,2010,
385,Now Here,2010,
386,Summer Eleven,2010,62
387,Za rasuto messêji: Umizaru,2010,
388,California Tango,2010,
389,Unkraut im Paradies,2010,
390,Cinerama,2010,
391,Jack Goes Boating,2010,68
392,Bhojpuriya Don,2010,
393,Dos Veces Ana,2010,
394,Ramaa: The Saviour,2010,
395,Banglar King Kong,2010,
396,Cefalópodo,2010,
397,O Estranho Caso de Angélica,2010,
398,Brim,2010,
399,Easy A,2010,85
400,Anton Chekhov's The Duel,2010,81
401,Trooper,2010,100
402,L'enfance du mal,2010,
403,Sinister Heaven,2010,
404,The Fiction,2010,
405,Jetaa,2010,
406,The Social Network,2010,96
407,Lahore,2010,42
408,Der grosse Kater,2010,
409,Gutter King,2010,
410,Weakness,2010,44
411,Shi,2010,
412,A Goldfish of the Flame,2010,
413,Die Fremde,2010,
414,You Are Here,2010,83
415,N-Secure,2010,20
416,Everyday Black Man,2010,45
417,Circuit,2010,20
418,"Lebanon, Pa.",2010,50
419,Arcadia Lost,2010,
420,Obituary of the Sun,2010,-
421,Yi ye Taibei,2010,
422,Rajneeti,2010,
423,Snabba cash,2010,
424,Meet Monica Velour,2010,50
425,Allah Ke Banday,2010,29
426,Reiruweizu: 49-sai de densha no untenshi ni natta otoko no monogatari,2010,
427,Upside,2010,
428,Shit Year,2010,
429,The Last Song,2010,21
430,Last Night,2010,54
431,Iep!,2010,
432,Starshaya zhena,2010,
433,Anger Has a Secret,2010,
434,Jen,2010,
435,Wild Ride,2010,
436,Waiting for Forever,2010,5
437,Christina,2010,
438,Blog,2010,
439,Nonames,2010,83
440,La blonde aux seins nus,2010,30
441,Die grünen Hügel von Wales,2010,
442,Agnipariksha,2010,
443,Every Day,2010,35
444,Harvest,2010,73
445,In the Drink,2010,
446,The Ascent,2010,100
447,Pelican Blood,2010,61
448,The Bill Collector,2010,12
449,Last Letters from Monte Rosa,2010,-
450,Ghetto Physics,2010,
451,Ostavljeni,2010,
452,Ten Stories Tall,2010,-
453,Shocking Blue,2010,
454,Dance with the One,2010,
455,Boku no sukina hito,2010,
456,The Taqwacores,2010,41
457,Lovelorn,2010,91
458,Lamhaa: The Untold Story of Kashmir,2010,
459,The Insides of a Lamb,2010,
460,Toora Rickshaw Wala,2010,
461,The Sparrow and the Tigress,2010,
462,Made in Poland,2010,67
463,The Scientist,2010,
464,The Human Resources Manager,2010,75
465,Skateland,2010,47
466,Animal Kingdom,2010,95
467,La mirada invisible,2010,
468,3 Backyards,2010,76
469,Audrey the Trainwreck,2010,
470,Case 219,2010,
471,Hanyo,2010,
472,Cricket,2010,
473,Cherry,2010,64
474,Black Mail,2010,14
475,Kong Hong: Lost in Love,2010,
476,The Potential Inside,2010,-
477,Wrecked,2010,48
478,Toutes les filles pleurent,2010,
479,Neka ostane medju nama,2010,
480,Deeper and Deeper,2010,
481,It's a Wonderful Afterlife,2010,29
482,Chatroom,2010,9
483,A Little Help,2010,42
484,Morning,2010,45
485,Shank,2010,9
486,Grand Slammed,2010,
487,A Gangland Love Story,2010,
488,The Reef,2010,80
489,Zangaar,2010,
490,América,2010,
491,Chicas,2010,
492,La hora cero,2010,
493,Jhootha Hi Sahi,2010,52
494,The Dry Land,2010,64
495,Submarino,2010,
496,SubHysteria,2010,
497,The Obsession,2010,25
498,Frozen,2010,63
499,Zena sa slomljenim nosem,2010,
500,Az ember tragédiája,2011,
501,Los pájaros se van con la muerte,2011,
502,Lives No Longer Ours,2011,
503,The Wicker Tree,2011,20
504,Spy,2011,100
505,The Rum Diary,2011,51
506,Bubbles,2011,
507,Seven Fallen Objects,2011,
508,El borde del tiempo,2011,
509,Real Steel,2011,60
510,Satin,2011,59
511,Moving Target,2011,33
512,A Bird of the Air,2011,30
513,Generation P,2011,75
514,The Grasslands,2011,
515,Silent Alarm,2011,
516,Act Your Age,2011,
517,Margaret,2011,75
518,Platinum Illusions,2011,
519,The Pack,2011,55
520,Extremely Loud & Incredibly Close,2011,45
521,The Tree of Life,2011,85
522,Atlas Shrugged: Part I,2011,
523,Abhishapt,2011,
524,Gente mala del norte,2011,
525,Something Borrowed,2011,15
526,Double Tap,2011,75
527,California Indian,2011,-
528,Drive,2011,93
529,Wilde Salomé,2011,80
530,Red Dog,2011,84
531,Spoon,2011,
532,The King Hector Lavoe,2011,
533,Take Me Home Tonight,2011,28
534,Shanghai Hotel,2011,
535,Où va la nuit,2011,
536,Loot,2011,83
537,Mama I Want to Sing,2011,
538,Sanctum,2011,30
539,Blur,2011,0
540,From Prada to Nada,2011,24
541,The Key Man,2011,20
542,Black Butterflies,2011,69
543,Periphery,2011,
544,Source Code,2011,92
545,Hugo,2011,93
546,Funkytown,2011,46
547,Hanna,2011,72
548,The Unforgiven,2011,60
549,Straw Dogs,2011,42
550,If You Only Knew,2011,39
551,The Iron Lady,2011,52
552,Colombian Interviews,2011,
553,The Magic Skin,2011,
554,The Murderer: Hamilton Palace,2011,
555,"Une rencontre, une histoire",2011,
556,JAI SHREE VEER BABA DEO,2011,
557,Pax,2011,
558,Qing gui tao ran ting,2011,
559,Chon-cheol-sal-in,2011,
560,Corazones en llamas,2011,
561,Life Outside,2011,
562,"Tôi Nay, 8 Gio!",2011,
563,Session,2011,
564,Neugierde,2011,
565,Xing ying bu li,2011,
566,The Descendants,2011,87
567,Somewhere Tonight,2011,50
568,The Eagle,2011,39
569,Manipulation,2011,
570,You and I,2011,42
571,Rest im Glas,2011,
572,Agawan Base,2011,
573,Bhaucha Dhakka,2011,-
574,Destiny of Three,2011,
575,Dreams Awake,2011,60
576,Hum Dono Rangeen,2011,
577,The Ascension,2011,
578,Water for Elephants,2011,60
579,Footloose,2011,68
580,Nobody Fucks Nico,2011,
581,Crescent City,2011,
582,Karuvarai Pookkal,2011,
583,Sans Rancune,2011,
584,Megan Is Missing,2011,60
585,Priyappetta Nattukare,2011,
586,Piyawa Bada Satawela,2011,
587,The Bend,2011,
588,Shodhu kuthe,2011,
589,HaAfifonim shel Armand,2011,
590,Kafra,2011,
591,El cuento de Duna,2011,
592,King of Paper Chasin',2011,
593,Lathika,2011,
594,The Ides of March,2011,83
595,Here,2011,71
596,Avant l'aube,2011,
597,Warrant the Mission,2011,
598,Sonny Boy,2011,67
599,What an Idea Mai,2011,
600,Son of Morning,2011,16
601,Un amor perfecto,2011,
602,Ri Zhao Hao Ren,2011,
603,Zhong Yuan Nv Jing,2011,
604,Bai He,2011,
605,Deng En Ming's Childhood,2011,
606,Beastly,2011,21
607,The Joneses,2011,62
608,Patang,2011,56
609,Down the Shore,2011,50
610,En Coma,2011,
611,Circus Fantasticus,2011,
612,The Rite,2011,22
613,Garibni Dikri Sasriya Ma Thikri,2011,
614,Hu Tari Meera Ne Tu Maro Shyam Re,2011,
615,Testing Life,2011,
616,Wasak: True-to-Life Story of Jonaver Luklukan,2011,
617,Djalioh,2011,
618,The Family Tree,2011,
619,Wuthering Heights,2011,68
620,Diagnosis Superstar,2011,
621,Island,2011,50
622,La piel que habito,2011,
623,The Lincoln Lawyer,2011,84
624,One/One Thousandth,2011,
625,Youngstown Shakedown,2011,
626,In Transition 1.0 - From Oil Dependence to Local Resilience,2011,
627,Phil Cobb's Dinner for Four,2011,-
628,Cougars Inc.,2011,
629,Think of Me,2011,83
630,Night in Bombay,2011,
631,Tyrannosaur,2011,84
632,Yue zhi lu,2011,
633,Hick,2011,5
634,Behesht-e gomshodeh,2011,
635,The Escort,2011,39
636,Moneyball,2011,94
637,The Disappearance of Jennifer Pope,2011,
638,The Mortician,2011,30
639,Seeking Justice,2011,
640,Efeitos Secundários,2011,
641,A Matter of Justice,2011,
642,Madar-e payeezi,2011,
643,Player,2011,
644,Happy New Year,2011,53
645,Subject: I Love You,2011,
646,Jane Eyre,2011,85
647,The Saints of Mt. Christopher,2011,-
648,Ironclad,2011,43
649,Pariah,2011,95
650,The Future,2011,72
651,Un mundo misterioso,2011,
652,Medianeras,2011,
653,The Truth About Angels,2011,-
654,Carré blanc,2011,40
655,We Need to Talk About Kevin,2011,75
656,Bellflower,2011,73
657,Dschungelkind,2011,
658,L'ordre et la morale,2011,
659,Judas Kiss,2011,48
660,Fancypants,2011,88
661,The Abduction of Zack Butterfield,2011,0
662,Almost Perfect,2011,67
663,Salvation Boulevard,2011,22
664,Yun xia de ri zi,2011,
665,Immortals,2011,49
666,Trabajador,2011,
667,Qi yue yu he,2011,
668,Ek Wada Pran Jaaie Par Vachan Na Jaaie,2011,
669,Phoenix Falling,2011,
670,On the Inside,2011,
671,Pathfinders: In the Company of Strangers,2011,10
672,In My Pocket,2011,62
673,All God's Creatures,2011,38
674,Saluda al diablo de mi parte,2011,
675,Pig,2011,31
676,Fremdkörper,2011,
677,Memphis Rising: Elvis Returns,2011,-
678,Wintertochter,2011,
679,Bul Beni,2011,
680,Çok Mu Komik?,2011,
681,Dandam Dashagunam,2011,-
682,Danach,2011,
683,The Devil's Double,2011,55
684,Land Gold Women,2011,100
685,Gangaputrulu,2011,
686,Gromozeka,2011,
687,The Last Seven,2011,0
688,Henry,2011,
689,Fort McCoy,2011,50
690,Marrow,2011,
691,Guo ming yi,2011,
692,Killadi Raman,2011,
693,Kottarathil Kutty Bhootham,2011,
694,Tamasha Haach Khel Udya Punha,2011,
695,Shrimathi,2011,-
696,Jordan's River Movie,2011,
697,Warrior,2011,84
698,The Ride of Tom & Valkyrie,2011,
699,Bloom,2011,
700,Code 207,2011,
701,The FP,2011,50
702,The Lady and the Taxi Driver,2011,
703,Eva,2011,43
704,Juni,2011,
705,Mister Tangewala,2011,
706,First Time for Everything,2011,
707,Violent Blue,2011,99
708,"Laifu, Laifu",2011,
709,Kak possorilis...,2011,
710,The Story of Respect,2011,
711,50/50,2011,93
712,Patient 17,2011,
713,All Stars 2: Old Stars,2011,
714,Lost Saints and Other Stories,2011,
715,Go for It!,2011,35
716,NokotaHeart,2011,
717,Bizim Büyük Çaresizligimiz,2011,
718,Without Borders,2011,-
719,Last Will,2011,9
720,The Oranges,2011,31
721,Hagader,2011,
722,Shura no hado kanketsu-hen,2011,
723,Gokudo chushingura,2011,
724,The Gadarene Swine,2011,
725,Generosity,2011,
726,Last Winter,2011,
727,Blaxican Brothers,2011,
728,Dolly Parton is mijn moeder,2011,
729,A torinói ló,2011,
730,There Be Dragons,2011,12
731,Rise of the Planet of the Apes,2011,82
732,The Preening Swan,2011,
733,The Beaver,2011,63
734,Mlyn i krzyz,2011,
735,The Custom Mary,2011,
736,The Twilight Saga: Breaking Dawn - Part 1,2011,
737,Choose,2011,40
738,Far Rockaway,2011,
739,Victory Day,2011,75
740,Fiebre,2011,
741,The Drifting Boat,2011,
742,Fasle Zendegi,2011,
743,The Resident,2011,31
744,A Time for Rain,2011,
745,"Au Pair, Kansas",2011,11
746,Aajoba Vayat Aale,2011,
747,Ratline,2011,
748,Travellers,2011,17
749,Slaughter Creek,2011,-
750,Sollitharava,2011,
751,Pazhagiyathe Pirivatharka,2011,
752,Vazhividu Kanney Vazhividu,2011,
753,Tinker Tailor Soldier Spy,2011,84
754,Strings,2011,80
755,Youthful Journeys of the World,2011,
756,A Warrior's Heart,2011,54
757,Naan Sivanagiren,2011,
758,Neeye En Kadhali,2011,
759,Marudhavelu,2011,
760,Karuthakannan Rekla Race,2011,
761,Mahaan Kanakku,2011,
762,Padhinettan Kudi Ellai Arambam,2011,
763,Konjam Sirippu Konjam Kobam,2011,
764,Keezha Theru Kicha,2011,
765,Venmani,2011,
766,Paavi,2011,-
767,Thigattadha Kadhal,2011,
768,Aaranin Kaaval,2011,
769,Aasaipadugiren,2011,
770,Oru Santhippil,2011,
771,Arumbu Meesai Kurumbu Paarvai,2011,
772,Mathikettan Saalai,2011,
773,Ayudha Porattam,2011,
774,Anaagarigam,2011,
775,Sagakkal,2011,
776,Mittai,2011,
777,Kadhal Meipada,2011,
778,Nalamdhana,2011,
779,Bodinayakanur Ganesan,2011,-
780,Konjam Mazhai Konjam Veyil,2011,
781,Avargalum Ivargalum,2011,
782,Minsaram,2011,
783,Doo,2011,
784,Sankarankovil,2011,
785,Theneer Viduthi,2011,
786,Sabash Sariyana Potti,2011,
787,Thenkasi Pakkathula,2011,
788,Padai Soozha,2011,
789,Aivar,2011,
790,Ramanathapuram,2011,
791,Thappu,2011,
792,Poova Thalaiya,2011,
793,Breath of Hate,2011,
794,Margazhi 16,2011,
795,Paasakaara Nanbargal,2011,
796,Teenagers,2011,
797,Exodus Fall,2011,33
798,Le premier homme,2011,
799,Butter,2011,34
800,Strawberry Cliff,2011,12
801,My Sister Nina,2011,
802,Redemption,2011,47
803,Hu yang shen chu shi wo jia,2011,
804,Final Level,2011,
805,The Bad Penny,2011,0
806,The Girl with No Number,2011,-
807,The Honey Killer,2011,
808,Deuta Raja,2011,
809,Naughty @ 40,2011,
810,Chatur Singh Two Star,2011,-
811,Qasos,2011,
812,3D Yuk po tuen: Gik lok bo gam,2011,
813,Chargesheet,2011,
814,Ogul,2011,
815,Kako su me ukrali Nemci,2011,
816,Duet ming gam,2011,
817,Coriolanus,2011,92
818,The Prodigies,2011,20
819,Lipstikka,2011,62
820,Alois Nebel,2011,47
821,Simon och ekarna,2011,
822,Ma compagne de nuit,2011,
823,Play,2011,81
824,My Angel,2011,80
825,Cesado,2011,
826,Hero Nanalla,2011,
827,Jedarahalli,2011,
828,Vishnu,2011,
829,Onde Ondu Saari,2011,
830,We are all sinners,2011,
831,Love Is a Thieves' Game,2011,
832,Tatal fantoma,2011,
833,Hella W,2011,
834,Maya,2011,73
835,American Disciples,2011,
836,Bella Biondina,2011,
837,Deuce of Spades,2011,79
838,"Elle ne pleure pas, elle chante",2011,
839,Death of a Superhero,2011,91
840,The Other End,2011,
841,Rokland,2011,
842,This Is Not a Movie,2011,34
843,We Bought a Zoo,2011,65
844,Solos en la ciudad,2011,
845,Texas Killing Fields,2011,39
846,Oscar,2011,
847,5 Idiots,2011,
848,106 Kanasu,2011,
849,Kadhimaru,2011,
850,90,2011,
851,Aptha,2011,
852,Boss,2011,81
853,Mathond Madhuvena,2011,
854,Hori,2011,
855,Ellellu Neene Nannallu Neene,2011,
856,Obavva,2011,
857,Kalgejje,2011,
858,Dudde Doddappa,2011,
859,Lokave Helida Maatidu,2011,
860,Manasology,2011,
861,Namitha I Love You,2011,
862,Panchamrutha,2011,
863,Manasina Maathu,2011,
864,Mallikarjuna,2011,
865,Naavu Namma Hendthiru,2011,
866,Nee Illadhe,2011,
867,Bodyguard,2011,29
868,Rama Rama Raghu Rama,2011,
869,Thavarina Runa,2011,
870,Aacharya,2011,-
871,Puttakkana Highway,2011,-
872,Double Decker,2011,
873,Pagal,2011,
874,Mr. Duplicate,2011,
875,Chinnada Thali,2011,
876,Dhool,2011,
877,Vinayaka Geleyara Balaga,2011,
878,Taare,2011,
879,Uyyale,2011,
880,Prema Chandrama,2011,
881,Veera Bahu,2011,
882,Devadas,2011,
883,Atheetha,2011,
884,Banna Bannada Loka,2011,
885,Ishta,2011,
886,Naanalla,2011,
887,Shravana,2011,
888,Yogaraj But,2011,
889,Prince,2011,71
890,Putra,2011,
891,Achchu Mechchu,2011,-
892,Suicide,2011,50
893,Sri Naga Shakthi,2011,
894,Olave Mandara,2011,
895,Journey,2011,-
896,Maryade Ramanna,2011,
897,Bhadra,2011,
898,Chennamma IPS,2011,
899,Gun,2011,25
900,Saacha,2011,
901,Kanteerava,2011,-
902,1 Day,2011,
903,Dushtaa,2011,
904,Maagiya Kaala,2011,
905,Resistance,2011,65
906,Yondiradi Kuydiradi,2011,
907,Dispatch,2011,
908,Sal,2011,50
909,Egression,2011,
910,The Fields,2011,60
911,Aarambh,2011,
912,Bob's New Suit,2011,-
913,A Date with Fear,2011,-
914,An Insignificant Harvey,2011,51
915,The Moth Diaries,2011,13
916,Arrugas,2011,
917,Stillleben,2011,
918,Campus Radio,2011,
919,Albor,2011,
920,Jin ling shi san chai,2011,
921,Retreat,2011,62
922,The Best Exotic Marigold Hotel,2011,78
923,Ardha Gangu Ardha Gondya,2011,
924,Extinction: The G.M.O. Chronicles,2011,
925,Bulletproof Gangster,2011,
926,In Darkness,2011,88
927,Tumar Khabar,2011,
928,Land of Nod,2011,
929,Kardelen,2011,
930,Headlock,2011,29
931,Apon Shatru,2011,
932,Agnisakshi,2011,
933,Superstar - A Love Story,2011,
934,Bangla Bachao,2011,
935,Piriti Kathaler Aatha,2011,
936,Ekdin Thik,2011,
937,Ohh My Love,2011,
938,Run,2011,89
939,Love Birds - The Symbol of Love,2011,
940,Cholte Cholte,2011,
941,Aami Adu,2011,
942,Tupi Diye Topor,2011,
943,Punorutthan,2011,
944,Ogo Bideshini,2011,
945,Jibon Rong Berong,2011,
946,Tiger Number One,2011,
947,Duti Mon,2011,
948,Ei Aranya,2011,
949,Tenida,2011,
950,Bajikar,2011,
951,Ek Poloke Ektu Dekha,2011,
952,Street Light,2011,
953,Amio Nebo Challenge,2011,
954,Moubane Aaj,2011,
955,Murder,2011,
956,Keloda in Kashmir,2011,
957,Bindas Prem,2011,
958,Baaz,2011,
959,Tomay Bhalobashi,2011,
960,Bhul Bhal,2011,
961,Jaan Kurbaan,2011,
962,Best Friend,2011,-
963,Bhorer Pakhi,2011,-
964,Mone Mone Bhalobasha,2011,
965,Trishanku,2011,
966,De tu ventana a la mía,2011,73
967,The Blue of Noon,2011,
968,Billy Bad,2011,
969,Wie man leben soll,2011,
970,Mening akam boydoq,2011,
971,Valley of the Sun,2011,50
972,Hellgate,2011,12
973,Act Naturally,2011,53
974,Arthur Christmas,2011,92
975,Woman's Picture,2011,
976,Small Hours,2011,
977,The Details,2011,46
978,Kirjad Inglile,2011,
979,Poley Poley Urey Mon,2011,
980,Man Without a Head,2011,
981,Assassination Games,2011,45
982,Café,2011,43
983,Mientras duermes,2011,
984,Faust,2011,66
985,One Kine Day,2011,17
986,Perfect Sense,2011,57
987,Arzanda,2011,
988,A Beautiful Belly,2011,
989,A Little Bit of Heaven,2011,4
990,This Must Be the Place,2011,66
991,Martha Marcy May Marlene,2011,90
992,Hahithalfut,2011,
993,Salmon Fishing in the Yemen,2011,68
994,The Jonestown Defense,2011,-
995,Biester müssen sterben,2011,
996,Taj,2011,
997,Footnote,2011,88
998,Paapi,2011,
999,Leave,2011,53
1000,On the Road,2012,46
1001,Acorralados,2012,
1002,Caleuche: El llamado del Mar,2012,
1003,L'apocalisse delle scimmie,2012,
1004,Lincoln,2012,90
1005,Life of Pi,2012,86
1006,Being Flynn,2012,51
1007,Steve Phoenix: The Untold Story,2012,
1008,Clutch,2012,
1009,Sushi in Suhl,2012,
1010,Red Tails,2012,40
1011,Making Change,2012,
1012,A Thousand Words,2012,0
1013,The Attack,2012,86
1014,Belle du Seigneur,2012,
1015,Jack & Diane,2012,
1016,Folie à deux,2012,
1017,The Sweeney,2012,45
1018,Evangelion Shin Gekijôban: Kyu,2012,
1019,Letting Go,2012,
1020,Exposed,2012,8
1021,White Men Can't Dance,2012,
1022,Hitchcock,2012,60
1023,Four,2012,17
1024,The Courier,2012,10
1025,Kokomma,2012,
1026,Zeit der Olive,2012,
1027,The flowers at the window,2012,
1028,"Mamo, ya lotchyka lyublyu",2012,
1029,Midnight Party,2012,
1030,After the flood,2012,57
1031,Das Ewige Antlitz,2012,
1032,Vinmeengal,2012,
1033,Du shi tong hua,2012,
1034,My Avatar Horse,2012,
1035,Block Burner,2012,
1036,Argo,2012,96
1037,Nochoice,2012,
1038,Last Days In Waldo County,2012,
1039,Daisy,2012,79
1040,Everyday,2012,74
1041,The Story of Luke,2012,83
1042,Silver Linings Playbook,2012,
1043,Song for Marion,2012,
1044,Saad,2012,
1045,The Bird Who Saved the World,2012,
1046,Nasilje-Mreza-Resenje,2012,
1047,This Bitter Earth,2012,
1048,Kuroinu: Kedakaki Seijo wa Hakudaku ni Somaru,2012,
1049,Murder,2012,
1050,Blitz and Bananas,2012,
1051,Espacio interior,2012,
1052,Shabnam and Shafaq,2012,
1053,The Dark Side of Love,2012,
1054,Ardhanaari,2012,
1055,Un cuento Latinoamericano,2012,
1056,"0,40%",2012,
1057,Orkut Oru Ormakoot,2012,
1058,Shakhta,2012,
1059,Bokad,2012,
1060,Between Us,2012,50
1061,History Rediscovered: The Secret Life of Adolf Hitler,2012,-
1062,Driving Me Crazy: Proof of Concept,2012,
1063,"Ja som baník, kto je viac...",2012,
1064,Hard Man,2012,
1065,Kalua Bhail Sayan,2012,
1066,Antim Tandav,2012,
1067,Winou Baba?,2012,
1068,Art of Submission,2012,
1069,Devra Pe Manva Dole,2012,
1070,The Girl,2012,70
1071,Zug O Pered,2012,
1072,Lay the Favorite,2012,
1073,Il muro celato,2012,
1074,Frankenweenie,2012,88
1075,Perfection,2012,-
1076,Old Gold Time,2012,
1077,Mountain Mafia,2012,
1078,Harold & Lorna: World Water Speed Champions,2012,
1079,Ron and Justin,2012,
1080,Judge Zhan,2012,
1081,Tang Ka,2012,
1082,Wu Ren Bao,2012,
1083,I Swan,2012,
1084,Broken Kingdom,2012,77
1085,Mopireul ipeun bineoseu,2012,
1086,Cheerful Weather for the Wedding,2012,37
1087,Kosmische Puppen III,2012,
1088,Where Is Joel Baum?,2012,
1089,18++: Forever Love,2012,
1090,Hello Cô Ba,2012,
1091,Gapos,2012,
1092,Ardham Chesukoru,2012,
1093,Colegas,2012,
1094,Easy Rider: The Ride Back,2012,23
1095,"Jelena, Katarina, Marija",2012,
1096,The Door,2012,44
1097,Gajoksinema,2012,
1098,Murattu Kaalai,2012,
1099,Middle of Nowhere,2012,88
1100,Lawless,2012,67
1101,Love Virtually,2012,
1102,Retazos,2012,
1103,Joint Enterprise,2012,
1104,Silencios Rotos,2012,
1105,Dropping Evil,2012,57
1106,Dust,2012,81
1107,Akalted Ghiri,2012,
1108,Nightfall,2012,55
1109,A Late Quartet,2012,77
1110,You Can't Go Back,2012,
1111,Shadows of Life,2012,
1112,Not Fade Away,2012,68
1113,Mit O Szarym,2012,
1114,Café amargo,2012,
1115,Red Dawn,2012,15
1116,Clear Lake,2012,
1117,Milo,2012,57
1118,Amanti,2012,
1119,Mulher à Tarde,2012,
1120,Last Summer for Boys,2012,
1121,Nan guen he bian de nu ren,2012,
1122,Wo yao hui jia,2012,
1123,LAID: Life as It's Dealt,2012,
1124,Aandhi Toofan,2012,
1125,Bridge of Names,2012,
1126,Watching TV with the Red Chinese,2012,40
1127,In the Gray,2012,
1128,Small Apartments,2012,30
1129,USS Seaviper,2012,10
1130,Looper,2012,93
1131,En kongelig affære,2012,
1132,Dixie Times,2012,
1133,Bingxue 11 tian,2012,
1134,Sorairo monogatari,2012,
1135,Kaleidoscope,2012,49
1136,Roulette,2012,
1137,The Legends of Nethiah,2012,43
1138,Animals,2012,63
1139,Mixed Kebab,2012,34
1140,Seeking a Friend for the End of the World,2012,55
1141,Man from Shaolin,2012,29
1142,The Pursuit,2012,
1143,Mas horizei mia thalassa,2012,
1144,The Diary of Preston Plummer,2012,38
1145,Behind Midnight,2012,
1146,Boogie Town,2012,
1147,Complacent,2012,33
1148,The Lucky One,2012,20
1149,Two Days in February,2012,
1150,Su Rahu De,2012,
1151,K-11,2012,20
1152,Azhagan Azhagi,2012,
1153,Mazhaikaalam,2012,
1154,Kondaan Koduthaan,2012,
1155,Vilayada Vaa,2012,
1156,Paari,2012,
1157,Settai Dhanam,2012,
1158,Udumban,2012,
1159,Sooriya Nagaram,2012,
1160,Virudhanagar Sandhippu,2012,
1161,Maasi,2012,
1162,Soozhnilai,2012,
1163,Nandu Bhaskar,2012,
1164,Otha Veedu,2012,
1165,Othakkuthirai,2012,
1166,Theni Maavattam,2012,
1167,Asthamanam,2012,
1168,Aayiram Muthangaludam Thenmozhi,2012,
1169,Rock of Ages,2012,42
1170,Meeravudan Krishna,2012,
1171,Konjum Mainakkale,2012,
1172,Pathirama Pathukkunga,2012,
1173,Oru Mazhai Naangu Saaral,2012,
1174,Sevarkkodi,2012,
1175,A crenca,2012,
1176,Broken Silence,2012,80
1177,Limen [Omission],2012,
1178,Nellai Santhippu,2012,
1179,Anil,2012,
1180,Arakkonam,2012,
1181,Kalla Parunthu,2012,
1182,Yaarukku Theriyum,2012,
1183,Sattam Oru Iruttarai,2012,
1184,Asaivam,2012,
1185,Aachariyangal,2012,
1186,Amritha Yokam,2012,
1187,Sun Sun Thatha,2012,
1188,Kasi Kuppam,2012,
1189,Sembattai,2012,
1190,Pudhiya Kaaviyam,2012,
1191,Perumaan,2012,
1192,Kai,2012,0
1193,Koyambedu Perundhu Nilayam,2012,
1194,Akilan,2012,
1195,Ariyaan,2012,
1196,Avan Appadithan,2012,
1197,Valiban Suttrum Ulagam,2012,
1198,Puthumughangal Thevai,2012,
1199,Kandu Pudichitten,2012,
1200,Paraseega Mannan,2012,
1201,Magan,2012,
1202,Suzhal,2012,
1203,Aathi Narayana,2012,
1204,Ooh La La La,2012,
1205,Poovampatti,2012,
1206,Raattinam,2012,
1207,Pollangu,2012,
1208,Gaantham,2012,
1209,Marupadiyum Oru Kadhal,2012,
1210,Anbulla Manvizhiye,2012,
1211,Palayamkottai,2012,
1212,Pachai Engira Kaathu,2012,
1213,Parama Guru,2012,
1214,Padam Parthu Kadhai Sol,2012,
1215,Kandathum Kanadhathum,2012,
1216,Sri Ramakrishna Darsanam,2012,
1217,Thoothuvan,2012,
1218,Porkodi 10am Vaguppu,2012,
1219,Aasami,2012,
1220,Mayanginen Thayanginen,2012,
1221,Fairhaven,2012,47
1222,Varudangal 20,2012,
1223,The Dark Knight Rises,2012,87
1224,Koi kizuna no sato,2012,
1225,Sukanya,2012,
1226,Los Kokainos,2012,
1227,Driver X 4 the Lost and Found Films of Sara Driver,2012,
1228,Breathe,2012,68
1229,Breathe,2012,68
1230,The Forger,2012,39
1231,Branded,2012,
1232,Still Strange,2012,
1233,Skyler,2012,
1234,Cloud Atlas,2012,66
1235,Long Shot: The Kevin Laue Story,2012,
1236,Upside Down,2012,29
1237,Beauty to Ashes,2012,
1238,The Company You Keep,2012,54
1239,"Bom, Nun",2012,
1240,Pyat let i odin den,2012,
1241,Achante Aanmakkal,2012,
1242,Pulivaal Pattanam,2012,
1243,Magic Boys,2012,
1244,Prasad,2012,
1245,"Bless Me, Ultima",2012,68
1246,Super Shastri,2012,-
1247,Hosa Prema Purana,2012,
1248,Sri Chowdeshwari Devi Mahime,2012,
1249,Kamsale Kaisale,2012,
1250,Nandeesha,2012,
1251,See You,2012,
1252,Gokula Krishna,2012,
1253,Samsaaradalli Golmaal,2012,
1254,Atmadan,2012,
1255,Kashala Udyachi Baat,2012,
1256,Venuto al mondo,2012,
1257,Kalaya Tasmai Namaha,2012,
1258,Parie,2012,
1259,Manjunatha BA LLB,2012,-
1260,Gandhi Smiles,2012,
1261,Lady Boss,2012,
1262,Bhagirathi,2012,-
1263,Jaihind,2012,
1264,Bhagavantha Kai Kotta,2012,-
1265,Kiladi Kitty,2012,
1266,Preethiya Loka,2012,
1267,Crazy Loka,2012,
1268,Devanahalli,2012,
1269,Hai Krishna,2012,
1270,12 AM Madhyarathri,2012,
1271,Villain,2012,62
1272,Gowri Putra,2012,
1273,Silence,2012,83
1274,Magadi,2012,
1275,Aravinda,2012,
1276,Toofan,2012,
1277,O Preethiye,2012,
1278,Sidda Ganga,2012,
1279,Paper Dhoni,2012,
1280,Snehitaru,2012,
1281,Rana,2012,
1282,Navika,2012,
1283,18th Cross,2012,-
1284,Cyber Yugadol Nava Yuva Madhura Prema Kavyam,2012,
1285,Shiva,2012,
1286,Naagavalli,2012,
1287,Alemari,2012,
1288,Indina Satya,2012,
1289,Kweiba,2012,
1290,Aa Marma,2012,
1291,De Jueves a Domingo,2012,
1292,National Theatre Live: Antigone,2012,
1293,Paradies: Liebe,2012,
1294,Celeste & Jesse Forever,2012,
1295,La proie et l'ombre,2012,
1296,Balumama,2012,
1297,Mala Ek Chanas Hava,2012,
1298,Laulu koti-ikävästä,2012,
1299,Bazarer Kuli,2012,
1300,Burned Nests,2012,
1301,The Domino Effect,2012,-
1302,Smoke Screen,2012,
1303,E Shudhu Amar Gaan,2012,
1304,Darling,2012,
1305,Hridoye Lekho Naam,2012,
1306,Comeback,2012,
1307,Passport,2012,
1308,Pather Sesh Kothay,2012,
1309,Atmatyag,2012,
1310,Sector V,2012,
1311,Om Shanti,2012,
1312,Abhiman - Astitwer Larai,2012,
1313,Prem Leela,2012,
1314,Ek Tuku Chhoya Lage,2012,
1315,Borolar Ghor,2012,
1316,Palatak,2012,
1317,Love History,2012,
1318,Gundaraj,2012,
1319,Ek Je Chilo Bhooter Chana,2012,
1320,Ullas,2012,
1321,Bhalobashar 2nd Marriage,2012,
1322,Chhoan,2012,
1323,Zameen,2012,39
1324,Prem Bibhrat,2012,
1325,Keno Mon Take Chay,2012,
1326,Hariye Jaai,2012,
1327,Jaal,2012,
1328,Adhikar,2012,
1329,Shudhu Tomake Chai,2012,
1330,Amrita,2012,
1331,Haatchhani,2012,
1332,Se Amar Mon Kereche,2012,
1333,Ragging,2012,
1334,Chaal - The Game Begins,2012,
1335,3 Kanya,2012,
1336,One Hit from Home,2012,40
1337,Bhallu Sardar,2012,-
1338,Phire Eso Tumi,2012,
1339,Banphool,2012,
1340,Inertia,2012,
1341,Qudajonlar,2012,
1342,Sukanya Tu Aahes Tar Mi Aahe Aamhi Aahot,2012,
1343,Sol & Nott,2012,
1344,Big Miracle,2012,74
1345,Deadline,2012,
1346,Disconnect,2012,71
1347,Säilöttyjä unelmia,2012,
1348,Aufgeputscht,2012,
1349,A New Mentality,2012,
1350,Dhagedore,2012,
1351,Bait,2012,26
1352,I Am Nasrine,2012,67
1353,Bel Ami,2012,28
1354,"Nono, het Zigzag Kind",2012,
1355,Broken,2012,62
1356,Quartet,2012,80
1357,Xiangyang po chuanshuo,2012,
1358,Último Chá,2012,
1359,Rise of the Guardians,2012,74
1360,6 Foot Rule,2012,
1361,Bachelors 2,2012,
1362,Veerangam,2012,
1363,10th Class Lo,2012,
1364,Devasthanam,2012,
1365,Gandharvulu,2012,
1366,Seeta Weds Sriram,2012,
1367,Balaraju Aadi Bamardi,2012,
1368,Maa Oorilo Okasari Emi Jarigindante,2012,
1369,Love Chesthe,2012,
1370,Yadartha Prema Katha,2012,
1371,The Odd Life of Timothy Green,2012,36
1372,The Prep School Negro,2012,
1373,Eka Varchad Ek,2012,
1374,Columbus Circle,2012,37
1375,Mig älskar ingen,2012,
1376,Freedom,2012,
1377,Stitch in Time,2012,-
1378,Une Estonienne à Paris,2012,25
1379,Diente por diente,2012,
1380,Forgiveness 2,2012,
1381,Hyde Park on Hudson,2012,37
1382,Tempest,2012,55
1383,Larry Has Left the Building,2012,
1384,Cosmopolis,2012,67
1385,Finding John Smith,2012,
1386,The Lorax,2012,83
1387,Fallen Skyes,2012,
1388,Chand Ke Pare,2012,
1389,Untitled,2012,64
1390,Ring di Alarm!,2012,
1391,Mr. Pip,2012,47
1392,Ud af mørket,2012,
1393,Roulette City,2012,
1394,The Iceman,2012,67
1395,Forgetting the Girl,2012,75
1396,Foreign Letters,2012,47
1397,Garbage,2012,22
1398,Made in Denmark: The Movie,2012,
1399,Our Last Supper,2012,
1400,Krupno u totalu,2012,
1401,The Paperboy,2012,45
1402,Autumn Mixtape,2012,
1403,House Arrest,2012,44
1404,Three Grams of a Dream,2012,
1405,Charlie,2012,-
1406,"La Marea, Crónica de un Reencuentro",2012,
1407,Au secours,2012,
1408,A Lot Like You,2012,
1409,Saving America's Horses: A Nation Betrayed,2012,-
1410,Gut,2012,55
1411,Two Shadows,2012,
1412,Trampoline,2012,
1413,Dark Tide,2012,0
1414,Un amor de película,2012,
1415,The Deposition,2012,86
1416,Married but Living Single,2012,
1417,Lost in the Crack,2012,
1418,The Moving Panorama of Pilgrim's Progress,2012,
1419,School - Spirituality Through Classrooms,2012,
1420,Hope,2012,98
1421,Weekend Getaway,2012,
1422,Document,2012,
1423,Backroad,2012,
1424,Determinism,2012,
1425,Seyis,2012,
1426,Delusions of Grandeur,2012,-
1427,Contraband,2012,51
1428,Aglaja,2012,
1429,Goodbye Promise,2012,
1430,Five Hours South,2012,
1431,Ridi Pagliaccio,2012,
1432,Smitty,2012,77
1433,Byzantium,2012,66
1434,Soda Springs,2012,57
1435,Bao mi qia qia,2012,
1436,Hope Springs,2012,75
1437,Crave,2012,29
1438,Lac du Flambeau,2012,
1439,The Professional Idiot,2012,
1440,Hated,2012,
1441,The Last Push,2012,42
1442,A Crooked Line,2012,
1443,Advise & Dissent,2012,
1444,Casualties of the State,2012,-
1445,Blood Kisses,2012,
1446,Girl's Love,2012,
1447,Poe,2012,45
1448,The Seasoning House,2012,21
1449,Hypnotisören,2012,
1450,Stones in the Sun,2012,
1451,The Motel Life,2012,70
1452,D'Agostino,2012,22
1453,Revan,2012,
1454,The Master,2012,85
1455,Devils Inside,2012,
1456,Casablanca Mon Amour,2012,
1457,Wedding Day,2012,
1458,Seeking Nirvana,2012,
1459,Lost Child?,2012,
1460,Romanzo di una strage,2012,
1461,In Montauk,2012,60
1462,Day of the Flowers,2012,58
1463,For Greater Glory: The True Story of Cristiada,2012,
1464,Portrait of a Zombie,2012,71
1465,Born & Raised,2012,25
1466,How I Spent My Summer Vacation,2012,-
1467,Kolesarji v temi,2012,
1468,Vidhata,2012,
1469,Changing the Game,2012,83
1470,For Ellen,2012,67
1471,Nahrani me z besedami,2012,
1472,Die Vermessung der Welt,2012,
1473,Vir,2012,
1474,Dirty Old Town,2012,
1475,Missing Pieces,2012,
1476,Axed,2012,8
1477,House at the End of the Street,2012,12
1478,What to Expect When You're Expecting,2012,23
1479,If I Were You,2012,13
1480,"I, Anna",2012,61
1481,Snabba cash II,2012,
1482,Yellow,2012,33
1483,Dom över död man,2012,
1484,Avant que mon coeur bascule,2012,
1485,WWW.,2012,
1486,American Maniacs,2012,
1487,Maladies,2012,5
1488,LOL: Laughing Out Loud,2012,
1489,Assim assim,2012,
1490,The Woman in Black,2012,66
1491,Par amour,2012,
1492,To the Wonder,2012,47
1493,Altered States of Plaine,2012,100
1494,Cleanskin,2012,53
1495,Acts of Godfrey,2012,8
1496,Zero One,2012,
1497,2 Days in New York,2012,67
1498,Amour,2012,93
1499,The Son of an Afghan Farmer,2012,
1500,Return to Babylon,2013,-
1501,The Secret Life of Walter Mitty,2013,52
1502,In Secret,2013,
1503,42,2013,81
1504,Without Warrant,2013,-
1505,uwantme2killhim?,2013,
1506,Syrup,2013,25
1507,Santorini Blue,2013,
1508,Dallas Buyers Club,2013,92
1509,Devil's Knot,2013,26
1510,La mula,2013,
1511,Meridian Lines,2013,
1512,The Book Thief,2013,49
1513,The Power of Few,2013,50
1514,Approaching Midnight,2013,80
1515,The Fallen Word,2013,
1516,Young American Dream,2013,
1517,Snitch,2013,58
1518,Let Me Survive,2013,
1519,Shroud,2013,
1520,The Unwanted,2013,35
1521,The Wolf of Wall Street,2013,80
1522,Parees,2013,
1523,Im Dickicht Der Städte,2013,
1524,Whip,2013,
1525,Anubhava,2013,
1526,Tendlya Nighala Oscarla,2013,
1527,Sutradhaar,2013,
1528,Sat Na Gat,2013,
1529,Govinda,2013,
1530,Nan Ni Wan,2013,
1531,Mao Zedong and Qi Baishi,2013,
1532,Rock and a Hard Place,2013,89
1533,El País de Abril,2013,
1534,Dhilakani,2013,
1535,Karma ke Rati,2013,
1536,Pablo,2013,-
1537,Illuminate,2013,-
1538,"Luca, l'évangile d'un homo",2013,
1539,Hati Ke Hati,2013,
1540,The Magnificent Eleven,2013,24
1541,Yaanam,2013,
1542,Anna et Otto,2013,
1543,Robosapien: Rebooted,2013,42
1544,Crónicas de la panza de burro,2013,
1545,"Girl, Adopted",2013,
1546,Aiuto,2013,
1547,Tala Dar Mes,2013,
1548,Adult World,2013,56
1549,Fight Till The End,2013,
1550,The Dark Party,2013,
1551,Suhagan Shobhe Sasariye,2013,
1552,Muchachos,2013,
1553,Lone Survivor,2013,75
1554,Finding Cyrus,2013,
1555,Adhyaya,2013,
1556,Yakubu,2013,
1557,El Ultimo Minuto,2013,
1558,Married Woman's Rendezvous - Nakadashi Adultery Document,2013,
1559,Inspector Chandni,2013,
1560,ZhZh,2013,
1561,E Kaisan Pratha,2013,
1562,Tu Hi to Meri Jaan Hai Radha,2013,
1563,Munafiq,2013,
1564,Tie qiang jin hou,2013,
1565,Hei Luo Li he Bai Luo Li,2013,
1566,Dryland,2013,
1567,Jours de Cendre,2013,
1568,Va Anh Se Tro Lai,2013,
1569,Aakasam Lo Sagam,2013,
1570,The Day Comes,2013,
1571,Mahabharat Aur Barbareek,2013,
1572,Ivan e il suo strano tempo,2013,
1573,Rye Rye,2013,
1574,Khai,2013,
1575,En busca,2013,
1576,Lost,2013,86
1577,Boss Lady,2013,
1578,Following the Ninth: In the Footsteps of Beethoven's Final Symphony,2013,
1579,Jumeli,2013,
1580,Fakkad,2013,
1581,Gori Prem Kare to Hacho Karje,2013,
1582,Slank Nggak Ada Matinya,2013,
1583,The Love Section,2013,29
1584,Since I Don't Have You,2013,
1585,Leipaklei,2013,
1586,Liwanag sa dapithapon,2013,
1587,Ama namin,2013,
1588,Tinig: The Dulce Story,2013,
1589,Jack et la mécanique du coeur,2013,
1590,The Ones You Love,2013,
1591,Sincere Allegiance,2013,
1592,Holli,2013,
1593,Eastern Melody,2013,
1594,One Chance,2013,63
1595,The Necessary Death of Charlie Countryman,2013,27
1596,Meghdhanusya - The Colour of Life,2013,
1597,Ganje ki Kali,2013,
1598,Last Vegas,2013,46
1599,Mamaros,2013,
1600,Out of the Furnace,2013,53
1601,Beyond the Mat,2013,82
1602,A+,2013,
1603,Every Seventh Wave,2013,
1604,Cash Cow,2013,
1605,Arlo,2013,
1606,Man in the Moon,2013,
1607,The Flea,2013,
1608,Cobrador de la Mafia,2013,
1609,Oh! Squints II,2013,
1610,Once Upon a Holiday,2013,20
1611,Buro Johnson,2013,
1612,Broken City,2013,27
1613,Faute De Frappe,2013,
1614,Deseo,2013,56
1615,Dil Pardesi Ho Gaya,2013,
1616,The Sorrows,2013,
1617,Approach to Love,2013,
1618,Tsikboy,2013,
1619,Isyarat,2013,
1620,Bab sharki,2013,
1621,A Star for Rose,2013,
1622,Paradise,2013,46
1623,Ranangan,2013,
1624,Welcome Obama,2013,
1625,Linz - Quando todos os acidentes acontecem,2013,
1626,NJPW Road to Tokyo Dome,2013,
1627,Dirty Picture: Silk Sakkath Maga,2013,
1628,Isolated,2013,93
1629,Careebeyans,2013,
1630,For Sale,2013,
1631,Dyavre,2013,
1632,Behind the Candelabra,2013,94
1633,David,2013,57
1634,Lentejas con espinacas,2013,
1635,Parvathipuram,2013,
1636,Pesadha Padam,2013,
1637,Bulandi,2013,11
1638,Vansh,2013,
1639,Nanbaragal Kavanthirku,2013,
1640,Hand of fate,2013,
1641,Blue Dream,2013,97
1642,A Dança de Feliciano,2013,
1643,Blooming Flowers,2013,
1644,Kill Your Darlings,2013,76
1645,Megh Roddur,2013,
1646,Vadhu Mauli,2013,
1647,Gangster Squad,2013,31
1648,August: Osage County,2013,67
1649,Oldboy,2013,39
1650,Plato's Symposium,2013,
1651,The Trials of Cate McCall,2013,35
1652,The Story of Your Life,2013,
1653,The Butler,2013,
1654,Still Standing,2013,
1655,Mhais,2013,
1656,Ravana Desam,2013,
1657,Maayai,2013,
1658,Vasanthasena,2013,
1659,Pullukatu Muthamma,2013,
1660,Sandhithathum Sindhithathum,2013,
1661,Kaadhale Ennai Kaadhali,2013,
1662,Apple Penne,2013,
1663,Appavukku Kalyanam,2013,-
1664,Nenju Irukkum Varai Ninaivu Irukkum,2013,
1665,Mouna Mazhai,2013,
1666,Ninaivugal Unnodu,2013,
1667,Ennachu,2013,
1668,Thedi Pidi Adi,2013,
1669,Anjal Thurai,2013,
1670,Vellai Desathin Idhayam,2013,
1671,Anba Azhaga,2013,
1672,Thee Kulikkum Pachai Maram,2013,
1673,Kayavan,2013,
1674,Sathiram Perundhu Nilayam,2013,
1675,Nila Meedhu Kadhal,2013,
1676,Muthu Nagaram,2013,-
1677,Mayil Paarai,2013,
1678,Ariyathavan Puriyathavan,2013,
1679,Maman Machan,2013,
1680,Ninaivugal Azhivathillai,2013,
1681,Karumpuli,2013,
1682,Aandava Perumal,2013,
1683,Kanavu Kadhalan,2013,
1684,Kurumbukkara Pasanga,2013,
1685,Lollu Dhadha Parag Parag,2013,
1686,Thirumathi Thamizh,2013,
1687,Oruvar Meethu Iruvar Sainthu,2013,
1688,Vetkathai Kettal Enna Tharuvai,2013,
1689,Garuda Paarvai,2013,
1690,February 31,2013,
1691,Pathayeram Kodi,2013,
1692,Pesamal Pesinaal,2013,
1693,Kandathum Kadhal Antharangam,2013,
1694,Keeripulla,2013,
1695,Iru Killadigal,2013,
1696,Maruvisaranai,2013,
1697,Unaku 20 Enaku 40,2013,
1698,47 Ronin,2013,16
1699,Issaki,2013,
1700,4,2013,
1701,Naanum En Jamunavum,2013,
1702,Yamuna,2013,
1703,Kantha,2013,-
1704,Solla Matten,2013,
1705,Soundarya,2013,
1706,Idhayam Thiraiarangam,2013,
1707,Mye,2013,
1708,Garden of Wild Flowers (Zerleg tsetsgiin Khulemj),2013,
1709,The Great Gatsby,2013,48
1710,Cleaver's Destiny,2013,-
1711,The Joe Manifesto,2013,
1712,The Pain and the Pity,2013,
1713,La navaja de Don Juan,2013,
1714,Mariama La Tariko,2013,
1715,When Strangers Meet,2013,
1716,She,2013,
1717,L'Héroïne,2013,
1718,Kollywood,2013,
1719,White Knuckle,2013,
1720,Angulimala,2013,
1721,Raltat,2013,
1722,Jimmy,2013,50
1723,Love Eternal,2013,47
1724,Mariam,2013,
1725,World hopeful,2013,
1726,Angry Tears the Earlina My Story,2013,
1727,Solteras,2013,
1728,The River,2013,63
1729,Prisoners,2013,81
1730,Adriana,2013,
1731,Kaalicharan,2013,
1732,Chatrapathi,2013,
1733,Sri Adi Parashakti,2013,
1734,Suri Gang,2013,
1735,Mugila Chumbana,2013,
1736,Slum,2013,
1737,Chitramandiradalli,2013,
1738,B3,2013,
1739,Colors in Bangalore,2013,
1740,Aantharya,2013,
1741,Gaali,2013,
1742,Cool Ganesha,2013,
1743,Jeethu,2013,
1744,Kamini,2013,
1745,Ambara,2013,
1746,Cycle,2013,
1747,Aashirvada,2013,
1748,Khatharnak,2013,
1749,Dhanu,2013,
1750,Blue Moon,2013,20
1751,Nanda Gokula,2013,
1752,Umesh,2013,
1753,Dasavala,2013,-
1754,Dilwala,2013,
1755,Pyarge Aagbittaite,2013,
1756,Bhairavi,2013,
1757,Money Honey Shani,2013,
1758,Janma,2013,
1759,Pagade,2013,
1760,Radhan Ganda,2013,
1761,Kumbha Rashi,2013,
1762,Election,2013,92
1763,Kaveri Nagar,2013,
1764,Belakinedege,2013,
1765,Sri Amareshwara Mahatme,2013,
1766,Paraari,2013,
1767,Khara Saangu Khota Khota,2013,
1768,Mee Aani U,2013,
1769,Power,2013,81
1770,Kaay Karu? Na Kasa Karu!,2013,
1771,Vishesh Mhanje Hi Mazi Misses,2013,
1772,Orion,2013,
1773,Nenapinangala,2013,
1774,Arya's Love,2013,
1775,Manasa,2013,
1776,Yaarivanu,2013,
1777,Rajani Kantha,2013,
1778,Ee Banna Lokadali,2013,
1779,Ziddi,2013,
1780,Veera,2013,0
1781,Neenandre Ishta Kano,2013,
1782,Paranoia,2013,7
1783,L'amour impossible,2013,
1784,"EX-MEN Isipin Mong Magsinungaling, Puso Pa Rin Ang Aamin",2013,
1785,Breakfast and Dinner,2013,
1786,From Headquarters,2013,0
1787,Dar,2013,
1788,Torn,2013,90
1789,Kotlallappo Kai,2013,
1790,Bangari,2013,
1791,Sandalwood Sa Re Ga Ma,2013,
1792,Hejjegalu,2013,
1793,Black Nativity,2013,51
1794,HairBrained,2013,22
1795,Manasina Putadali,2013,
1796,Devarane,2013,
1797,Lovelace,2013,53
1798,Ee Bhoomi Aa Bhanu,2013,
1799,One Story,2013,
1800,Hasta encontrarte,2013,
1801,Shatruvu,2013,
1802,#aiww: The Arrest of Ai Weiwei,2013,
1803,Max Rose,2013,38
1804,Under the Skin,2013,84
1805,Claire,2013,
1806,Filth,2013,66
1807,Baila ho baykola kho,2013,
1808,Gravity,2013,96
1809,Puttinaroju,2013,
1810,Biskett,2013,
1811,Kharjooram,2013,
1812,Naa Sami Ranga,2013,
1813,Kamina,2013,
1814,Gatham,2013,
1815,Chemistry,2013,-
1816,Athadu Aame o Scooter,2013,
1817,Chinni Chinni Aasha,2013,
1818,Pranaya Veedhullo,2013,
1819,Madhumati,2013,75
1820,Nirbhaya Bharatham,2013,
1821,Pusthakamlo Konni Pageelu Missing,2013,
1822,1000 Abadhdhalu,2013,
1823,Swamy Satyananda,2013,
1824,Bunny N Cherry,2013,
1825,Music Magic,2013,
1826,Nenem... Chinna Pillana?,2013,
1827,Sahasra,2013,
1828,Telisi Teliyaka,2013,
1829,Manushulatho Jagratha,2013,
1830,3G Love,2013,
1831,Wu ren qu,2013,
1832,Theatre Lo Naluguru,2013,
1833,The Haunting in Georgia,2013,
1834,Salvation,2013,
1835,Headcase,2013,
1836,Getting Back to Zero,2013,-
1837,Big Sur,2013,44
1838,All Is Bright,2013,48
1839,Yi dai zong shi,2013,
1840,Decoding Annie Parker,2013,56
1841,A Voice in the Dark,2013,
1842,La 25ème heure,2013,
1843,The Margaret Sanger Story,2013,
1844,Un foyer difficile,2013,
1845,Street Urchins,2013,
1846,Bangalore Bandh,2013,-
1847,The Humdrummer,2013,
1848,Self Hitting,2013,
1849,La 25ème heure,2013,
1850,Client Number 9,2013,
1851,7E,2013,96
1852,Entre le marteau et l'enclume,2013,
1853,Caramel Sugar Moxie,2013,
1854,Killing Season,2013,10
1855,Samuel Bleak,2013,31
1856,Queen City,2013,
1857,"No God, No Master",2013,73
1858,Inka Safar Shuru: Raghupati Raghav Raja Ram,2013,
1859,Green,2013,80
1860,Germ,2013,
1861,Woman from the East,2013,
1862,Highland Park,2013,
1863,Billy Bates,2013,
1864,American Seagull,2013,
1865,Telephone World,2013,
1866,Walking with the Enemy,2013,44
1867,The Host,2013,
1868,Sunlight Jr.,2013,62
1869,The Fall of 1980,2013,
1870,Only in L.A.,2013,
1871,Cherries and Clover,2013,
1872,Det grå guld,2013,
1873,Dekyi Metok,2013,
1874,Ske Din Vilje,2013,
1875,Rocco vs Cleopatra,2013,
1876,Horns,2013,42
1877,The Disappearance of Eleanor Rigby: Him,2013,63
1878,Battle of the Year,2013,6
1879,Captain Phillips,2013,93
1880,Elysium,2013,64
1881,Five Thirteen,2013,33
1882,Rushlights,2013,26
1883,Broken Blood,2013,
1884,Mistake,2013,
1885,Milkweed,2013,
1886,A Single Shot,2013,47
1887,Le Repas du Singe,2013,
1888,Woman Bomb,2013,
1889,Are You Here,2013,8
1890,Osan ja,2013,
1891,Bagong paligo,2013,
1892,La voz de los silenciados,2013,
1893,Pawn,2013,26
1894,Mary Queen of Scots,2013,25
1895,Yasin,2013,
1896,Adbhoot,2013,
1897,Beautiful Creatures,2013,48
1898,Not Today,2013,50
1899,"Tlatelolco, Verano de 68",2013,
1900,Bluebird,2013,79
1901,Yuli & Milo,2013,
1902,All the Wrong Reasons,2013,48
1903,Jake,2013,
1904,Chukkalanti Ammayi Chakkanaina Abbayi,2013,
1905,A Birder's Guide to Everything,2013,87
1906,Crosshairs,2013,
1907,Chlorine,2013,8
1908,Only God Forgives,2013,41
1909,Lauf Junge lauf,2013,
1910,Natsuyasumi no chizu,2013,
1911,I'm in Love with a Church Girl,2013,10
1912,The Odd Way Home,2013,20
1913,Starting Over,2013,86
1914,The Cosmonaut,2013,21
1915,Cathedral Canyon,2013,
1916,A Farewell to Fools,2013,40
1917,Madoff: Made Off with America,2013,
1918,Last I Heard,2013,
1919,Louder Than Words,2013,13
1920,Deep Dark Canyon,2013,38
1921,Romeo & Juliet,2013,24
1922,Doonby,2013,67
1923,After You,2013,58
1924,C.O.G.,2013,
1925,A Miracle in Spanish Harlem,2013,87
1926,Self Portrait,2013,
1927,Gimme Shelter,2013,27
1928,Louis Cyr,2013,
1929,Grudge Match,2013,31
1930,Jonas,2013,
1931,The Sweet Shop,2013,
1932,Die Erfindung der Liebe,2013,
1933,3096 Tage,2013,
1934,Rock and Roll Fuck'n'Lovely,2013,
1935,Awakened,2013,56
1936,A Box for Rob,2013,-
1937,Good Night,2013,50
1938,The Wait,2013,31
1939,This American Journey,2013,91
1940,10.000 noches en ninguna parte,2013,
1941,Stoker,2013,70
1942,Verity's Summer,2013,
1943,Girl on a Bicycle,2013,8
1944,Return to the Hiding Place,2013,62
1945,Carterboy,2013,
1946,A New York Heartbeat,2013,
1947,Educazione siberiana,2013,
1948,Last of the Breed: The Dave Evans Story,2013,
1949,The Invisible Woman,2013,76
1950,Safe Haven,2013,13
1951,Amaro amore,2013,
1952,From the Rough,2013,72
1953,Tarzan,2013,20
1954,Snowpiercer,2013,94
1955,Meth Head,2013,
1956,Far Marfa,2013,
1957,Ismael,2013,53
1958,Seasons of Gray,2013,88
1959,Mid Life Gangster,2013,
1960,Only Lovers Left Alive,2013,86
1961,The Spectacular Now,2013,91
1962,Mindscape,2013,88
1963,Drift,2013,72
1964,Caníbal,2013,
1965,Leaving Limbo,2013,29
1966,Conversion,2013,
1967,Pitching Hope,2013,
1968,The Way Way Back,2013,
1969,Rising Star,2013,
1970,Sugar,2013,70
1971,Gone Missing,2013,
1972,Blood Sun Town,2013,
1973,Bridgend,2013,81
1974,Die Frau des Polizisten,2013,
1975,Ham & the Piper,2013,
1976,Sobre ella,2013,
1977,Ruby Booby,2013,
1978,All Together Now,2013,68
1979,Dance of the Steel Bars,2013,
1980,Solito,2013,
1981,Blood Ties,2013,53
1982,Brother's Keeper,2013,80
1983,Being Us,2013,
1984,Motivational Growth,2013,80
1985,Unschooled: Save Our Future,2013,
1986,Innocence Abandoned: Street Kids of Haiti,2013,
1987,The Sea,2013,52
1988,Þetta Reddast,2013,
1989,Neon Sky,2013,
1990,El Divino Influjo de los Secretos,2013,
1991,Diana,2013,7
1992,Tiburon,2013,
1993,Lesser Miracles,2013,
1994,Fondi '91,2013,
1995,Trap for Cinderella,2013,25
1996,Not Another Jesus Camp,2013,
1997,Noise Matters,2013,-
1998,Conviction,2013,68
1999,Dragon Day,2013,40
2000,Instruments of Darkness,2014,
2001,A Walk Among the Tombstones,2014,68
2002,The Ninth Cloud,2014,
2003,The Giver,2014,35
2004,Before We Go,2014,28
2005,A Long Way Down,2014,23
2006,Ex Machina,2014,92
2007,Dil Ka Sauda,2014,
2008,Kid Cannabis,2014,
2009,Interstellar,2014,73
2010,Dracula Untold,2014,25
2011,Electric Slide,2014,14
2012,Bhopal: A Prayer for Rain,2014,68
2013,Suite Française,2014,76
2014,Love & Mercy,2014,89
2015,A Merry Christmas Miracle,2014,
2016,Coffee Sex You,2014,
2017,Out of Sight,2014,94
2018,Avenge,2014,
2019,Zvyozdy svetyat vsem,2014,
2020,Prathighatana,2014,-
2021,Gafas de ver,2014,
2022,Boris Secret Private Life,2014,
2023,Healing Mate,2014,
2024,Wu cai shen jian,2014,
2025,Fingertips of an Angel,2014,
2026,The Sisterhood of Night,2014,81
2027,Shao nian qi wang,2014,
2028,Mummy Dearest,2014,
2029,Dazzling Mirage,2014,
2030,Apnea,2014,33
2031,Selma,2014,99
2032,Zahreela,2014,
2033,"Legs Wide Spread, the Motion Picture",2014,
2034,Little Sami,2014,
2035,Beautiful Girl,2014,
2036,Qing chun xu,2014,
2037,Acto de Fe,2014,
2038,Aamhi Bolato Marathi Movie,2014,
2039,Mantan Terindah,2014,
2040,Dos de Trébol,2014,
2041,Picture Perfect,2014,47
2042,7 Misi Rahasia Sophie,2014,
2043,Dee Saturday Night,2014,
2044,Boyhood,2014,97
2045,Broker 2,2014,
2046,Bardo,2014,
2047,Biz babasiz büyüdük,2014,
2048,"12 Minds, A Star Trek Fan Film",2014,
2049,Sathiyo Chalyo Khodaldham,2014,
2050,A Girl from Dar Elsalam,2014,
2051,Mizhi Thurakku,2014,
2052,Dnevnik mamy pervoklassnika,2014,
2053,Plus jamais ça,2014,
2054,What Exactly is a Hipster...,2014,
2055,The Saklas's Last Words,2014,
2056,Amaneceres,2014,
2057,Au Nord l'exilé,2014,
2058,Foxcatcher,2014,87
2059,Qu'allons-nous faire du temps qu'il nous reste?,2014,
2060,Betaab,2014,65
2061,Dariya Dil,2014,
2062,Adalat,2014,67
2063,Charno Ki Saugandh,2014,
2064,Ek Laila Teen Chaila,2014,
2065,Deewangi Had se,2014,
2066,Dil Lagal Dupatta Wali Se,2014,
2067,Ham Ke Daru Naahi Mehraru Chaahi,2014,
2068,Hathkadi,2014,
2069,Ek Nirahua Sarfira,2014,
2070,Jo Jeeta Wahi Sikander,2014,
2071,Jaan Lebu Ka Ho,2014,
2072,Thok Deb,2014,
2073,Khoon Bhari Hamaar Maang,2014,
2074,Laadla,2014,
2075,Jaaneman,2014,
2076,Sajna Mangiya Sajai Da Hamar,2014,
2077,Pyaar Mohabbat Zindabad,2014,
2078,Tere Naam,2014,79
2079,Kache Dhaage,2014,
2080,Shola Shabnam,2014,
2081,Saiyan Ji Dilwa Mangelein,2014,
2082,Yoddha,2014,
2083,Mor w'Sbar,2014,
2084,Bidoun 2,2014,
2085,Baba Rangeela,2014,
2086,Dhund Lenge Manzil Hum,2014,
2087,Merchak Arbaa Yamim MiShte Shenot Or,2014,
2088,Buoc Khe Dên Hanh Phúc,2014,
2089,Genuine Love,2014,
2090,Love Evolutionism,2014,
2091,Toefl Al-Shams,2014,
2092,Min Ayna Nabda?,2014,
2093,Desole,2014,
2094,Six,2014,62
2095,Say a Little Prayer,2014,
2096,Big Eyes,2014,72
2097,Off Da Hook,2014,
2098,Cry of the Butterfly,2014,
2099,Firebird,2014,57
2100,I Believe in Unicorns,2014,85
2101,The Brothers Karamazov,2014,25
2102,After,2014,8
2103,Así como en la lluvia,2014,
2104,Tafkik,2014,
2105,17 Tahun Ke Atas,2014,
2106,Pillangók,2014,
2107,Dreamboys,2014,
2108,Jack and the Beanstalk,2014,61
2109,Star Cross'd Jammers,2014,
2110,Kaadhal 2014,2014,
2111,Jai Ho,2014,14
2112,Kagdi Killa,2014,
2113,My Lady,2014,
2114,You're Not You,2014,48
2115,Beste Chance,2014,
2116,Jack Ryan: Shadow Recruit,2014,55
2117,Preethi Geethi Ityaadi,2014,
2118,Lamat,2014,
2119,Easter Sunday,2014,40
2120,Non lo so ancora,2014,
2121,Educator,2014,
2122,Jonesy,2014,
2123,Kill the Messenger,2014,77
2124,The Independent Game,2014,-
2125,Hype Nation 3D,2014,
2126,Swish,2014,
2127,Meendum Amman,2014,
2128,Dark Rainbow Part 2,2014,
2129,Darbast Azadi,2014,
2130,Harijan (Bangla),2014,
2131,Bonne Fête Maman,2014,
2132,Unexpected Strangers,2014,
2133,Serena,2014,17
2134,Bittersweet Chocolate,2014,
2135,Summer to Winter,2014,
2136,Kali (3ème partie de la Tétralogie Les Chemins Cinétiques),2014,
2137,Lâzward (2ème partie de la Tétralogie Les Chemins Cinétiques),2014,
2138,Sarasvati (4ème partie de la Tétralogie Les Chemins Cinétiques),2014,
2139,About a Young Man,2014,
2140,L'Art de s'égarer ou l'image du bonheur,2014,
2141,300: Rise of an Empire,2014,46
2142,Wesh Sojon,2014,
2143,Small Black Fish,2014,
2144,Más que el agua,2014,
2145,Rendas No Ar,2014,
2146,Vijay Tilak,2014,
2147,Saints and Soldiers: The Void,2014,46
2148,Dying of the Light,2014,11
2149,Aulad,2014,
2150,Paso a Pasito,2014,
2151,Ready 2 Die,2014,0
2152,Donde Estaba Dios?,2014,
2153,Harivu,2014,
2154,27 B Beadon Street,2014,
2155,Los Enemigos del Dolor,2014,
2156,The Angriest Man in Brooklyn,2014,9
2157,Nenhures,2014,
2158,Hagh-e sokoot,2014,
2159,Virudhalaam Pattu,2014,
2160,Innuma Nammala Namburanga,2014,
2161,1 Pandhu 4 Run 1 Wicket,2014,
2162,Natpin Nooram Naal,2014,
2163,Nadodi Paravai,2014,
2164,Naangellam Edakoodam,2014,
2165,Endrume Anandham,2014,
2166,Manam Konda Kadhal,2014,
2167,Pagadai Pagadai,2014,
2168,13 Am Pakkam Parkka,2014,
2169,Yaaro Oruvan,2014,
2170,Blue Ridge,2014,60
2171,I ekdikisi tou Dionysou,2014,
2172,Iyakunar,2014,
2173,Athimalai Muthupandi,2014,
2174,Away from Here,2014,
2175,Aluchatiyam,2014,
2176,En Kadhal Pudithu,2014,
2177,Madhavanum Malarvizhiyum,2014,
2178,Kovalanin Kadhali,2014,
2179,Chithirai Thingal,2014,
2180,Yasagan,2014,
2181,Pongadi Neengalum Unga Kaadhalum,2014,
2182,Koottam,2014,
2183,Amma Ammamma,2014,
2184,Pani Vizhum Nilavu,2014,
2185,Marumunai,2014,
2186,Vilasam,2014,
2187,Vidiyum Varai Pesu,2014,
2188,Mun Andhi Saaral,2014,
2189,Nee En Uyire,2014,
2190,Kandharvan,2014,
2191,Ottam Aarambam,2014,
2192,Vazhum Deivam,2014,
2193,Veeran Muthu Raaku,2014,
2194,Adhu Vera Idhu Vera,2014,
2195,Eppothum Vendran,2014,
2196,Thirudu Pogatha Manasu,2014,
2197,Hogenakkal,2014,
2198,Manaivi Amaivathellam,2014,
2199,Dhavani Kaatru,2014,
2200,Nila Kaaikirathu,2014,
2201,Enn Nenjai Thottaye,2014,
2202,Uyirukku Uyiraga,2014,
2203,Rettai Kadhir,2014,
2204,Karpavai Katrapin,2014,
2205,Innarku Innarendru,2014,
2206,Kalla Saavi,2014,
2207,Sandiyar,2014,
2208,Vachikava,2014,
2209,Ambel Jhoot,2014,
2210,Jamaai,2014,
2211,Tamilselvanum 50KM Kalaiselviyum,2014,
2212,Chinnan Chiriya Vanna Paravai,2014,
2213,Aalamaram,2014,
2214,Yaavum Vasappadum,2014,
2215,Panduvam,2014,
2216,Thalaikeezh,2014,
2217,Muyal,2014,
2218,Puthiyathor Ulagam Seivom,2014,
2219,Thalakkonam,2014,
2220,Dhanush 5am Vaguppu,2014,
2221,Murugatrupadai,2014,
2222,Velmurugan Borewells,2014,
2223,Cavallo di Troia,2014,
2224,Motvind,2014,
2225,Portrait de Rosa,2014,
2226,Bullion,2014,
2227,Balbesit: 'n Studie in Stemme,2014,
2228,Rough Hustle,2014,
2229,Travelator,2014,
2230,Five to Five (5 to 5),2014,
2231,Daughter,2014,94
2232,Something Wicked,2014,17
2233,Life,2014,64
2234,Alice: A True Story,2014,
2235,Kulamkuthikal,2014,
2236,Dial 1091,2014,
2237,Nattarangu,2014,
2238,Snehamulloral Koodeyullappol,2014,
2239,Black Forest,2014,29
2240,Ghalbe Sefide Ghasedakha,2014,
2241,Penguin High,2014,
2242,Let's Play Jazz,2014,
2243,Machado do Brasil,2014,
2244,Ixel,2014,
2245,King's White Horse,2014,
2246,If I Stay,2014,35
2247,Borrowed Moments,2014,
2248,This Is Where I Leave You,2014,44
2249,Atlanta (ATL) Undercover,2014,
2250,Due West 2: Our Sex Vacation,2014,
2251,Relaciones inesperadas,2014,
2252,Al límite del placer,2014,
2253,El Ardor,2014,
2254,Thottal Vidathu,2014,
2255,Xiyonat girdobi,2014,
2256,Revenge of the Green Dragons,2014,15
2257,Of Silence,2014,46
2258,Rogelio,2014,
2259,Sri Guru Thipperudraswamy Pavada,2014,
2260,Ee Dil Helide Nee Bekantha,2014,
2261,Asa Ha Atarangi,2014,
2262,Bhakar,2014,
2263,Software Ganda,2014,
2264,Jothi Alias Kothi Raja,2014,
2265,Sorry Kane,2014,
2266,Gandhiji Kanasu,2014,
2267,Kolaahala,2014,
2268,143,2014,
2269,Gante Ondu,2014,
2270,Makkale Maanikya,2014,
2271,Miss Mallige,2014,
2272,Jasmine 5,2014,
2273,Jai Bajarang Bali,2014,
2274,Paramashiva,2014,
2275,Ingale Maarga,2014,
2276,Simhadri,2014,
2277,Sadagara,2014,
2278,Panganama,2014,
2279,Chirayu,2014,
2280,Baanaadi,2014,
2281,Namo Boothatma,2014,
2282,Naanu Hemanth Avalu Sevanthi,2014,
2283,Central Jail,2014,
2284,Pyar Ka Gol Gumbaz,2014,
2285,Pungi Daasa,2014,
2286,Manada Mareyalli,2014,
2287,Hara,2014,
2288,Doodh Sagar,2014,
2289,Usiriginta Neene Attira,2014,
2290,Nenapideya,2014,
2291,Pandya,2014,
2292,Baasu Ade Hale Kathe,2014,
2293,Billion Dollar Baby,2014,
2294,Jamboo Savari,2014,
2295,Paru Wife of Devadas,2014,
2296,Matthe Satyagraha,2014,
2297,Malli,2014,
2298,Love Is Poison,2014,
2299,Aathma Sakshi,2014,
2300,Veera Pulikeshi,2014,
2301,Typical Kailas,2014,
2302,Gargar Mandala,2014,
2303,24 Carat,2014,
2304,Kwatle Satisha,2014,
2305,Maryade,2014,
2306,Crazy Star,2014,
2307,Lights Camera Action,2014,
2308,Karnataka Ayodhyapuram,2014,
2309,Love Show,2014,
2310,Kwatle,2014,
2311,Angaaraka,2014,
2312,Anjada Gandu,2014,
2313,Savaal,2014,
2314,Vishwa Vinayaka,2014,
2315,Kalyanamasthu,2014,
2316,Nakra,2014,
2317,Amanusha,2014,
2318,Navarangi,2014,
2319,Vasundhara,2014,
2320,Karodpathi,2014,
2321,Nage Bomb,2014,
2322,Little Master,2014,
2323,Dosthi,2014,
2324,Shivajinagara,2014,
2325,Sold,2014,56
2326,A Quiet Inquisition,2014,
2327,Santa Joana dos Matadouros,2014,
2328,Jô-ô gêmu,2014,
2329,Via Papikondalu,2014,
2330,Nocturne,2014,47
2331,Why We Cry,2014,
2332,Amigos distantes,2014,
2333,Testament of Youth,2014,84
2334,Ángeles de la noche,2014,
2335,Cornea,2014,
2336,The Letters,2014,29
2337,Panchabhoothalu Sakshiga,2014,
2338,Choosinodiki Choosinanta,2014,
2339,Flight Without Wings,2014,
2340,Vichakshana,2014,
2341,Nuvve Naa Bangaram,2014,
2342,Hrudayam Ekkadunnadi,2014,
2343,Love Dot Com,2014,
2344,Naa Rakumarudu,2014,
2345,Ganpati Bappa Morya,2014,
2346,Alibaba Okkade Donga,2014,
2347,Veedu Chaala Worst,2014,
2348,Raj Mahal,2014,
2349,Kamalatho Naa Prayanam,2014,-
2350,Savior,2014,56
2351,Tolet 4 Bachelors Only,2014,
2352,Chatting,2014,
2353,Medaram Jathara,2014,
2354,Jabilli Kosam Akasamalle,2014,
2355,Kiraak,2014,
2356,Special Class,2014,
2357,Inka Emi Anukoleduu,2014,
2358,Celebrity,2014,42
2359,Boy Friend Leni Ammayi Unda,2014,
2360,"Rio, Eu Te Amo",2014,
2361,Lakhon Mein Ek Hamar Bhauji,2014,
2362,Ask-i Suzan,2014,
2363,Tu Ki Jaane Sajjna,2014,
2364,Innenkind,2014,
2365,Learning Curves,2014,
2366,Hui Ming,2014,
2367,Paathi Unakku Paathi Enakku,2014,
2368,Bir Don Juan Oldurmek,2014,
2369,The David Dance,2014,33
2370,Les Traces du Passé,2014,
2371,Bharatiyano Chala Ek Hou Ya,2014,
2372,The End of Something,2014,
2373,Victimized,2014,-
2374,Pacing the Cage,2014,
2375,Tapasvi,2014,
2376,Tegarg Va Aftab,2014,
2377,The Students,2014,
2378,Vsem vsego khoroshego,2014,
2379,Hero,2014,
2380,Exodus: Gods and Kings,2014,31
2381,Nandigramer Chokher Pani,2014,
2382,Love You Bangaram,2014,
2383,WHO U.S.?,2014,
2384,Behind the Door of a Secret Girl,2014,
2385,Agadir Express,2014,
2386,3 Mile Limit,2014,
2387,Chilla,2014,
2388,Kobzar. Istoriya odniyeyi knyhy,2014,
2389,Her Wilderness,2014,
2390,Born of War,2014,35
2391,Cure: The Life of Another,2014,29
2392,Girltrash: All Night Long,2014,66
2393,Glory Days,2014,
2394,The Mortal Instruments: City of Heavenly Fire,2014,
2395,O Manishi Katha,2014,
2396,Faan se trein,2014,
2397,Tunnel,2014,100
2398,The Humbling,2014,53
2399,The Skeleton Twins,2014,86
2400,Why Do I Cry?,2014,
2401,Naked Angel,2014,
2402,Katherine of Alexandria,2014,23
2403,From Leicester to Hollywood,2014,
2404,Pawn Sacrifice,2014,72
2405,Spomenik Majklu Dzeksonu,2014,
2406,The Drop,2014,89
2407,Princess,2014,83
2408,A Fine Step,2014,42
2409,Frank,2014,92
2410,Effie Gray,2014,43
2411,Better Living Through Chemistry,2014,23
2412,Emulsion,2014,91
2413,Cesar Chavez,2014,39
2414,My Legacy,2014,
2415,Hector and the Search for Happiness,2014,38
2416,When the World's on Fire,2014,
2417,Verdades y Mentiras,2014,
2418,Missing William,2014,59
2419,The Prophet,2014,80
2420,The Last Day of Winter,2014,
2421,Million Dollar Arm,2014,65
2422,Gloria Jesus,2014,
2423,Magic Men,2014,80
2424,Cut Bank,2014,37
2425,From A to B,2014,
2426,Alongside Night,2014,
2427,The Calling,2014,53
2428,Six Dance Lessons in Six Weeks,2014,55
2429,PHX (Phoenix),2014,
2430,Shades of Gray,2014,
2431,Jamesy Boy,2014,26
2432,The Creep Behind the Camera,2014,90
2433,Vampire Academy,2014,17
2434,Grand Street,2014,
2435,Semper Fidel,2014,
2436,White Dwarf,2014,86
2437,Luna,2014,50
2438,"Alexander and the Terrible, Horrible, No Good, Very Bad Day",2014,62
2439,Hoje Eu Quero Voltar Sozinho,2014,
2440,Every Secret Thing,2014,32
2441,Glass Chin,2014,86
2442,Chambers Gate,2014,96
2443,Desiree,2014,20
2444,Before I Go to Sleep,2014,37
2445,The Lashman,2014,
2446,Compound,2014,
2447,Bare Knuckle,2014,40
2448,Supernova,2014,89
2449,Top je bio vreo,2014,
2450,Jersey Boys,2014,51
2451,3.14...,2014,
2452,The Dark Forest,2014,
2453,Sabotage,2014,21
2454,Drummer for the Mob,2014,
2455,Hullo,2014,
2456,Plemya,2014,
2457,Lines,2014,
2458,Pennsylvania Holy Ghosts,2014,-
2459,Drive-Through: The Story Movie,2014,
2460,The Hero,2014,43
2461,Little Terrors,2014,
2462,El grito en la sangre,2014,
2463,Persecuted,2014,0
2464,She's Funny That Way,2014,45
2465,Stonehearst Asylum,2014,
2466,Down the Chain,2014,
2467,50 to 1,2014,29
2468,The Grim Sleeper,2014,43
2469,Inherent Vice,2014,74
2470,Never a Neverland,2014,
2471,While We're Young,2014,84
2472,A Lesson of Love,2014,
2473,Rudderless,2014,64
2474,City of Dust,2014,
2475,Lucia de B.,2014,
2476,The Unlovables,2014,
2477,Unbroken,2014,51
2478,The HR Guy,2014,
2479,Annie,2014,29
2480,Tainted Rose,2014,
2481,Pierrot Lunaire,2014,
2482,Chung-A,2014,
2483,Mad As Hell,2014,27
2484,AgAu,2014,
2485,Don Peyote,2014,
2486,Hyena,2014,78
2487,Winter's Tale,2014,13
2488,Northern Soul,2014,76
2489,Maybe Tomorrow,2014,100
2490,Time,2014,
2491,Simindis kundzuli,2014,
2492,Fearless: The Documentary,2014,
2493,Low Down,2014,50
2494,Song of the Sea,2014,99
2495,Stockholm Intermezzo,2014,
2496,The Reconstruction of William Zero,2014,25
2497,Strings of Passion,2014,-
2498,Tension(s),2014,
2499,The Judge,2014,48
