,actores
0,Scott Umsteadt
1,Chris Melancon
2,Levi Boldock
3,DTeflon
4,Andrew Kirby
5,Jak Engel
6,Guy
7,Noel Johansen
8,Miranda Kent
9,Yanin Penalba
10,Frank Roshto
11,Julie York
12,Stacey Scheller
13,Dice(as Big Jay)
14,Rex Harrison
15,Eline Kijk in de Vegt
16,Ben Jackson
17,Juan G. Verdú
18,Abegail Balderas
19,Keri Szymanski
20,Robert Ornelias
21,José Luis Aranda
22,Ana Aleksic
23,David Anthony Higgins
24,Elena de Felipe
25,Doug Erholtz
26,Charles Etienne
27,Russell Messenger
28,Dean Karalekas
29,Jason St. Amour
30,Jeffrey Doornbos
31,Dustin Kuepper
32,Joseph Christopher
33,Jonathan MacPherson
34,Kristoffer Wight Kelly
35,Ray Haratian
36,Joffrey Platel
37,Vegard Hovland Ottervig
38,Richard A. Doyon
39,Shakira Vanise Gamble
40,Allen Karginov
41,Angel Gonzalez
42,K. Shawn Edgar
43,Chris Johnson
44,Jacob Alsbrook
45,Tom Marklund
46,Yinka Olorunnife
47,Lisa Brounstein
48,Paul Goebel
49,Mario Soto
50,Meredith Elyse Orren
51,Sacha Pommepuy
52,Michael Davies Jr.
53,Andy Mackenzie
54,John Wiggins
55,Tim Fehlauer
56,Ali Cairns
57,Brian Tesla
58,Steve Blum
59,Aryn Bonn
60,Ann Yackshaw
61,Truman Lofton
62,Carlos Santos
63,Matt Parrish
64,John Matt Yackshaw
65,Pete Papavlasopoulos
66,Claudio Pérez
67,John Stegemann
68,Deidra Edwards
69,Isaac Hamon
70,Leo Michaud
71,Justin Slosky
72,Kirstine Loubet
73,Philip Chang
74,Patrick Vo
75,Otso Tarkela
76,Alpha Blair
77,Guilherme Gomes Glir
78,Sonom Gualson
79,Jared Robinson
80,Kenn Andersen
81,Santiago Arévalo
82,Eric Burdett
83,Linda Dorfers
84,Sean Fairburn
85,Padmé
86,Stefano Farina
87,Amy Robinson
88,Tim Lem
89,Kevin Ng
90,Nina Kaczorowski
91,Jesse Brocksmith
92,James Burkhammer
93,Franklin Dennis Jones
94,Larry Underwood
95,Rako Prijanto
96,Alain Balyan
97,Sherwin Villazor
98,Slobodan Custic
99,Steffen Schlachtenhaufen
100,Pete Chatmon
101,Marc Good
102,Jason Hiro Kim
103,James Lew
104,Lance C. Williams
105,Kevin Hoyer
106,David Ranson
107,Lenka Ulrich
108,Marcus Monopoli
109,Shun Shioya
110,Graham Suorsa
111,James Germano
112,Jim Bruce
113,Dave Cummings
114,James B. Myers
115,Heath Kirchart
116,Rahn Mayo
117,Curnal Achilles Aulisio
118,Deryl Mitzen
119,Policeman
120,Ali Walker
121,Tamás B. Zala
122,Steve Staley
123,Tim Devries
124,Erik Valstrand
125,Károly Hajduk
126,Benjamin John Parrillo
127,Dan Rampoldt
128,Mitchell Lance Adams
129,Ken Wiley
130,Corey Hawk
131,Darkman
132,Steve Cunningham
133,Sven Björklund
134,Colin Davis
135,Wesley Hunt
136,Adam Nilsson
137,Kevin P. Kearns
138,Stephanie Himpe
139,Augusto Madeira
140,Patrick Magee
141,Adam Vary
142,Michel Durand
143,Brian Barnard
144,Hayley Tyson
145,Jeff Guy
146,Rick Moore
147,Julia Saragoza
148,Miguel Ángel Ruíz
149,Tom Griffin
150,Ryô Akikusa
151,Esteban Powell
152,César Guevara
153,Fredrik Hiller
154,Spencer Cutler
155,Drew Dalire
156,Carlos Torrestorija
157,Alan Winston
158,C.J. Sevilla
159,Jon-Martin Pettersen
160,Thomas D. Craven
161,Alfredo Cuevas
162,Yolanda Pérez
163,James Kim
164,Jim O'Brien
165,Natalie Pledger
166,Matthias Beier
167,Tom Hefner
168,Javier Ramírez
169,David Ewing
170,Tommy Danielowski
171,Paul Sloan
172,Michael Matthys
173,Kellee McQuinn
174,Robert 'Rock' Galotti
175,Alex Kean
176,Snagev
177,Patrick Felix
178,Bill Dempsey
179,Mako Ishino
180,Christine Patton
181,Meyer DeLeeuw
182,Axel Drhey
183,Alfredo Caceres
184,Shihô Harumi
185,Sean Lawlor
186,Reiko Kiuchi
187,Mike Baldridge
188,Erik Marklund
189,Richie Harkham
190,Monsieur Maillet
191,Marc Barnig
192,Cannonball
193,Adam Ambruso
194,Brad Beauchamp
195,Christian Ananías
196,Gleb Kiselov
197,C. Fox
198,Grant Boerner
199,Stuart Quan
200,Kristen Kerr
201,Gurpreet Rakra
202,James DePietro
203,Adam Harrington
204,Sabrina Schlumberger
205,Samuel Ballet
206,Pauley Perrette
207,Ed Vandewater
208,John McDonald
209,Patrick Dolan
210,Todd A. Cole
211,Karin Pittner
212,Josh Underwood
213,Jeff Lew
214,Frank Schuler
215,Jim Clawson
216,Vladimir Markovic Looney
217,Mike 'Nug' Nahrgang
218,Bjorn Johnson
219,Rafael Cardoso
220,Anilú Pardo
221,Brianne Brozey
222,Patrick Hume
223,Victoria Vives
224,Tia Hasibuan
225,Matthew Tompkins
226,Jon Heder
227,Alexander Chance
228,Thomas Guerigen
229,Fredrik Tafvelin
230,Harry Porter
231,Gudmundur Elias Knudsen
232,Scott Whitlock
233,Carlton Bruce
234,Heidi Smith
235,Kitt Tran
236,Brett Bower
237,Erik Ruppert
238,Christopher Michael Holley
239,Jay Co
240,Bertrand Lerosey
241,Max Cabot
242,Debra Haworth
243,Jesica Briggs
244,Kari Ylijoki
245,Carolina Salvati
246,Martin Rönnlund
247,Ron Micca
248,Mathis Schulze
249,Thomas Craig Elliott
250,Anna-Maria Gottfried
251,Amy Renee Herring
252,Jade Pappion
253,Rakesh Thielemans
254,Fred Norris
255,Linda Singer
256,Erin Ionson
257,Yoshi Obayashi
258,Robb Rineer
259,Luke Dye
260,Matt Baron
261,Regine Lindenmüller
262,Dan Dalbout
263,Patrick Salvagna
264,Dennis Diaz
265,F. Valentino Morales
266,Chris DiGrazia
267,Homeless Man
268,Michael Antonik
269,Shakara Haxter
270,Julio Tigre
271,Merek Davis
272,Newton Miller
273,Byron Gatt
274,Christina Quinn
275,Al Thompson
276,Cipriana Williams
277,Nina Niel
278,Özcan Cosar
279,Katrina Marcinowski
280,George Caleodis
281,Craig Snoyer
282,Melounek
283,Donovan Christian-Cary
284,Bob Daniher
285,Lydia Trickey
286,Kevin Randleman
287,Terence J. Rotolo
288,Tang Nguyen
289,Tetsu Inada
290,John L. Chandler
291,Brad Bognar
292,Brian Hayes Currie
293,Jon Briddell
294,Michael McMenemy
295,Laura Miro
296,Jack Holiard
297,Sala Baker
298,Lori Enterline
299,Mia Riverton
300,Ken Lopez
301,Paul D. Giles
302,Eddie Mui
303,J.B. Edwards
304,Shari Washington
305,Lauren Mary Kim
306,Kari Kronhfeldt
307,Knut Barg
308,Dave Jenkins
309,Brian McNett
310,Tomas Liska
311,RoboCop
312,Geoff Melnychuk
313,Eric Ritter
314,Delano Willis
315,Helge Schneider
316,Jen Richey
317,Patrick Magrath
318,Fred Debrouck
319,Sam Mende-Wong
320,Magnus Hendricksen
321,Stevo Polyi
322,Roger Lidman
323,Dhriti Pati Sarkar
324,Kike Muñoz
325,Mark S. Allen
326,The Thug
327,Christopher Pickhardt
328,Lois Moreno
329,Sven Veine
330,Jenn Laharty
331,Laurie O'Brien
332,Bill Dawes
333,Henning Ricke
334,Jason Forbes
335,Yurika Hino
336,Vanesa Veza
337,Jason Gilmore
338,Rick Fallon
339,America Kelly
340,Martin Gaustad
341,Andrew Johnson
342,Marc Boyer
343,Xiao Hei Deng
344,Francisca Lewin
345,Mike Cook
346,Tony Wilson
347,Josh Grace
348,Victória Mazzini
349,Katariina
350,Todd Babcock
351,Scott Ingalls
352,Irakli Dardagany
353,Jack McCrone
354,Loren Kinsella
355,Sarah Lian
356,Jamie Harris
357,Enrico Mammarella
358,Assistant Coach
359,Heather Durham
360,Pavelina Ikonic
361,Erik Farkas
362,Sergio Arjona
363,Alex G. Robles
364,Thomas Bull
365,Yuki Matsuzaki
366,Eduard Garre
367,Carmen Gloria Bresky
368,Jon Clarke
369,Jim Weekes
370,Jeremy James Douglas Norton
371,Craig Knight
372,Kyra Bosch
373,Vincent Fatato
374,Ed Ha
375,Barbara Goodson
376,K. Megumi
377,Kari Kock
378,David Fletcher
379,Zane Seal
380,Françoise Sainte-Marie
381,Milos Andjic
382,Rey Misterio Sr.
383,Adriano Guareschi
384,Ferhat Türkoglu
385,Leon Aureus
386,Michael Tenvordee
387,Mark Thomason
388,Fernando Lobo Amaral
389,David Nicolaishvili
390,Michael Barb
391,Larron Rome Julian
392,Margo Tyler
393,Nick Lopez
394,Ian Harbage
395,Ewan Chung
396,Sean Simms
397,Daniel Feigenbutz
398,Bud
399,Tristan Carl
400,Fiona Angus
401,Paul Hasenyager
402,Ken Lesco
403,Norbert Orosz
404,Nikolai Kanow
405,Satsuki Mukai
406,Jonathan Everett
407,Lucienne Deschamps
408,Jo Prestia
409,Adequate Deer
410,Alfonso Labeaga
411,Ernie Leyva
412,Jason Siner
413,Michèle Oth
414,Lin Changxin
415,Philippe Larose
416,Tuomo Rämö
417,The Gay Sensei
418,Sean Salon
419,Rena Tonelli
420,Chris Callos
421,Jaap Achterberg
422,Mick Mastroianni
423,Andreas Abb
424,Andrew Decker
425,Stéphane Rouabah
426,Christin Nelson
427,Jonathan Krygier
428,Ryan Roberts
429,Mariana Verly
430,Yvo Muller
431,Nathaniel
432,John Kay Steel
433,Richard Montgomery
434,Scott C. Jackson
435,Damian Cecere
436,Randall Wulff
437,Black Mummy
438,Dave Kahn
439,Chris Roye
440,Ryan Gibson
441,Ivy(as Erlinda Orozco)
442,Ville Väisänen
443,Aaron Robson
444,Gene Peterson
445,Bill Lippincott
446,Chris Bartholomew
447,Joel Edgerton
448,Jonathan Breck
449,Adam Jordan
450,Zoran Gulaboski
451,Chris Jolliff
452,Chamblee Ferguson
453,Sizzle the Stripper
454,Jack Walker
455,Joshua Reed
456,Jonas Boel
457,Craig Menner
458,James Jackson
459,Johan Gretland
460,Kevin Olsen
461,Kevin Michael Richardson
462,Ryan Baylor
463,Robyne Baruchel
464,P.J. Brown
465,K.J. Baysa
466,Merritt A. Vincent
467,Max Troia
468,Jumber Malanya
469,Dan Swett
470,Tim League
471,Julien Lacombe
472,Chandana Banerjee
473,Shawn Waldow
474,Matt Hoffman
475,Jeff Gardner
476,Samuel D. Willingham
477,Rose Byrne
478,Pat Tobin
479,Jon Liss
480,Vivian Ouverney
481,Haskell V. Anderson III
482,Noel Sto. Domingo
483,Andre Malerba
484,Nuria Herrera
485,Darko Drulovic
486,Kazu Patrick Tang
487,Joette Rhodes
488,Shawn Runions
489,Gary Eckwortzel
490,Maggie Rose Fleck
491,Ryûji Sainei
492,The Werewolf
493,András Réthelyi
494,Ron Squeri
495,Arturo Amaro
496,Douglas Blakeslee
497,David Scotti
498,Manuela Varela
499,Steven A. Davis
500,Clément Fenasse
501,Jeff Centauri
502,Richard Messenger
503,Ville Lehtisaari
504,James Hiser
505,Erik Wihlborg
506,Eric Santana Illarmo
507,Amy Hoffman
508,Carol Garcia
509,Stephan Chrisz
510,Shane Dean
511,Depp Lee
512,Daniel Dvorsky
513,Nicolas Philip
514,Curtis Morley
515,Jamie Carpenter
516,Cameron Fedor
517,Álvaro Menéndez
518,Fraser Lyons
519,Paris Jefferson
520,J.A. Worthington
521,Alex Law
522,Endre M. Holéczy
523,Horst Sarubin
524,Florian Kashani
525,Corey Mayne
526,Kyle Matthews
527,Joris Jarsky
528,David Mattey
529,Stuart Riches
530,Ben Kreger
531,Liam Welch
532,Beckna Eberharter
533,Felissa Rose
534,Nicolas Richard
535,Philip Marshall
536,Samuel Bruce Campbell
537,Trond-Ove Skrødal
538,Silvia Muñoz
539,Eva Mateos
540,Jon Forsythe
541,Thomas Niel
542,Sheila Delos Reyes
543,Michael Dahlen
544,Stephen Monroe Taylor
545,Joseph Collora
546,Allison Flood
547,Tomokazu Yoshida
548,Jilon VanOver
549,Wes Wallthour
550,Matt Palladino
551,Bobby Hall
552,Kathleen Campbell
553,Michael Severio
554,Pete Kasper
555,Gonzalo Uriarte
556,Mighty Mo
557,Rob Lewis
558,Kofi Natei
559,Tanja Fuchsberger
560,Louise Bale
561,Anat Ben-David
562,Sandra Navarro
563,Agustín Ibarra
564,Jed Rowen
565,Kyle Farris
566,Azusa Yamamoto
567,Brett Beattie
568,Iva Hasperger
569,Monica Vu
570,Phillip James Griffith
571,Kathryn Morris
572,Emily English
573,Ty Rushing
574,Ceasar Medina
575,Jason Hill
576,Robert Ryan Kline
577,Freddie Joe Farnsworth
578,Noel Gugliemi
579,David Lozano
580,Tom Gibis
581,John Patrick Nelson
582,Tamás Széles
583,Erik Moora
584,Miyabi Sudo
585,John-Peter Etcheber
586,Oris Erhuero
587,Jane Beaumont Hall
588,Jordan Cleroux
589,Melissa Fahn
590,Guich Koock
591,Bryan Pringle
592,Gudmund Saksvik
593,Juha-Sakari Hippi
594,Dino Ignacio
595,Julia Hunt
596,Bob Cymbalski
597,Melissa Connor
598,Talisa Garcia
599,Robert Oppel
600,Vic River
601,Heather Stapleton
602,Zoe Doyle
603,Roger Nybroen
604,Dan Warlick
605,Gerry Rosenthal
606,Wing Tat Shek
607,Dan Blank
608,Jean Copeland
609,Daniella Tobar
610,John Higgins
611,Nicolas Kolesnikoff
612,Dennis Brokaw
613,Matt Anderson
614,Robert Bergqvist
615,Karine Lebris
616,Jake Head
617,Body Guard
618,Yûjirô Shirakawa
619,Ben O'Rourke
620,Nicolas Capus
621,Pete Halvorsen
622,Jeff Paige
623,Julie Carmen
624,Damon Marbut
625,Rich Jones
626,Mark Jensen
627,Ben Martin
628,Kapriel Cholakian
629,Efrin Ramirez
630,Erlon Cherque
631,Kaniehtiio Horn
632,Greg Montemurro
633,Bobby Kaman
634,F. Chong Rutherford
635,Per Hansen
636,Edward Flores
637,Gray Thomas-Sowers
638,Joe Salem
639,Reka Wijaya
640,Ryan Foss
641,Andy Gonzales
642,Ivonisa Jenell
643,Sébastien Marti
644,Tomirae Brown
645,Tara Strong
646,April Betts
647,Edward Yankie
648,Jelle Berlijn
649,Robby Debevoise
650,Christo Garcia
651,Dee Dee Ouzts
652,Paul Belosic
653,Oili Ylitalo
654,Daniel Brunet
655,Danny Roew
656,Stephanie Wyss
657,Alora Umsteadt
658,Richard Kotil
659,Kevin Makely
660,Lorenzo Benabou
661,Hunter Chapman
662,Andy Langham
663,Vanessa Douge
664,Kenny Kilfara
665,John Ziggehohn
666,Nicholas Simard
667,Myrav Osofsky
668,Kevin
669,Melany Denise
670,Eddie Armendia
671,Daniel Ränkedal
672,Kevin Akehurst
673,Ismet Prcic
674,Adriana Lima
675,Mikkel Aas Mortensen
676,Jérémy Petit
677,John Soliman
678,Aude Saintier
679,Shane Ryan-Reid
680,Josh Weinberg
681,Eric Mura
682,Darrin Dickerson
683,Michael Yavnielli
684,Greg Klymkiw
685,Craig Morgan
686,Christopher Rosamond
687,Bennie Woodell
688,Christopher Williams
689,Tae Hiratsuka
690,Mark Cohen
691,Wayne Rath
692,Dragon Dronet
693,Blaze Khounsamnane
694,Matt Routledge
695,Dean Murphy
696,Cesar Ivan Rosado
697,Drew MacMillan
698,Steven S. Nelson
699,Cesc Barcena
700,René Krijger
701,Vesa Väisänen
702,Dave Wittenberg
703,Lucio Maurino
704,Keren Marciano
705,Lany Tamraz
706,Shaun Benson
707,Oliver Grober
708,Yûko Mizutani
709,Trey Howell
710,István Kiss
711,Joseph Aguilar
712,Pierce Mayhuw
713,Rouzbeh Ashayeri
714,Hema Mangoo
715,Rick Carver
716,Xenaimer
717,Valerio Boni
718,Aron Tager
719,Camille Natta
720,Jesselynn Desmond
721,Mitchel Auman
722,Malcon Bauer
723,Dane Miljus
724,Hiroko Konishi
725,Alejo Felipe
726,Kiri Georgiou
727,Grégory Compagnon
728,Mulher da Bilheteria do Cinema & Mocinha
729,Jonathan Craven
730,D. Grigsby Poland
731,Samir Oliveira
732,Ilia Kontuadze
733,Keil Troisi
734,Ryun Yu
735,Emiliano Ruschel
736,Natalie Choquette
737,Steven Paul Judd
738,Wil Röttgen
739,Dean Matthew Ronalds
740,Jill D'Urso
741,Jamie Cho
742,Fani Carenco
743,Bush Shen
744,Robert Conrath
745,Ken Hudson Campbell
746,Atori Shigematsu
747,Katharine Jameson
748,Daniel Novotny
749,George Tur
750,Novi
751,Wendee Lee
752,Pete Stepovich
753,Rock
754,Anna Guillo
755,Mia Maria Back
756,Thomas Crawford
757,Nicolás Martínez
758,Chris Wylde
759,Yoshyiunki Kaneko
760,Vincenzo Rosso
761,Glen Diller
762,Super Natural
763,Mark van Noort
764,Marlene Forte
765,Ben Rollo
766,Kai Schmoll
767,Troy Aguayo
768,Lars Olsén
769,David Schaap
770,Lennie Mathiesen
771,Rohina Tashqin
772,Errol Anthony Wilks
773,Oscar Salazar
774,Mariana Fraga
775,Steve Drage
776,Anne Marie Michel
777,John Abraham
778,Junko Takeuchi
779,Barry Bodie
780,Zach Ralph
781,Fredrick Karlsson
782,Annie Julian
783,Dennis Haworth
784,Emmett Furey
785,Kevin Christensen
786,Christopher Denman
787,Vincent DiCostanzo
788,Annunziata Gianzero
789,Anne Charrier
790,Akiko Hiramatsu
791,Sean Schoenke
792,Caroline Keller
793,Gracindo Júnior
794,Philippe Bas
795,Joe Henley
796,Toni Deaver
797,Lenny Webb
798,Tanja de Wendt
799,Denise Gauder
800,Francesco Marino
801,Vicki Cofer
802,Billy Judge Baldus
803,Anton Noori
804,Warren Sweeney
805,Maurizio Di Meo
806,Henning Alfredsson
807,Sandrina Malakiano
808,Chris Williams
809,Mika Kikuchi
810,Jeremy Menard
811,Jason Sklar
812,Rubén Dos Santos
813,Daniel Heder
814,Ivan Sandomire
815,Anselmo Figueiredo
816,Michael Cagle
817,Kim Hunt
818,Michelle Lee
819,Phil Jalbert
820,Yi-ping Lee
821,Tony Maricic
822,Jay Eberhard
823,Shane Kartz
824,Joseph Hawkins
825,Michael Nacorda
826,Marta Cross
827,Skelt!
828,Raymond Chan
829,Jay Patel
830,Mouss Diouf
831,L. Scarlett
832,Timothy A. Bennett
833,Jonathan Edelman
834,Fred Dussol
835,B.J. Smith
836,Bárbara Goenaga
837,Rob O'Malley
838,Matti Suksi
839,Alexandre Kosohol
840,Romel Orta
841,Denice Shakarian Halicki
842,Kim Nielsen
843,Shôko Takada
844,Michèle Seeberger
845,Philippe Manderscheid
846,Charlie Bonner
847,Diana Manthey
848,Jade Carter
849,Raphaello
850,Christian Heuser
851,Giancarlos Espinoza
852,Mitchell Welch
853,Ken Nishida
854,Erik Holmey
855,William R. Nagel
856,Sarah Newett
857,Kristin Vitt
858,Antonio Zancada
859,Kevin Millis
860,Greg Seki
861,Mike Kantor
862,Adam Salvatore
863,Louis-Do de Lencquesaing
864,Dimas González
865,Grégory Fitoussi
866,Søren Rossen
867,Christian Nilsen
868,Kalle Määttä
869,Chris Whitmayer
870,Nina Hauser
871,Alastair Newton Brown
872,Ana Augustin
873,Chris Nelson
874,Paul Bugeja
875,Arif S. Kinchen
876,Vijay Raaz
877,Tom Kenny
878,Terry Wells
879,Dustin Hotard
880,James MacDonald
881,Ofer Samra
882,Brittany Umsteadt
883,Gabe DiDomenico
884,Teemu Jappinen
885,Sascha Raeburn
886,Heather Stone
887,Black Beaujolais
888,Ron Madison
889,Ken'ichi Endô
890,Michelangela Fruet
891,Shaun Toub
892,Juan Pablo Reinoso
893,Matt Smiley
894,David Stroud
895,Rock Stoner
896,Kevin Kilner
897,Kurt Loyd
898,Kelly Dixon
899,Adam Phelps
900,Didier Kaade
901,Matt Terzian
902,Yasuhiro Fujiwara
903,Howard Fine
904,Jonathan Hutchings
905,DJ Aqeel
906,Alan Rackley
907,Helmut Cziharz
908,John Vargas
909,Tõnis Leht
910,Lluvia Rojo
911,Miguel Castillo
912,Hubert Berg
913,Tony Hawk
914,Carlão Energia
915,David Michael
916,Bucky Lasek
917,Scott Schwoch
918,Txema Perez
919,Gorila
920,Marko Suksi
921,Gabriel Scalone
922,Karen Woodley
923,Joseba Fernández
924,Ramon Torredefló
925,Jamieson Price
926,Cherylne Knox
927,Lee Pantos
928,Yvo René Scharf
929,Nagai Megumi
930,Roberto Oliveira
931,P.l Hobden
932,J. Scott Shonka
933,Zoran Babic
934,Timothy D. Wright
935,Bruce Branit
936,Ilona Elkin
937,Liney Charles Hamilton III
938,Carlos Godoy
939,Tina Pham
940,Maryam Basir
941,Lucinda Gould
942,Donald McKay
943,Jussi Huhtala
944,Michael Lazar
945,Cathy Soon
946,Kate Hawkins
947,Jimmy Ortega
948,Rob Paulsen
949,Seth Adams
950,Troy Hartman
951,Brett Ward
952,James Bereece
953,Teresa Cabello
954,Jamison Jones
955,Matyas Miokovics
956,Johnny Cannizzaro
957,Gilberto Barraza
958,Aaron Diaz
959,Scott Rhodes
960,Heidi Honeycutt
961,Tina Chilip
962,Alex Lissine
963,Calum Rhys
964,Richard Burns
965,Sean P
966,Bette Ford
967,Jan Knightley
968,Lee Nicholson
969,Michael A. Martinez
970,Koh Kok Wee
971,Steve Havercroft
972,Gina Briganti
973,Scott Camil
974,Christian Cesbron
975,Gerold Schmidt
976,Justin Barrett
977,Rey Domingo
978,Jesús Marugán
979,James Murray
980,Davis Choh
981,Kumar Dari
982,Claire Pellegrin
983,Gerry Becker
984,Duke Kema
985,Heaven Clark
986,Victoria Seredin
987,Hadrian Jonathan
988,Derek Barclay
989,Howard Priddle
990,Marie-Lorna Vaconsin
991,Laura Albert
992,Will Sanford
993,Lale Yavas
994,Sam Severance
995,Carlos Bono
996,Mick Kendricks
997,Andreas Holmgren
998,Muffet Fernandez
999,Chelsea Crowe
1000,Bebe
1001,Allen Theosky Rowe
1002,Jorge Alberto Andasol
1003,Melissa Logan
1004,Bret Dahlgren
1005,Gary Sinise
1006,John Ponzio
1007,Craig Zucchero
1008,Bernd Höhle
1009,Dwayne Bailey
1010,Sophie Baruchel
1011,Jay Broadfoot
1012,Penelope Dudley
1013,Jacob Vargas
1014,Ian Driscoll
1015,Jeff Bermoy
1016,Val Dragojevic
1017,Siaka Harding
1018,Brandon Coulter
1019,Kelli Olsen
1020,Spud Murphy
1021,Steven Christopher Parker
1022,Tifanie Christun
1023,Ashly Covington
1024,Sebastian Galmarini
1025,Catherine Gray
1026,Hardy Krüger Jr.
1027,James Hartline
1028,Paul Hayes
1029,Kertu Köösel
1030,Jenni Cornelius
1031,Laly Gogichaishvili
1032,Alexandra Fattah
1033,Greg James
1034,Art Director
1035,Helena Af Sandeberg
1036,Erik Lundstedt
1037,Delphine Chuillot
1038,Michael Murphy
1039,Lenny Hirsh
1040,Jaime Muñoz
1041,J.P. Jokinen
1042,Sandra Haggerty
1043,Joanne Casey
1044,Stefan Pejic
1045,Charlie Brumbly
1046,Renato Herdy
1047,Laurent Hennequin
1048,Alessandra Zaninelli
1049,Paul Higgin
1050,Petr Jákl
1051,James Lee Martinec
1052,Don Williamson
1053,Peter Thomas
1054,Min Man Ma
1055,Zachary Moore
1056,Daved Tomlyn
1057,Billy Louviere
1058,Jyri Leppänen
1059,Emmy Laybourne
1060,Wally Fong
1061,Lafiya Watson
1062,Gerard Martin
1063,David M. Rose
1064,Bruce A. Young
1065,Raymond L. Martinez
1066,Luis Villalta
1067,Stan Harris
1068,Calvin Gladen
1069,Jochen Nickel
1070,Tina Renteria
1071,Stephen Foster
1072,Panda Likoudis
1073,Benjamin Nordby
1074,Geoff Wong
1075,Jelica Anicic
1076,Henrique Couto
1077,John Clabby
1078,Georgia Palleschi
1079,Scott Peat
1080,Jony Mundo
1081,Tapio Kauma
1082,Heinrich Christiansen
1083,Amanda Tepe
1084,Ella Ralston
1085,Kelly Cole
1086,Chie Nakamura
1087,John Taylor
1088,Dominique Bidaubayle
1089,Dr. Ljubisa Laboratomanijakovic
1090,Marc Meester
1091,Janus Nabil Bakrawi
1092,Steven Dasz
1093,Joanes Prosper
1094,Voice of Ninjas(voz)
1095,Erin Carufel
1096,Jette Scheib
1097,Johnnie Saiko
1098,Ashley D. Nolte
1099,Marilyn Manson
1100,Ninja 2
1101,Zachary Strobel
1102,Richard Ditta
1103,Marko Lehtinen
1104,Marc Trottier
1105,Yun Shen
1106,Patricia Belcher
1107,Daniel Andreyev
1108,Lauran de Winter
1109,Al Cruz
1110,Heather Harms
1111,Michael Lister
1112,Hemmer Pascal
1113,Dale Vaughn
1114,Juan Baxter
1115,Kay Harrison
1116,Keenan Murphy
1117,Patrick Wiss
1118,Loïc Blanco
1119,Michael Holmes
1120,Jay Thomas
1121,Nobuo Kyô
1122,Philip Hersh
1123,Colin Key
1124,Ed Kahana
1125,Jim Berger
1126,Dane Allred
1127,Kimberly Page
1128,Sydney Dever
1129,Jorge Reinoso
1130,Olegar Fedoro
1131,Erik Buchanan
1132,Aaron Gaffey
1133,Scott Drummond
1134,Melissa Rush
1135,Paco Luque
1136,Robbie Petrusky
1137,Aaron Troisi
1138,Dóra Létay
1139,Mitch Holloway
1140,Alain Berkès
1141,Barry O'Neil
1142,Sach Baylin-Stern
1143,Caelum Vatnsdal
1144,Lasse Bjørnvad
1145,Rosemarie Li
1146,Joseph Rodriguez
1147,Ruven Escobar
1148,Ricky Farida
1149,Doug Purdy
1150,Tsuyoshi Hayashi
1151,Chris Goshey
1152,Maider de Miguel
1153,Patrick Nagle
1154,Marc Daily
1155,Juan Gutierez
1156,Sandro Ribeiro
1157,Megan Stacker
1158,Karen Kwietniak
1159,Carleton Torpin
1160,Brannon Richardson
1161,Bruce Meredith
1162,Grips
1163,Edward Dias
1164,Eli Danker
1165,Emilie Jo Tisdale
1166,Mason Lee
1167,Fini Goodman
1168,Mike Mauloff
1169,Britta Mattox
1170,Mike Leeder
1171,Henri Debeurme
1172,Ben Northington
1173,Gabriel Figueroa
1174,Ritchie Copenhaver
1175,Stephanie Wing
1176,Brian Muth
1177,Gonzo
1178,Sean McKenna
1179,Nenad Gvozdenovic
1180,Greg Doster
1181,Yan Xi
1182,Mark Brodkin
1183,Angela Braden
1184,Jacques Freydont
1185,Bob Stewart
1186,Chris R. Nelson
1187,Chris Spear
1188,Kurt Carley
1189,Paul Hatch
1190,Jocki Koeffler
1191,Rus Pickhardt
1192,Mareike Götzinger
1193,Louis Korom
1194,Chris Eckland
1195,Phuong Vu
1196,Travers Wade
1197,Jennifer Rose Freuler
1198,Alphonse Carlos
1199,Brett Hall
1200,Alexandre Marotte
1201,Frédéric Largier
1202,Matthew Pierce
1203,Jonathan Cockerell
1204,Brian D. Oberquell
1205,Tony Montana
1206,Marius Fietzek Winter
1207,Anne Ramsay
1208,Attila Gelencsér
1209,Christie McNew
1210,Joel Hirsch
1211,Jason Michael Fong
1212,Luca Magri
1213,Eric Lee
1214,Henrik Reinert
1215,Eric Jorgensen
1216,Tony Farella
1217,Jeremy Hunt
1218,Jaclyn Raymundo
1219,Andy Zulkiewski
1220,Frederic Polizine
1221,Roy Hopewell
1222,Raúl Martínez
1223,Andrew Chin
1224,Kent Sanderson
1225,Matthew D. Ferrel
1226,Jennifer Higgins
1227,Robson Alfieri
1228,David Seigneur
1229,Megan Kratz
1230,Darrel Dower
1231,Peter Spellos
1232,Tracy Pearce
1233,Gabriele Cometa
1234,Aitor Rey
1235,Kate Clarke
1236,Anthony Wilson
1237,Jeremy Klein
1238,Chris Brennan
1239,Steven Clark
1240,Janne Laukkanen
1241,Louis Pierone
1242,Barbara Stoll
1243,Alice Lee
1244,Jason Cairns
1245,Terry Jernigan
1246,Jenny Hammerton
1247,Lukas Goller
1248,Charles Wyman
1249,Karen Sheperd
1250,Brad Rowe
1251,Danny Ladmirault
1252,Maria Laura Equense
1253,Anthony Culbreath
1254,Ned Stresen-Reuter
1255,Heber Milian
1256,Glenn Hoeffner
1257,Shaun Balbar
1258,Neecole Cockerham
1259,Hervé Desbois
1260,Daniel Carraz
1261,Minsuh Son
1262,Kevin McCorkle
1263,Andrew Reynolds
1264,Yuriria del Valle
1265,Katherine Halpin
1266,Ruben Madera
1267,Kôhei Yamamoto
1268,Iván Viñolo
1269,Gloria Payne
1270,Tom Schock
1271,Brando Hill-Gibson
1272,Kevin Fletcher
1273,Robert Forcadell
1274,Don Cheadle
1275,Mathieu Simonet
1276,Mark Chervinsky
1277,Kevin Berman
1278,Roger Velasco
1279,Leonardo Dorigan
1280,Howard 'Dutch' Darrin
1281,Kester Cockrell
1282,Betty Wiley
1283,Phillip Montgomery
1284,Iván Marugan
1285,Victor Phillipuk
1286,Conrad Allen
1287,C.R. Oberlin
1288,Emilie Johnson
1289,Yuto Kazama
1290,Ben Ringold
1291,Scott Thomas
1292,Petteri Silvonen
1293,Chuy Bravo
1294,Ana Gatchell
1295,Lynette Peluso
1296,Tsukasa Kunimoto
1297,Ucha Gabedaoury
1298,Leo Borisavljevic
1299,Erin Kotecki
1300,Jorma Tommila
1301,Jeff Ferris
1302,Liche Ariza
1303,Tim Scanlon
1304,Hans Berg
1305,Ralf Ulbig
1306,Reggie Bagsby
1307,Martin Kautz
1308,David Arribas
1309,Kelly Barnett
1310,David King
1311,Michael Gannon
1312,Aaron Hancox
1313,Matt Hollars
1314,Darryl Theirse
1315,Gregory Hoyt
1316,Katrín Á. Johnson
1317,Rossi Morreale
1318,Michael McManus
1319,Enrique Martín
1320,Erin Arbogast
1321,John Platt
1322,Anton Dembowski
1323,Grégoire Hellot
1324,Viktor Murzikov
1325,Gábor Szöllõskei
1326,Lance Harding
1327,Mia Lotringer
1328,Sergio Velez
1329,Linda Cevallos
1330,Johnny Goltz
1331,Trixie Whitley
1332,Megan Fahlenbock
1333,Rachel Moore
1334,Bridget Thomas
1335,Ed Crowley
1336,Zoltán Füle
1337,Angela Ricciotti
1338,Lounge Singer
1339,Sofia Demarco
1340,Kate Cavenagh
1341,Edu del Prado
1342,Jason Yarusi
1343,Nicole Bilderback
1344,Ken Merckx
1345,Daniel Mikkelsen
1346,Artur Duque
1347,Graham Shiels
1348,Ali Mahon
1349,Morten Kublick
1350,Monica X
1351,Mark Dranek
1352,Rodel De Lima
1353,Kai Harris
1354,Sandro Tsitskishvili
1355,Rob Daly
1356,Quin Dalgleish
1357,Wayne Beach
1358,Pascal Ulli
1359,Johnny Yong Bosch
1360,Mario Scarpellini
1361,Jayce O'Neal
1362,Frank Bettag
1363,Julie Davis
1364,Heikki Kauma
1365,Aaron Keit
1366,Christopher Carrington
1367,Art LaFleur
1368,Jeff Hollinger
1369,Roland K. Smith
1370,Phil Phillipuk
1371,Jake Briggs
1372,Ryan
1373,Ron Calvert
1374,Johnny Vieira
1375,Suzanne Severio
1376,James Huang
1377,Vic Pratt
1378,Raul Allikivi
1379,Nadia Azzeddine
1380,Nick Rother
1381,Pedro Volpe
1382,Dennis Doornbos
1383,Paul Parker
1384,Rick Carmody
1385,Chyna
1386,Ross Clarke-Jones
1387,Ricardo de Barreiro
1388,Kenny Smith
1389,Mark O'Connell
1390,Alex Girvan
1391,Lucas Marchand
1392,Teruyuki Takayama
1393,Jet Frichot
1394,Colin Haslett
1395,David Lee Hefner
1396,Nathan Sears
1397,Mook
1398,Andrien Vermulen
1399,Charles Vickers
1400,Josh Trager
1401,Lena Diver
1402,Paul McCrane
1403,Jason Beaudoin
1404,Glenn Salvage
1405,Ken Hsu
1406,Damien Avery
1407,John Mellies
1408,Sue Reid
1409,Olle Agelii
1410,Primo Giroldini
1411,Magnus Bergman
1412,Jesse Steccato
1413,Michael Grulli
1414,Michael McMurtry
1415,Gabriel Porras
1416,Frederic Jasinski
1417,Darian Corley
1418,Aryana Gauder
1419,Rowan Hunter
1420,Mike Hurst
1421,Albert
1422,Robert M. Clark
1423,Lilian Criz
1424,Scott Windon
1425,Matthew J. Pellowski
1426,Jake Phillips
1427,Alex Huynh
1428,Emmanuel Perrette
1429,Amoss
1430,Matthew Baker
1431,Brian C. Bethel
1432,Janet Fontaine
1433,Lil'Rock
1434,Ian Lingard
1435,Britton Douglas
1436,Steve Henry
1437,Tavis Bohlinger
1438,Joshua Grote
1439,Leo Wink
1440,Peter O'Connor
1441,David Lengel
1442,Johan Walfridson
1443,Rich Ho
1444,Tabitha Douglas Warren
1445,Danny Trejo
1446,Roberto Gonzalez
1447,Giorgio Filonzi
1448,Henry Barrial
1449,Jorge Alí
1450,Jou Jou Papailler
1451,Marco Soriano
1452,Nicola Russell
1453,Garry Tubbs
1454,Pete Deluca
1455,Katie Lee
1456,Brian Frejo
1457,Stacy Fuller
1458,Trevor Tablotney
1459,Patricia Tallman
1460,Lee Arenberg
1461,Matt Brown
1462,Keith Kowalczyk
1463,Romel Andoy
1464,Tommi Korpela
1465,Joe McDonald
1466,Pascal Riccieri
1467,Jamie Arnold
1468,Xiang Yi Huang
1469,Jonathan Simpson
1470,Kyle Wyatt
1471,Judy Taylor
1472,Paul Hooper
1473,Michael Solaroli
1474,Yûji Sawayama
1475,Nathan Styles
1476,Tomas Ylitalo
1477,Shayna Banning
1478,Dyllan Christopher
1479,Anunciante do Cinema
1480,Wade Hall
1481,Park Overall
1482,Paul D. Roberts
1483,Sandy Durko
1484,Michael Kasin
1485,Thelma Barlow
1486,Paul Jackson
1487,Bob Booth
1488,Jocelyn Lim
1489,Federico Soncini
1490,Alejandro Bracho
1491,Carlos Tirado
1492,Maka Petrenko
1493,Matthias Van Khache
1494,Eli Andrews
1495,Masami Kikuchi
1496,Aldo Triani
1497,Jesse Case
1498,Eleanor Finkelstein
1499,Sarah Roberts
1500,Catalina Larranaga
1501,Micheal Goodrow
1502,Tammy Lynn Michaels
1503,Erkin Tashqin
1504,Sander Beenen
1505,Masaki Aizawa
1506,Chilembwe M. Mason
1507,Kimberly Fox
1508,Kathryn J. Hall
1509,Stephen 'Bubba' Burcham
1510,David Stringfield
1511,Tom Slovick
1512,Voice
1513,Bee Seet
1514,Michael Pietrafesa
1515,Carl G. Jamerson II
1516,Ottavia Lamberti Zanardi
1517,Sven Dahlberg
1518,J. Todd Adams
1519,Phil Caracas
1520,Jonathon McHenry
1521,Patrick Nelson
1522,Zenxiang Wang
1523,Tammy Gillis
1524,Victor Riverola
1525,Jan Johansson
1526,Ashvin-Kumar Joshi
1527,Scott Labuda
1528,Sang Charl Park
1529,Tom Hay
1530,Tobias Sorge
1531,Fast Ali
1532,Phil LaMarr
1533,Joseph J. Greenberg
1534,Einar Næss Jensen
1535,Michael Sorich
1536,Matt McCoy
1537,Noelle Francis
1538,Qing-feng Yang
1539,Marine Brisset
1540,Amo Seiro
1541,Charles Pierce
1542,Christian E. Christiansen
1543,Terry Kay
1544,Kim Sønderholm
1545,Chase Williams
1546,Viljami Packalen
1547,Darren Evans
1548,Kari Staggs
1549,Foster Moore
1550,István Kajtár
1551,Heather Kafka
1552,Eddie Steeples
1553,Jennifer Fontaine
1554,Helena Lindgren
1555,Michael V. Allen
1556,Harriet Stanley
1557,Sarah Reilly
1558,Regitze Schartau
1559,William Lewis
1560,Evin Grensted
1561,Johan Holmgren
1562,Heiko Von Drengenberg
1563,Joey Taylor
1564,Hiroto Torihata
1565,Robert Lundmark
1566,Andrea Zannoni
1567,Derek Klanfer
1568,Yôko Asada
1569,Ryan Keating
1570,Xabier Deive
1571,Tony Dykes
1572,James White
1573,Johan Earl
1574,Seimphonie Collins
1575,Shontel Nicole Green
1576,Kemper Sease
1577,Michael Charles Vaccaro
1578,Mark Pepe
1579,Mikko Mellberg
1580,Emanuel Gironi
1581,Michael Loprete
1582,Branan Edgens
1583,Jay Chou
1584,Richard Pines
1585,Christopher Bradley
1586,Matt Bennett
1587,Edward Johnson
1588,Dennis Minarchan
1589,Benjamín Vicuña
1590,Theo Hill
1591,Fionah Lopez
1592,Kelly Wagner
1593,Brian Hardin
1594,Grayce Wey
1595,John James Malone
1596,Teija Sainio
1597,Igor Lima
1598,Ms. Bancroft(as Sandra W. Van Natta)
1599,Tony Suraci
1600,Nicolas Douste
1601,Jay Simon
1602,Teresa Giménez
1603,Asieh Fakoori
1604,William Cuso
1605,Vicky Shen
1606,Jobe Coleman
1607,Pam Howard
1608,Bidz de la Cruz
1609,Art Roberts
1610,Jeff Jensen
1611,Emily Andrews
1612,Tia Speros
1613,David Figlioli
1614,Eddy Bignardi
1615,Elizabeth Anne Smith
1616,Stéphane Markcovich
1617,Clark Bartram
1618,Sayer Danforth
1619,Tillbert Strahl
1620,Benny Ibarra
1621,Amanda Bauer
1622,Chris Shelton
1623,Oscar Pérez
1624,Don Money
1625,Chris Woolsey
1626,Lyon Reese
1627,Antonio García
1628,Patric Alexander Ryan
1629,Mariano Marugan
1630,Jon Löfdahl
1631,Kathryn Hollars
1632,Emmanuel Bodin
1633,Gregg Engle
1634,Krishna Tailor
1635,Wilson Yew
1636,Diza Diaz
1637,Abigail Mason
1638,Panama
1639,Graig F. Weich
1640,Richard Baderinwa
1641,Katherine Dillingham
1642,Umi Tenjin
1643,Jens' søster
1644,Jonathan Price
1645,Beatrice Chia
1646,Salvatore Stella
1647,Stephen Sullivan
1648,Philip J. Martin
1649,Miguel Ángel Mouldoi
1650,Greg Quinn
1651,Jarrod Weintraub
1652,Mark Wallace
1653,Michelle Murtaugh
1654,Trip Hope
1655,Tipu Sultan
1656,Christopher Heltai
1657,Jerome Lugrin
1658,Vilius Kalanauskas
1659,Calvin Callaway
1660,Jonathan Fraser
1661,Liz Engel
1662,Emerson Wong
1663,Thomas Fahrner
1664,Weston Scott Higgins
1665,Jasmina Corovic
1666,Phillip Brooks
1667,Bill Steel
1668,Rob Worton
1669,Hongli Zhou
1670,George N. Thompson
1671,Johnaz Bäckman
1672,Stella Tong
1673,Martín Miranda
1674,Christina Maria Rivera
1675,Daniel Groener
1676,Clifton Powell
1677,Tim Jahn
1678,Vaughan Beckley
1679,Piano Student
1680,John J. Cornetta
1681,Evan Dubinsky
1682,Maria Alegre
1683,Suzana Luz Cardoso
1684,Stephen Berra
1685,Carson Grant
1686,Cecily Gambrell
1687,Aaron Matthew Kaiser
1688,Kelli Barrett
1689,Brian Ronalds
1690,Daniel Cage Theodore
1691,Silvia Giner
1692,Kelly Fanson
1693,Erik Hill
1694,Antti Kähö
1695,Kristian Krone
1696,Céline Mauge
1697,Kevin Brewerton
1698,Noora Piili
1699,Luke Beattie
1700,Norbai Tambilawan
1701,Sam Feuer
1702,Ben Graney
1703,Carl Weintraub
1704,Javier Zaragoza
1705,Dog Owner
1706,Ned Dennehy
1707,João Bill
1708,Brandon Ogle
1709,Jesper N. Christiansen
1710,David Todd Michael
1711,Alan Stares
1712,Herbert Wurst
1713,Lloyd Thomas
1714,Omar Robinson
1715,Millen Baird
1716,Daniel Hurwitz-Goodman
1717,Spicy Mac
1718,Christopher Gilbertson
1719,Susan Moses
1720,Brandon Baca
1721,Paul Babiak
1722,Erly Ulil
1723,Jesse Mader
1724,Alex Abbad
1725,Stephen Pawley
1726,Calily Bien
1727,Debbie Rochon
1728,Marcus McLucas
1729,Ramon Avila Sr.
1730,Lucy Contreras
1731,Gisle Nesheim
1732,Yûki Masuda
1733,Matthew Montgomery
1734,Martin Boserup
1735,Hideaki Harada
1736,Nicola Gadola
1737,Jerrard Sauler
1738,Cristina Amor
1739,Woon Young Park
1740,Jonathan McEwan
1741,Kurt Scholler
1742,Old Lady
1743,Eric Wagner
1744,Lisa Wilcox
1745,Mika Rassi
1746,Tylan Hadlock
1747,Michael Lindsay
1748,Richard Davey
1749,Gordon Alexander
1750,Travis Odom
1751,James Brown
1752,Jared Weber
1753,Carla Flores
1754,Johanna Marie
1755,Matt Barron
1756,Sophie Hirtzel
1757,Lani Jackson
1758,Donald Cox
1759,Vlasta Vrana
1760,Brian Donovan
1761,Jared Alder
1762,Phil McMullen
1763,Stefan Pommepuy
1764,Jeff Bassing
1765,Ismael 'East' Carlo
1766,Zack Niizato
1767,Behnam Haghighi
1768,Bruce Harris
1769,Eric Pilch
1770,Oliver Theess
1771,Marcus Gandara
1772,Taylor Ogden
1773,Jimmy Lui
1774,Colleen Dinwiddie
1775,Terrance L. Campbell
1776,Robert Hatch
1777,Pierre Burgess
1778,Line Phé
1779,Chris Elwood
1780,Munro Gabler
1781,Michael Vasser
1782,Brian Hunt
1783,Andrew Laputka
1784,Rob Whittemore
1785,Russell Sams
1786,Ricky Aldridge
1787,Levi Warren
1788,Ben Woodell
1789,Stephanie Morgenstern
1790,Kevin Knight
1791,Azuma Tung-Feng Chang
1792,Phil Nardozzi
1793,Sonja Garbett
1794,Hikaru Midorikawa
1795,Pavel Zdarek
1796,Jake Scott
1797,Davy De Meyer
1798,Vanessa Vander Pluym
1799,Jenn Garrobo
1800,Vincent Leclerc
1801,David Prowse
1802,Frode Eggen
1803,Max Mauff
1804,Kristin Hammond-Jackson
1805,Lauren Correia
1806,Marta Czarnecki
1807,Scott Vance
1808,Razor Rizzotti
1809,Pierre Heinen
1810,Nwamiko Madden
1811,Phillip Setty
1812,SeXena
1813,Niobe Dean
1814,Jean-Philippe Daguerre
1815,Thomas Meyer
1816,Kevin Cooney
1817,Morgan Walker
1818,Paul Herbert
1819,Jeff Aiken
1820,Lisa Walters
1821,Manos Schetto
1822,Rebecca Robin
1823,Sidney Pickard
1824,Tanja Varha
1825,Kieran Darcy-Smith
1826,Efrain Figueroa
1827,Sean Michael Doherty
1828,Magali Boysselle
1829,Chris Watkins
1830,Géraud Carole
1831,Elite Neto
1832,Raul Ferreira
1833,Burt Newcomer
1834,Eddie Diaz
1835,Mark Rubo
1836,Gordon Waddell
1837,Josh Terpstra
1838,Harry Davenport
1839,Denis Jorro
1840,Tony Lee
1841,David Nikoleishvili
1842,Karl Wozny
1843,Daniel Richter
1844,Míriam López
1845,Kiwi
1846,Tyler Bizzell
1847,Ian Attewell
1848,Cédric Brenner
1849,Miranda Forcier
1850,Thurman Jackson
1851,Andrew Bryniarski
1852,Larnell Stovall
1853,Magda Slamova
1854,Jim Akman
1855,Tyler Ostrander
1856,Lolita Sahwany
1857,Duke Tran
1858,Ivan Kolarik
1859,Seydina Baldé
1860,Cinderella Gatcheco
1861,Cuberos Neto
1862,Carol Barker
1863,Eric Tello
1864,Ali Alenandarane
1865,Bert Audubert
1866,Ryan Grow
1867,Steve Drew
1868,María Bonjoch
1869,Evan McNamara
1870,Jeroen Kuiper
1871,Momoyo Miya
1872,William Wayne
1873,Brian Beacock
1874,Biz Urban
1875,Kum
1876,Kerry Jean Norce
1877,Susumu Chiba
1878,Bruce Kuramoto
1879,Ian Meadows
1880,Kevin Bangos
1881,Billy Redieck
1882,Eddie Liao
1883,Marco Pérez
1884,Florina Petcu
1885,Steve Powers
1886,Frank Tichy
1887,Nick Williams
1888,Clyde J. Bruff
1889,Viktória Jaross
1890,Tyler Williams
1891,Natalie M. Garner
1892,John Thomas
1893,Janine Harley
1894,Lars Aronsson
1895,Jeremy Williams
1896,Benjamin Burnes
1897,Jimmy Denton
1898,Steve O'Connor
1899,Shannon Jones
1900,Maria Cofer
1901,David Correa
1902,Ninja 1
1903,Joshua Miller
1904,Joe Stevens
1905,Erik Palladino
1906,Danielle Wolf
1907,Craig Senderson
1908,Taylor Baruchel
1909,Josh Ingemi
1910,Michael Wisnieux
1911,Nick Myles
1912,Waleed Zuaiter
1913,Clive Owen
1914,Eric Jacobus
1915,Dwayne(as Joseph Thomas)
1916,Tricia Cruz
1917,Cyprien Fouquet
1918,Timo Munne
1919,Jonny Hair
1920,Ljubomir Milovanov
1921,Bobby Bargelski
1922,Meg Kratz
1923,Nick Salandra
1924,Damion Poitier
1925,Richard T. Jones
1926,Judge Bradley
1927,Lasha Dardagany
1928,6 episodios • 2000–2013
1929,Taka Higuchi
1930,Joel Libramento
1931,Happy
1932,Erik Torppe
1933,Brandon Kalbaugh
1934,Ross Marshall
1935,Raphael Shumard
1936,Rick Nelson
1937,Rushdi Helo
1938,Jesse Corti
1939,Joey Baker
1940,Alexis Cassar
1941,Brendan Carr
1942,James Hsu
1943,Kristoffer Ränkedal
1944,Vincent Hsiao
1945,Tim Maricic
1946,Patrick P.
1947,Daniel Lévesque
1948,Tamuna Janashia
1949,Emanuela Petroni
1950,Gregory Pezza
1951,Matthew Jukes
1952,Oz Phillips
1953,Anna Bernaldo
1954,Terry Curtis
1955,Lorraine Wochna
1956,Ken Gamble
1957,Estelle Artus
1958,Keith Oney
1959,Jorge San José
1960,Zhang Lu
1961,Marco Jo Clate
1962,Marcel Blum
1963,Mirium Neuman
1964,James Trill-Green
1965,Tana Schanzara
1966,Jeanne Chinn
1967,Clint Fiala
1968,Nick Derose
1969,Mehdi Rajabi
1970,Jason Impey
1971,Casper Schack
1972,Pau Torres
1973,Eka Canting
1974,Raymond Khamvene
1975,Mary Phillipuk
1976,Jim Lavranos
1977,Malick Bowens
1978,Babu Santana
1979,John James
1980,Marika Elena David
1981,Álex Rey
1982,Eric Branscum
1983,Jacqueline Margolis
1984,Aaron Behr
1985,Kati Homonnai
1986,Connor Evans
1987,Jesús Montero
1988,Jonathan Rogers
1989,Tim Weske
1990,Abigail Savage
1991,Pascal Henault
1992,Joakim Hjertvik
1993,Thomas J. McCarthy
1994,A.J. Bove
1995,Sarah Fix
1996,Elliot Jones
1997,Jim Powers
1998,Jamie McShane
1999,Liane Forestieri
2000,Tanner Hall
2001,Robina Butcher
2002,Marji
2003,Begoña de la Cruz
2004,Baby
2005,Stephen White
2006,Nicole Signore
2007,Kirby Heyborne
2008,Dustin Child
2009,Emanuel Bettencourt
2010,Lois Smith
2011,Bill 'Big Willy' Furlongen
2012,Joshua Salisbury
2013,Alfredo Escobar
2014,Will D'Allessandro
2015,Quinn Hawkesworth
2016,Tim Soergel
2017,Jesper Malm
2018,Rebecca Seubert
2019,Mustafa Keles
2020,Sasha Grinberg
2021,Dan Gauthier
2022,Zeyad Alhusaini
2023,Dan Rotondo
2024,Luis Francisco Escobedo
2025,Carolina González
2026,Dan Henley
2027,James Michael White
2028,Joe Colosi
2029,Alex Scarlis
2030,Andrei Petrik
2031,Mark McIndoo
2032,Ricardo Verboom
2033,Agent
2034,Per Olof Andersson
2035,Richard Leahy
2036,Paul McCarthy-Boyington
2037,Christopher Marren
2038,Robert Rouse
2039,Robert Moss
2040,Fernando Jay Huerto
2041,Trond Bjørnstad
2042,Jon Johnson
2043,Adam Cardon
2044,Dan Spielman
2045,Chris Gann
2046,Eric Kolesar
2047,Marc Bossley
2048,Maurice Harrington
2049,F. Murray Abraham
2050,Armand Tarragó
2051,Vincent Dorian
2052,Lois Ann Oaks
2053,Wai Kit Pang
2054,Laura Colmenar
2055,Mighty Mike Murga
2056,Billy Gillespie
2057,Graham K. Furness
2058,Richard Lyntton
2059,Paloma Marina
2060,Joe Columbo
2061,Stephanie Thorpe
2062,Richard Hughes
2063,Jeff Bryan Davis
2064,Cory Shafer
2065,Toshikazu Fukawa
2066,Francisco de Santiago
2067,Gil Hernandez
2068,Darth Annaud
2069,Paolo Rossini
2070,Cody Spurlock
2071,Lee Severio
2072,Luis Costa
2073,Daniel Amoedo
2074,Ryan James
2075,Matt Ingemi
2076,David Makhatadze
2077,George Lee
2078,Carlos Gómez
2079,Dan Southworth
2080,Lupe
2081,Steve Gruber
2082,Daniil Egorov
2083,Jarad 'Meathead' Mann
2084,Marco Pizarro
2085,Har Kaila
2086,Ford Austin
2087,James Fisher
2088,Ayumi Kinoshita
2089,Jarrod Burt
2090,Robia Scott
2091,James McManus
2092,Daniel Aing
2093,T.J. Harrell
2094,Leslie Kerr
2095,Neil Cook
2096,Dante Zappala
2097,Todd Glass
2098,Tammy Killian-Bush
2099,Maunda Oyin
2100,Phillip Herbst
2101,Stephanie Y. Wang
2102,Cara Pifko
2103,Julia Kunberger
2104,Terry Snell
2105,Matthew Herrier
2106,Mike 'The Miz' Mizanin
2107,Solomon Chertok
2108,Christophe Chenallet
2109,Pekka Lehtikangas
2110,Sacha Baron Cohen
2111,Ravn Lanesskog
2112,Raymond Abrigo
2113,Ben Kim
2114,America Ferrera
2115,Murry DeLeeuw
2116,Mitsuyuki Oishi
2117,Hideto Erihara
2118,Noah Knight
2119,Rob Norfolk
2120,Angela Burns
2121,Brad Orrison
2122,Doug Rian
2123,David Yee
2124,Susanne Winning
2125,Jacob Richardson
2126,Vaile Fuchs
2127,Carlo Rota
2128,Lille-Frank
2129,Bastian Tave Lind
2130,Chris Snyder
2131,Jonathan Latroy
2132,Loy Edge
2133,Janine Doyon
2134,Adi Terer
2135,Norman Peltier
2136,Keith Ellis
2137,William Paul Smith
2138,Matt O'Mahoney
2139,Magdalena Maira
2140,Mike Kirkland
2141,Claude Hansen
2142,Karl Babij
2143,Ramón Moro
2144,Mike Romero
2145,Andres Korberg
2146,Shanti Lowry
2147,Lovake Heyer
2148,Novak Simic
2149,Christopher Sorenson
2150,Tracey Richards
2151,Russ Emanuel
2152,Collen Doyle
2153,Emil Martirossian
2154,Helenika Hellevig
2155,John Payne
2156,Paul Hovermale
2157,Craig Kocher
2158,Anson Mount
2159,Ashley Andrews
2160,Conrad Coates
2161,Gavin Merrick
2162,Marc Outbreak
2163,David Lane
2164,Cody Ross Pitts
2165,Paul Meyer
2166,Ricardo Leite Agostinho
2167,Javier Zulueta
2168,Kimberly Atkinson
2169,Nicholas Mitsakis
2170,Anders Muammar
2171,Daniel Guillén
2172,Jono Decker
2173,Kaaren Kaer
2174,Shinya Iwasaki
2175,Tyler O'Malley
2176,Vanderlei Dias
2177,Patrick King
2178,Hans-Martin Stier
2179,Brian Smyj
2180,Liam Engle
2181,Pearson Browne
2182,Uriel Padilla
2183,Frederick Edwards
2184,Rex Goodman
2185,Alexander Mercado
2186,Frank Hansen
2187,Rich Wilkes
2188,R. Keith Harris
2189,Hans Henrik Voetmann
2190,Ian Nelson
2191,Zuzana Fort
2192,Gareth McLennan
2193,Maury Chaykin
2194,Brian Marable
2195,Time Winters
2196,Adrian Sawyers
2197,Cláudio Renée
2198,Nate Skinner
2199,Hiroko Imai
2200,Joseph Sikora
2201,Erik Meinerth
2202,Losang Gyatso
2203,Patrick Macmanus
2204,Jake McKinnon
2205,Amy Chang
2206,Kae Araki
2207,James Richard Brown
2208,Evan Cohen
2209,Keith Carter
2210,James Zahn
2211,Kiersten Emerson
2212,John Zacherle
2213,Andy Berger
2214,Leo Marks
2215,Heather Braverman
2216,Patrick Neeley
2217,Shaun Ireland
2218,Stephen Winterrowd
2219,Karen Martinez
2220,Michael Leo Shea
2221,Jeff Martinez
2222,Alexandra Dunn
2223,Kristin Richardson
2224,Eugene Boles
2225,Jason Isham
2226,John Kennan
2227,Alex Gasbarro
2228,Carl Capotorto
2229,Fabiano da Silva
2230,Dusan Stokic
2231,Maritza Mercado
2232,Bob Peterson
2233,Jamie Johnston
2234,Benjamin Yackshaw
2235,Inspektor Koja
2236,Jeremy Gimenez
2237,Leonard Adam
2238,Win Riley
2239,Kelley L. Allen
2240,Jeffrey Stackhouse
2241,Adele Silmaridis
2242,Mark Berry
2243,Monella Kaplan
2244,Amber Hamilton
2245,Fermín Reyna
2246,Aron Balazs
2247,David Newell
2248,The man
2249,Deron Cordero
2250,Josh Grigsby
2251,Perry Brown
2252,Benjamin Shelfer
2253,Jason Pelley
2254,Svetlana
2255,Troy DeVolld
2256,Erik Dölerud
2257,Chris Neuhahn
2258,David Nakabayashi
2259,Jenni Pulos
2260,Laurence Penera
2261,Mario Perez
2262,Steve Kim
2263,Steven Bley
2264,Brenna Hull
2265,J.T. Garces
2266,Susan Gard
2267,Umberto De Luca
2268,Darrell Dennis
2269,Alexandre Biamonti
2270,Ali Ghiai
2271,Mike Muratore
2272,Jane Drinkwater
2273,Ben O'Brien
2274,Melissa A. Young
2275,Mathew Lorenceau
2276,Olivia Lovell
2277,Martial Artist (Capoeira)
2278,Rodney Gray
2279,Elianne Carpes
2280,Al Cacioppo
2281,Stellan Skarsgård
2282,Susann Fischer
2283,Esteban Rojas
2284,Terry Nnatubeugo
2285,Henry Bazemore Jr.
2286,Elizabeth Ammann
2287,Wayne England
2288,Ng Beng Yew
2289,Joel King
2290,Jen Blaha
2291,Daniel Holmgren
2292,Grégory Feurté
2293,Paul Nicholas
2294,Ildikó Kovács
2295,Robert Knie
2296,Chiang-Mei Wang
2297,Christian Sandström
2298,Mari Devon
2299,Jan Buhr Frederiksen
2300,Nancy Rodriguez
2301,Scottio Arnold
2302,Faruk Gumus
2303,Yucef Merhi
2304,Nao Nagasawa
2305,Ron Bracewell
2306,Geoff Burkman
2307,Tricia Nicole Stevens
2308,Kayra Nicole Arias
2309,Yasu Fujiwara
2310,Armando Barrera Barrios
2311,Brooke Knutzen
2312,Adele Teo
2313,Ned Vukovic
2314,Irena Cihlarova
2315,Yellow Baguette
2316,Catriona Hughes
2317,Matt Holden
2318,Illés Nyitrai
2319,Anne Parys
2320,Greg S. Campbell
2321,Wolfgang Häfner
2322,Gabino Rodríguez
2323,Alex Wesley
2324,Alex O'Dogherty
2325,Niem Huyn
2326,Matt Donahue
2327,David Belmar
2328,Amy Moon
2329,Jeff Barber
2330,Stuart W. Yee
2331,Jeff Renel
2332,Joseph Ahearn
2333,Danny Exum
2334,Richard Azurdia
2335,Fredrik Marklund
2336,Conor Canavan
2337,Paulo Diaz
2338,Andrew McMasters
2339,Adam Briggs
2340,Neil Nicholson
2341,Angelo Leone
2342,Robert L. Duncan
2343,Gibb Sutherland
2344,Ean Hutchison
2345,Daniel Knight
2346,Fran Casanova
2347,Shijeki Ohno
2348,Banks Bourgeous
2349,Matías Antón
2350,Oliver Denis
2351,Iris
2352,Tim Whiting
2353,Aaron Chandler
2354,Tracy Butcher
2355,Raisa Yudasin
2356,David Jean Thomas
2357,Ana Chen
2358,Eric Dvorsky
2359,Holly Crenshaw
2360,Amady Cissé
2361,Patricia Joseph
2362,Milos Ilic
2363,Robyn Cohen
2364,Tiffany James
2365,Declan Joyce
2366,John Soares
2367,David Shackelford
2368,Jason Parry
2369,Sami Uoti
2370,Greg Sheran
2371,Nathan Rose
2372,Rino Sivero
2373,Harvey Cocks
2374,Alex Ligen
2375,Kristin Palombo
2376,Ed Fehskens
2377,Christopher Stapleton
2378,Yuri Caceres
2379,Daniel Schweiger
2380,Anthony Hartley
2381,Gaï Assouline
2382,Chris Watson
2383,Michaelia Carroll
2384,Melissa Kaye
2385,Quentin Fears
2386,Mary Bucek
2387,Amber Lefsted
2388,James Milburn
2389,Fabrice Laroche-Joubert
2390,Antal Czapkó
2391,Kamilah Brammer
2392,Austin Salcedo
2393,Sean Sweeney
2394,Evan Fabri
2395,Peyton Coles
2396,Dwayne Wycoff
2397,John Agustin
2398,Philippe Dion
2399,Scott O'Donnell
2400,Marvin Agustin
2401,Elizabeth Cresswell
2402,Mark Pacella
2403,Mila Joksic
2404,Javier R. Company
2405,Carlos Israel
2406,Gil Bernardy
2407,Jack Brosseit
2408,Karen Knotts
2409,Melissa Siew
2410,Mitsu Williams
2411,Feisal Mohamed
2412,Mark Fowler
2413,Marc Hoang
2414,Vukota Brajovic
2415,Ganesha Cavey
2416,Leila Arcieri
2417,Malua Fa'aleava
2418,John DiMaggio
2419,Volkram Zschiesche
2420,Jason Best
2421,Todd Voltz
2422,Philip Barazin
2423,Christopher Severio
2424,Andrew Scheiwe
2425,Michaela Morgan
2426,Bernard White
2427,Cyril O'Reilly
2428,Edna Harris
2429,Adrian
2430,Ken Quitugua
2431,Nino Khoshtaria
2432,Edward Liu
2433,Meikyô Yamada
2434,Panda
2435,Yanai Penalva
2436,Jason Dixie
2437,Pat Dempsey
2438,Kata Bartsch
2439,Natalie Lu
2440,Rastko Petrovic
2441,Matthew Rimmer
2442,Sam Louwyck
2443,Michael Deschenaux
2444,Michelle Kearns
2445,Suzy Nakamura
2446,Andrew Lenz
2447,Don McGovern
2448,Jake Alston
2449,Mio Fukuzumi
2450,Ai Maeda
2451,Richard Branden
2452,Javier Bódalo
2453,Renee Fomiatti
2454,Anthony Michael Taylor
2455,Caesar Ortega
2456,Jaroslav Kasal
2457,Doug TenNapel
2458,Luana Terribile
2459,Mike Hennessy
2460,Todd Cook
2461,Duane Ferguson
2462,Younés Nachit
2463,Gary Oldman
2464,Scott Weiss
2465,Athony Natale
2466,Charan Prabhakar
2467,Jorge Roelas
2468,Elene Gakharia
2469,Scott Ross
2470,Joey Delovino
2471,James Westwood
2472,Maggie Castle
2473,Doug Klug
2474,Melissa Cohen
2475,Mikko D. Sperber
2476,Nicole Branch
2477,Rodney Holland
2478,Chika Sakamoto
2479,Bill LeVasseur
2480,Alex Davenport
2481,Eddie Stover
2482,Christopher A. Smith
2483,Justin Latona
2484,Shimoyama Sakaye
2485,Margaret Chan
2486,Kate Waterous
2487,Tatiana Oëlze
2488,Richard Cansino
2489,Cameale Johnson
2490,Daniel Daks
2491,Claudio Queiroz
2492,Joe Makowski
2493,Christopher Høiseth
2494,Capucine Ducastelle
2495,Markus Ekström
2496,Neyda E. Dejesus
2497,Akiyo
2498,Mark Penney
2499,Kerry Shale
2500,Nick Mcleish
2501,Zoe Keller
2502,Humberto Virgolini
2503,Ron Valdez
2504,Didier Gallon
2505,Mrs. Beakley
2506,Maryam Ataee
2507,Tazu Ovaska
2508,Mickey Rourke
2509,Alasdair I. Shaw
2510,Brandon C. Jones
2511,Chris Hawkins
2512,Hiromi Ono
2513,Debi Mae West
2514,Greg Oliver
2515,Ryan Bane
2516,Flip van der Meer
2517,Roddy Jessup
2518,Matt Goshey
2519,Marta Romero
2520,Suzanne Marie Doyon
2521,Diana Laurie
2522,Levente Kiss
2523,Cameron
2524,Craig Reid
2525,Lisa Christy
2526,Péter Albert
2527,Tracy Hostmyer
2528,Daniel Arrias
2529,Maurie Watman
2530,Chris Sullivan
2531,Liz Carveth
2532,Kenney Kimbrough
2533,Kyle Winning
2534,June Hyde
2535,David Rosales
2536,Harris Porter
2537,Michael Punschke
2538,Eric Goins
2539,Joseph Bebry
2540,Adam Priddle
2541,Carlus Houston
2542,Kal Penn
2543,Varela Jose
2544,Dong Ah Park
2545,Chris Witmayer
2546,Michael Turner
2547,Melissa Mendez
2548,Courtney Montiero
2549,Paul Hibbard
2550,Naeemah Brown
2551,Jeffrey Lei
2552,Toshiko Fujita
2553,Tony Guida
2554,Barbara Herel
2555,J.F. Cusson
2556,Patrick Chiko
2557,Hiromichi Nagano
2558,Negar Khan
2559,Jon Brown
2560,Dustin Alexander
2561,Yuka Imai
2562,Alien
2563,Hunter Stapleton
2564,Cello Hoekstra
2565,Erik Skoog
2566,Eddie Deirmenjian
2567,Rebecca Morley
2568,Dave Richardson
2569,Dan van Husen
2570,Louis-Marie Nyee
2571,Dana Byrne
2572,Joe Wortmann
2573,April Morgan
2574,Yousuke Itou
2575,Marcuis Harris
2576,Parking Attendant
2577,Shaun Densworth
2578,Anna Christina
2579,François Mequer
2580,Ross Anderton
2581,Darren Koons
2582,David Michael White
2583,Nathan Norton
2584,Boyd Easley
2585,Juliana Spohr
2586,Kate Norby
2587,Roxane Damidot
2588,Petri Järvenpää
2589,Mayra de Rojas
2590,Jan-Philipp Jarke
2591,Louisette Geiss
2592,Aurélien Branthomme
2593,Anaïs Charras
2594,Salvador Santana
2595,Mark Coleman
2596,Ian Gomez
2597,Celeste
2598,Emanuel Guizzoni
2599,Darby Anderson Ellis
2600,Cedric Pendleton
2601,Jason Rubenfeld
2602,Marlyn Caseno
2603,Michael Dutra
2604,Janine Lindemulder
2605,Paul Lacovara
2606,Ryôtarô Okiayu
2607,Jonathan Pezza
2608,Reuben Langdon
2609,Birgit Stein
2610,David Jürgensen
2611,Scooter Corkle
2612,Avi Kline
2613,Gregg Sharp
2614,Ben Fletcher
2615,Bricine Mitchell
2616,Wankus
2617,Tim Johnson
2618,André Mattos
2619,Chelsea Steffensen
2620,Renato Murakami
2621,Ágnes Kovalik
2622,Richard Krause
2623,Manny Katts
2624,Stacy Bellew
2625,Yuki Ando
2626,Chris Tallman
2627,Meli
2628,Ike Anderson
2629,Sage Bannick
2630,James Peak
2631,Phil Terrence
2632,James Graewolf
2633,Ashon Mitchell
2634,Paul Friday
2635,Jim Thalman
2636,Squire Nichols
2637,Kate Freund
2638,Raphaela Crossey
2639,Joseph Sampieri
2640,Adriano Oppio
2641,Kenneth Bristow
2642,Antonin Masson
2643,Kim Weber
2644,Mike Wilson
2645,Aaron Tsai
2646,Zlicious
2647,Cassiano Carneiro
2648,Richard Brennan
2649,Miguel Angel Viñas
2650,Todd Bishop
2651,Markus Lindblom
2652,Jodi Redmond
2653,John Rothman
2654,Clayton Shaw
2655,Keith Cooke
2656,Roderick Dudley
2657,Joshua Mann
2658,Richárd Kedvek
2659,Black Sandra
2660,Martin Roth
2661,Tim Storms
2662,Anthony Renshaw
2663,Jakub Kohák
2664,Self
2665,Olivier Fallaix
2666,Ashley Adams
2667,Camilo Beviláqua
2668,Tyler Rollins
2669,Chandler Levrich
2670,Kathy Christopherson
2671,Alison Locke
2672,Francis Fallon
2673,Donald Faison
2674,Josh Green
2675,Greg Chun
2676,Chris Chee
2677,Michael Oberholtzer
2678,Larry Levine
2679,Eric de Montalier
2680,Mark Simms
2681,Roy Bridgewater
2682,Salina Starr
2683,Vlad Rimburg
2684,Kim Titus
2685,Magali Giraudo
2686,Sébastien Ruchet
2687,Mathéo Capelli
2688,Forest Whitaker
2689,Johnny Green
2690,Espionage
2691,Simona Petrucci
2692,Aaron M. Noble
2693,Kevin Catucci
2694,Stephen Groo
2695,Laura Sampedro
2696,Nick Turner
2697,Darin Beckstead
2698,Juan Branch
2699,Mi Li
2700,James Razafimanantsoa
2701,Samu Saarelainen
2702,Todd Peterson
2703,Jeff Moffet
2704,Paul Matthew Gordon
2705,Annie Oelschlager
2706,Taiki Matsuno
2707,Jajang C. Noer
2708,Levi Holley
2709,Seth Landau
2710,Susannah York
2711,Lisa Evans
2712,Simon Liang
2713,Amanda Gillispie
2714,Madonna Timbal
2715,Anthony Kleeman
2716,Alberto Ordóñez
2717,Trent Michael
2718,Marinanne Selletti
2719,Dolly Deng
2720,Mike Escamilla
2721,Randal Scott
2722,Mike Warren
2723,Chad Kartz
2724,Zoltán Csúcs
2725,James Roday Rodriguez
2726,Artie Malesci
2727,Isabelle Arnedo
2728,Anita McGuffey
2729,Gina Gian
2730,Kristo Kaskpeit
2731,Rodolfo Publico
2732,Sean Hedegard
2733,Marko Meskovic
2734,Darius McCrary
2735,Hakim Alston
2736,Emily Amadhia Albee
2737,Henrik
2738,Jeff Louviere
2739,Giovanni Reali
2740,Chad Garrison
2741,Niko Avellanet
2742,David Lowe
2743,Mark Terry
2744,Martiño Vázquez
2745,Miljana Krasic
2746,Randall Berger
2747,Thierry Ramoin
2748,Jacqueline Christy
2749,Vivi Giampaolo
2750,Jonathan Spencer
2751,Sebastien Bery
2752,David L. Roberts
2753,Rena Owen
2754,Jeremy Hewitt
2755,Jen Perry
2756,Xaquín Domínguez
2757,Ken Fischman
2758,Hitman #1
2759,Gwennael Billaud
2760,Deacon Patrick Gabrish
2761,Steve Chang
2762,James Barrett
2763,Amy Turner
2764,Mike Stock
2765,Ron McFall
2766,Alexandra Breckenridge
2767,Elpidia Carrillo
2768,Marc Bacher
2769,Beau Windham
2770,Molly Mahoney
2771,Robin Shou
2772,Marisa Petroro
2773,C.R. Johnson
2774,Santi Banjo
2775,Duk Ha
2776,Michelle Ruff
2777,Jean-François Rapelli
2778,Michael Beattie
2779,Nicolas Maierhöfer
2780,Paul Rosoff
2781,Arman Nshanian
2782,Emilio Colmenar
2783,Edson Mendes
2784,Vojtech Nekvasil
2785,Kerry Glamsch
2786,Rich Drezen
2787,Reischa Feuerbacher
2788,Sam Gantous
2789,William Noel Kuhn
2790,Rick McCrank
2791,Toru Tanaka Jr.
2792,David Marklund
2793,Benicio Del Toro
2794,Bruno Auger
2795,Justin Mentell
2796,Hakan Haslaman
2797,A.J. Draven
2798,Anslem Richardson
2799,Dina Meyer
2800,Jeff Lenoce
2801,Leslie Bais
2802,Shad Carroll
2803,Jeffrey Goldenberg
2804,Stéphane Eichende
2805,Paul Logan
2806,Volker Metzger
2807,Marcus Petruska
2808,Levan Papiashvili
2809,Jean-Christophe Febbrari
2810,Colin Korbelas
2811,Jocelyn Jackson
2812,Bianca Baccarat
2813,Alicja Francis
2814,Michi Albin
2815,John LaMotta
2816,Judd Laurance
2817,So Yamanaka
2818,David Skoog
2819,Tanoai Reed
2820,Flannan Obé
2821,Elie Badra
2822,Kevin Dunn
2823,Fausan Abouharia
2824,Mark Ellis
2825,Bobby Sylvia
2826,Guillermo Colmenar
2827,Michael Bierman
2828,Olivier Pagès
2829,The Boss
2830,Vaelia Cassandra Pleña
2831,Mick Lauer
2832,Guruzne Gómez
2833,Dion Chow
2834,Stephen Blackehart
2835,Jamie Donahue
2836,Eddie Duarte
2837,Jason Bagao
2838,Nicole
2839,Ricky Laura
2840,Mark Lewis
2841,Patrik Liljecrantz
2842,Ken Samuels
2843,Arlos Chodwell
2844,Nicco Lorenzo Garcia
2845,Vince Cecere
2846,Krystal
2847,Clare Kramer
2848,Frédéric Scott
2849,Billy Gawrych
2850,Alex Castillo
2851,Tero Autero
2852,Dave Clayton
2853,Gichi Gamba
2854,Mike Cordova
2855,Elsa Tristan
2856,Paco Farias
2857,Lukas Bennike
2858,Telohraniteljka I
2859,George Faughnan
2860,Jon Sun
2861,Philippe Kron
2862,Ignacio Márquez
2863,Bob Levine
2864,Black Mummy 'Human Shield'
2865,Chris Kroell
2866,James DeForest Parker
2867,Carson Nattrass
2868,Eric Ziemann
2869,Mathis Landwehr
2870,Mary Nieves
2871,Walter Scott
2872,Brett Madden
2873,Marx Maranhão
2874,Chris Moss
2875,Tomas Milian
2876,Domingo López
2877,Scoot McNairy
2878,Thelmo Fernandes
2879,Ziina
2880,Douglas Leon
2881,Aristide Burgonde
2882,Touko Aoyama
2883,Sonny Killingback
2884,Daniel Røstastuen
2885,Yves Steichen
2886,Carolyn West
2887,Barbara Behrendt
2888,Doug Jones
2889,James Donath
2890,John Churchill
2891,Justin Schalk
2892,Ile Eronen
2893,Justin Spurlock
2894,Lucas Vacanti
2895,Randall Wetzig
2896,Ilya Bazhko
2897,Tim Buttner
2898,John Fiorella
2899,Adam Price
2900,Bruce Peterson
2901,Thomas Place
2902,Adam Longworth
2903,Kubulla
2904,Roberto Abbati
2905,Alan Perestam
2906,Dana Stuart
2907,Brian Bannon
2908,Tadasuke Ohmizu
2909,Derek Carlson
2910,Sean Bunch
2911,Jo Pollard
2912,Jill Ritchie
2913,Hayes MacArthur
2914,Van Gunter
2915,Christian Monz
2916,Najib Oudghiri
2917,Justin Walker
2918,Uku Uusberg
2919,Tony Meehan
2920,Debbie Ferris
2921,Alan Davillier
2922,Dan Kaffana
2923,Victor Contreras
2924,Nadege Morel
2925,Jung Kim
2926,Forrest Seward
2927,Steve Snethkamp
2928,Matt Mickey
2929,Tony Severio
2930,Jens
2931,Jonathan Cox
2932,Adrienn Herczeg
2933,Wayne Fields
2934,Philippe Dussol
2935,Michael Graham
2936,Homem Relâmpago
2937,Napo
2938,Jeff Bereece
2939,Edouard Chapuis
2940,Rick Gomez
2941,Miles Bond
2942,Jon Tamboro
2943,Sandro Sugijapranata
2944,Fernando Arreza
2945,David Fernández
2946,Manny Ramirez
2947,Connor McGrath
2948,Fred Ribeiro
2949,Chip Chuipka
2950,Elias Assad
2951,Rodrigo Salazar
2952,Lauri Lippmaa
2953,Andy Prior
2954,Gerald Morales
2955,Gary Owens
2956,Sandrine Harris
2957,Alejandro Álvarez
2958,Mark A. Brown
2959,Jordan Noce
2960,Li Jing
2961,Eric Cullet
2962,Gary Paylor
2963,Michelle Ingkavet
2964,Fabrice Robert
2965,Johnson Phan
2966,Cynthia Evans
2967,Jack Aaron
2968,Eric Stonestreet
2969,Erik Tranquelin
2970,Rubén Castro
2971,Ricardo Petráglia
2972,Melinda Allen
2973,Paul Oppio
2974,D. Wesson
2975,Bobby Garcia
2976,Antti Saira
2977,Pamela Adlon
2978,Romain Chesnel
2979,Sheree J. Wilson
2980,Sam Chanse
2981,Marin Rumbelow
2982,Othon Bastos
2983,Dennis W. Hall
2984,Adam Smith
2985,Alex Weller
2986,Scott Adkins
2987,Martin McDougall
2988,Steve Carell
2989,Kevin Thomas
2990,Geneva Bagao
2991,Iridia Salazar
2992,Cristian Cipolletti
2993,Will Fonseca
2994,Aaron Lear
2995,Alcider Carlevaris
2996,Abdel-Aziz Essayed
2997,Will Zukewich
2998,Cindy Clark
2999,Coolio
3000,Gordon Terrell
3001,Austin the Dog
3002,Martin Scheuthle
3003,Jeff Ryan
3004,Karl Warnham
3005,Scott Stewart
3006,Amir AboulEla
3007,Nermin Ahmetovic
3008,Andy Gosche
3009,Joe Goljan
3010,Chris Comeaux
3011,Jorge Onieva
3012,Kelsi Mayne
3013,William Walker
3014,Frédéric Millan
3015,Chad Brokaw
3016,Andrés Lazo
3017,Stephanie Kwong
3018,Max Kristiansson
3019,Francisco Helio
3020,James LeQuang
3021,Judit Fodor
3022,John Roby
3023,Jonas Angermo
3024,Christian Snell
3025,Phil Bellanger
3026,Michael O'Hearn
3027,Leslie Intriago
3028,Alessandro Romani
3029,Brian Corder
3030,Amy Blomquist
3031,Dániel Papp
3032,Andrés Díaz
3033,Balthazar Kaufmann
3034,Lisa Bice
3035,Peter James Farrar
3036,Benjamin Richard
3037,Barry Gray
3038,Alfredo Limongi
3039,Saginaw Grant
3040,Toby S. Pruett
3041,Alessandra Richiardi
3042,Roman Knizka
3043,Paul Nguyen
3044,Kôsuke Okano
3045,Laura Durant
3046,Tom Sminky
3047,Thibaut Corrion
3048,Kitty Contreras
3049,Patrick Cupo
3050,Claes Åhström
3051,Andrew Koenig
3052,Jonny Triviani
3053,Andy Bourque
3054,Brandon Richards
3055,Peter Vasquez
3056,Jarrod Bunch
3057,Bobby D'Amico
3058,Chris Bridgewater
3059,Melih Dilsiz
3060,Brooke Johnson
3061,John Placencia
3062,Chad Volpe
3063,Hedy Burress
3064,Gemma Moresco
3065,Mark Brown
3066,Angelo Ragusa
3067,Arne Witt
3068,Brendan McNamara
3069,Brandon Talbert
3070,Andrew Scott McIntyre
3071,Ronald Ramessar
3072,Nobuo Tobita
3073,Antti Reini
3074,Khanh
3075,Garrett Jackman
3076,Jérôme Godard
3077,Jeff Biancalana
3078,Henry Pile
3079,Motoko Kumai
3080,John Dayton
3081,Jamie Scavone
3082,Derek Lee
3083,Carlos Herrera
3084,Trenton Stuart Jones
3085,Madonna
3086,Gary 'Si-Jo' Foo
3087,Anibal Oyarce
3088,Adrian Foiadelli
3089,Chiharu Niiyama
3090,Don Wallace
3091,Camilla Granasen
3092,Cory Lee
3093,Zak Lee
3094,Bjorn Mortensen
3095,The Girl
3096,Seth Flynn
3097,Gilbas Piva
3098,Rock Machine
3099,Maia Gurabanidze
3100,Sami Addala
3101,Ken Bell
3102,Youri Pommepuy
3103,Ross Holland
3104,Bob Zache
3105,Wu Lifang
3106,Rosalia Greenberg
3107,pijanac Steva
3108,Nicholas Romano
3109,Greg Irwin
3110,Kerry Wong
3111,Daniel Quek
3112,Kevin Rolston
3113,Fele Pastor
3114,Taylor Zito
3115,Balázs Szöllöskei
3116,Steve Simard
3117,Jonathan Popalis
3118,François Nguyen
3119,Solomon Garay
3120,JP Sarro
